,Impute_Mode__SatisfactionScore,Impute_Median__DaysSinceLastLogin,Impute_Median__TotalSpend,Ordinal__InternetPlan,OneHot__HasFamilyPlan_Yes,OneHot__AutoPayment_Yes,OneHot__ContractType_OneYear,OneHot__ContractType_TwoYear,remainder__TenureMonths,remainder__SupportCalls,remainder__AvgWatchHours,remainder__PaymentDelayDays,remainder__NumberOfDevices,Churn
0,8.0,9.7,42204.42,1.0,1.0,1.0,1.0,0.0,29.0,4.0,16.46,1.84,4.0,0
1,2.0,3.09,125739.74,1.0,1.0,1.0,1.0,0.0,52.0,2.0,14.31,0.58,1.0,0
2,3.0,4.87,84607.4,1.0,0.0,0.0,0.0,0.0,31.0,2.0,13.18,0.06,1.0,0
3,6.0,2.42,24827.02,0.0,0.0,0.0,0.0,0.0,13.0,8.0,20.08,1.41,3.0,0
4,3.0,17.66,90173.41,1.0,1.0,1.0,0.0,0.0,36.0,1.0,11.64,1.59,2.0,0
5,4.0,16.35,48607.45,0.0,1.0,1.0,0.0,0.0,30.0,1.0,8.32,1.12,2.0,0
6,10.0,12.33,50054.22,1.0,0.0,1.0,0.0,0.0,27.0,4.0,21.45,4.12,5.0,0
7,6.0,7.52,75675.43,1.0,1.0,1.0,1.0,0.0,31.0,4.0,19.28,5.79,2.0,0
8,7.0,7.58,22134.64,2.0,1.0,1.0,0.0,0.0,29.0,2.0,4.43,2.88,3.0,0
9,5.0,5.16,253254.72000000003,2.0,0.0,1.0,1.0,0.0,43.0,6.0,8.02,0.7,4.0,0
10,5.0,38.62,94312.81,0.0,0.0,1.0,1.0,0.0,49.0,4.0,7.15,0.23,3.0,0
11,1.0,2.34,31027.32,0.0,0.0,0.0,0.0,0.0,18.0,2.0,10.58,0.1,5.0,0
12,2.0,3.23,64836.24,0.0,1.0,0.0,0.0,0.0,56.0,6.0,10.19,1.9,5.0,0
13,9.0,8.22,13268.65,0.0,1.0,0.0,1.0,0.0,21.0,5.0,12.83,2.25,4.0,0
14,7.0,2.65,154741.36,1.0,0.0,0.0,0.0,1.0,59.0,4.0,13.57,0.73,3.0,0
15,6.0,2.07,43827.41,0.0,0.0,1.0,0.0,0.0,24.0,3.0,13.58,0.73,5.0,0
16,1.0,12.37,11160.09,1.0,0.0,1.0,1.0,0.0,15.0,3.0,4.98,5.05,3.0,0
17,7.0,6.02,-12402.97,0.0,1.0,1.0,0.0,0.0,2.0,3.0,10.07,1.98,4.0,0
18,5.0,21.32,109736.82,0.0,0.0,1.0,0.0,1.0,42.0,4.0,9.48,4.99,3.0,0
19,10.0,6.08,50054.22,2.0,0.0,0.0,0.0,0.0,34.0,5.0,10.08,9.56,5.0,0
20,7.0,0.27,-7925.21,2.0,1.0,0.0,1.0,0.0,2.0,2.0,10.12,4.5,2.0,0
21,8.0,0.84,27683.68,2.0,0.0,1.0,0.0,0.0,17.0,1.0,16.73,0.98,2.0,0
22,6.0,6.09,80011.29,1.0,1.0,0.0,0.0,0.0,33.0,3.0,16.05,0.13,5.0,0
23,4.0,7.5,36593.58,0.0,1.0,0.0,0.0,0.0,38.0,2.0,17.95,4.43,4.0,0
24,7.0,16.88,22478.27,1.0,0.0,1.0,0.0,0.0,9.0,5.0,17.08,2.4,3.0,0
25,5.0,4.12,50054.22,1.0,1.0,0.0,0.0,0.0,59.0,3.0,13.34,2.08,5.0,0
26,3.0,2.77,5899.6,1.0,0.0,1.0,0.0,0.0,9.0,4.0,11.68,0.57,5.0,0
27,7.0,2.12,76158.71,0.0,0.0,0.0,1.0,0.0,46.0,1.0,19.43,1.39,3.0,0
28,8.0,20.62,120769.12,0.0,0.0,0.0,0.0,0.0,46.0,6.0,10.93,1.75,1.0,0
29,2.0,1.56,138876.35,1.0,0.0,1.0,1.0,0.0,51.0,6.0,16.52,1.88,4.0,0
30,7.0,5.65,76643.98,2.0,1.0,1.0,0.0,1.0,55.0,3.0,6.87,4.56,4.0,0
31,7.0,3.31,24098.78,1.0,1.0,1.0,0.0,0.0,23.0,3.0,13.51,0.51,3.0,0
32,1.0,3.4,1298.32,1.0,1.0,0.0,0.0,0.0,7.0,1.0,13.27,2.72,1.0,0
33,10.0,9.82,19979.74,1.0,0.0,1.0,1.0,0.0,9.0,4.0,10.65,4.72,3.0,0
34,8.0,4.28,46289.27,1.0,0.0,1.0,0.0,0.0,15.0,4.0,10.63,0.11,2.0,0
35,2.0,9.77,30920.65,1.0,1.0,0.0,1.0,0.0,48.0,1.0,17.11,1.11,5.0,0
36,3.0,12.48,50054.22,1.0,1.0,1.0,0.0,0.0,51.0,1.0,13.91,3.38,2.0,0
37,7.0,1.76,143847.02,1.0,1.0,1.0,0.0,1.0,60.0,3.0,19.33,0.05,3.0,0
38,7.0,0.39,32212.97,1.0,0.0,1.0,0.0,1.0,44.0,2.0,14.28,10.31,4.0,0
39,3.0,4.41,53816.67,0.0,0.0,0.0,1.0,0.0,30.0,2.0,11.83,4.0,3.0,0
40,2.0,1.56,138876.35,1.0,0.0,1.0,1.0,0.0,51.0,6.0,16.52,1.88,4.0,0
41,7.0,0.97,61550.95,0.0,0.0,1.0,0.0,0.0,26.0,2.0,21.51,0.0,3.0,0
42,3.0,1.54,58128.41,0.0,1.0,1.0,0.0,0.0,31.0,2.0,22.39,2.25,3.0,0
43,3.0,3.43,19615.86,1.0,1.0,1.0,0.0,1.0,40.0,4.0,14.06,1.1,2.0,0
44,7.0,4.63,96855.88,1.0,0.0,1.0,0.0,1.0,40.0,0.0,15.31,10.53,5.0,0
45,3.0,60.0,56223.84,1.0,0.0,1.0,0.0,0.0,55.0,0.0,12.01,0.87,3.0,0
46,7.0,3.78,80161.47,1.0,0.0,1.0,0.0,1.0,53.0,5.0,8.6,1.9,2.0,0
47,5.0,4.52,77813.59,2.0,0.0,0.0,0.0,0.0,29.0,3.0,8.79,0.19,4.0,0
48,5.0,0.08,33461.93,0.0,0.0,1.0,1.0,0.0,32.0,3.0,13.21,2.94,1.0,0
49,4.0,1.94,27084.39,2.0,0.0,0.0,1.0,0.0,13.0,4.0,13.89,1.04,1.0,0
50,9.0,14.4,62909.47,1.0,0.0,0.0,1.0,0.0,25.0,3.0,19.88,3.01,2.0,0
51,4.0,11.1,153250.26,1.0,1.0,1.0,1.0,0.0,47.0,5.0,9.89,1.19,4.0,0
52,2.0,4.78,28490.93,1.0,1.0,1.0,0.0,1.0,19.0,4.0,9.86,0.63,5.0,0
53,6.0,10.6,44481.23,1.0,1.0,0.0,0.0,0.0,59.0,4.0,7.01,7.24,2.0,0
54,8.0,4.54,46373.48,0.0,0.0,0.0,0.0,0.0,41.0,1.0,8.3,0.16,2.0,0
55,6.0,2.58,51600.96,2.0,0.0,1.0,0.0,0.0,21.0,5.0,7.56,3.79,5.0,1
56,4.0,7.18,49586.81,1.0,0.0,0.0,0.0,0.0,30.0,2.0,8.05,6.63,5.0,0
57,4.0,6.36,29914.99,1.0,1.0,1.0,0.0,0.0,41.0,3.0,11.48,0.58,2.0,0
58,1.0,2.85,86129.78,0.0,0.0,1.0,1.0,0.0,45.0,4.0,13.17,1.29,3.0,0
59,10.0,7.97,55174.31,2.0,0.0,0.0,0.0,0.0,56.0,6.0,7.14,1.81,2.0,0
60,5.0,29.05,11156.79,0.0,0.0,1.0,1.0,0.0,5.0,1.0,10.27,2.19,2.0,0
61,3.0,5.16,146895.78,0.0,0.0,1.0,0.0,0.0,59.0,3.0,9.45,4.02,5.0,0
62,7.0,7.54,90023.26,2.0,1.0,1.0,0.0,0.0,43.0,3.0,11.66,0.53,2.0,0
63,2.0,12.83,78352.5,1.0,0.0,1.0,0.0,0.0,37.0,1.0,9.19,1.92,5.0,0
64,2.0,11.37,12209.27,2.0,1.0,1.0,1.0,0.0,14.0,3.0,12.43,3.4,1.0,0
65,5.0,5.09,78678.34,1.0,0.0,0.0,0.0,0.0,33.0,3.0,19.18,0.89,1.0,0
66,4.0,0.36,50054.22,0.0,0.0,0.0,0.0,1.0,34.0,2.0,14.93,12.41,4.0,0
67,3.0,16.76,29047.69,0.0,1.0,0.0,0.0,0.0,2.0,2.0,21.59,2.61,2.0,1
68,8.0,12.33,86324.1,2.0,0.0,0.0,0.0,0.0,53.0,3.0,8.19,0.32,1.0,0
69,8.0,1.25,124883.07,2.0,1.0,0.0,0.0,0.0,57.0,0.0,13.2,6.41,2.0,0
70,7.0,0.33,58601.35,0.0,0.0,0.0,0.0,0.0,31.0,3.0,7.77,0.1,3.0,0
71,7.0,14.23,116841.11,0.0,1.0,1.0,0.0,1.0,42.0,6.0,8.8,2.4,4.0,0
72,1.0,1.34,66702.44,0.0,0.0,0.0,0.0,0.0,33.0,2.0,8.42,5.36,4.0,0
73,7.0,2.79,62617.16,1.0,0.0,0.0,0.0,0.0,18.0,5.0,15.02,9.33,4.0,0
74,2.0,6.18,81590.89,0.0,1.0,1.0,0.0,1.0,38.0,2.0,8.31,1.95,2.0,0
75,3.0,0.71,74588.15,0.0,0.0,0.0,0.0,0.0,37.0,4.0,9.63,2.67,3.0,1
76,9.0,0.09,310.11,1.0,1.0,0.0,0.0,0.0,8.0,6.0,11.05,6.4,4.0,0
77,5.0,2.08,18625.85,2.0,1.0,0.0,1.0,0.0,8.0,6.0,17.38,0.82,2.0,0
78,4.0,14.51,90263.36,1.0,0.0,1.0,0.0,0.0,41.0,0.0,26.33,2.87,3.0,0
79,5.0,0.98,63594.94,1.0,1.0,1.0,0.0,0.0,24.0,2.0,18.42,3.51,3.0,0
80,4.0,8.21,47981.41,0.0,0.0,1.0,1.0,0.0,33.0,1.0,15.56,0.07,5.0,0
81,1.0,9.99,103441.94,2.0,0.0,0.0,1.0,0.0,57.0,0.0,12.85,0.36,5.0,0
82,7.0,3.02,65030.0,0.0,1.0,0.0,1.0,0.0,37.0,3.0,19.87,11.94,2.0,0
83,8.0,12.48,164802.57,0.0,0.0,0.0,0.0,0.0,46.0,1.0,15.88,11.65,5.0,0
84,2.0,9.44,40669.34,1.0,0.0,0.0,0.0,0.0,38.0,3.0,11.63,0.98,2.0,0
85,8.0,0.13,5027.5,2.0,1.0,0.0,0.0,0.0,18.0,2.0,11.65,0.26,3.0,0
86,5.0,6.11,93739.08,0.0,0.0,1.0,0.0,0.0,59.0,2.0,7.61,0.5,1.0,0
87,3.0,0.64,103333.41,0.0,0.0,1.0,0.0,0.0,57.0,5.0,5.26,0.24,5.0,0
88,5.0,0.14,140531.32,1.0,0.0,0.0,0.0,0.0,51.0,2.0,20.19,3.55,1.0,0
89,8.0,19.33,12485.3,1.0,1.0,1.0,0.0,1.0,9.0,4.0,17.61,0.57,5.0,0
90,7.0,8.72,46051.95,2.0,1.0,1.0,0.0,0.0,38.0,4.0,13.41,4.81,3.0,0
91,7.0,1.89,4922.63,1.0,1.0,1.0,0.0,1.0,5.0,6.0,15.85,0.62,1.0,0
92,8.0,18.02,7177.36,1.0,1.0,0.0,0.0,1.0,10.0,2.0,2.39,0.84,1.0,0
93,4.0,15.52,121363.81,1.0,0.0,0.0,0.0,0.0,44.0,3.0,12.57,2.41,3.0,0
94,4.0,16.71,122179.73,0.0,1.0,1.0,0.0,1.0,55.0,4.0,17.08,1.21,3.0,0
95,8.0,0.72,24686.58,1.0,1.0,0.0,0.0,0.0,26.0,1.0,13.67,5.51,5.0,0
96,4.0,2.72,38500.5,1.0,0.0,1.0,0.0,0.0,38.0,2.0,7.81,7.88,5.0,0
97,1.0,1.12,22496.04,1.0,1.0,1.0,0.0,1.0,1.0,3.0,3.31,0.12,5.0,0
98,7.0,6.36,50054.22,0.0,1.0,1.0,0.0,1.0,6.0,4.0,7.54,0.62,4.0,0
99,2.0,3.73,82859.42,0.0,0.0,1.0,0.0,0.0,53.0,3.0,12.63,6.12,1.0,0
100,10.0,2.04,11875.13,2.0,1.0,1.0,1.0,0.0,10.0,1.0,21.83,0.29,2.0,0
101,8.0,14.49,52251.93,0.0,0.0,0.0,0.0,0.0,25.0,2.0,11.87,0.18,4.0,0
102,7.0,12.4,24059.36,0.0,0.0,0.0,0.0,0.0,26.0,1.0,19.48,0.23,4.0,0
103,3.0,1.0,47207.93,0.0,1.0,0.0,1.0,0.0,25.0,6.0,13.53,6.51,4.0,0
104,8.0,1.45,104426.37,1.0,1.0,1.0,1.0,0.0,38.0,4.0,18.25,0.29,5.0,0
105,6.0,5.12,43115.33,2.0,1.0,1.0,1.0,0.0,28.0,2.0,6.41,0.3,1.0,0
106,7.0,6.31,88409.22,1.0,0.0,1.0,1.0,0.0,48.0,3.0,14.22,2.45,1.0,0
107,5.0,18.71,50054.22,1.0,0.0,0.0,0.0,0.0,52.0,2.0,16.63,1.02,4.0,0
108,2.0,5.65,69706.12,1.0,1.0,0.0,0.0,0.0,48.0,3.0,12.5,0.5,3.0,0
109,7.0,0.68,50752.42,1.0,0.0,0.0,0.0,0.0,25.0,6.0,11.27,2.82,1.0,0
110,6.0,2.72,66670.66,2.0,1.0,1.0,0.0,0.0,38.0,2.0,8.29,12.73,3.0,0
111,3.0,2.63,50054.22,2.0,1.0,1.0,0.0,0.0,28.0,1.0,13.91,4.15,4.0,0
112,2.0,2.45,11655.3,1.0,1.0,0.0,0.0,0.0,17.0,4.0,14.07,2.37,1.0,0
113,8.0,16.5,9391.62,1.0,0.0,1.0,1.0,0.0,15.0,4.0,3.91,1.6,4.0,0
114,7.0,2.0,34952.88,0.0,0.0,0.0,1.0,0.0,15.0,2.0,13.28,2.33,4.0,0
115,7.0,23.75,38665.49,0.0,0.0,1.0,0.0,1.0,9.0,3.0,20.4,0.04,1.0,0
116,9.0,1.66,15351.56,1.0,0.0,0.0,0.0,0.0,13.0,2.0,11.71,0.39,1.0,0
117,7.0,21.07,17377.1,2.0,0.0,1.0,0.0,0.0,1.0,4.0,18.86,1.63,2.0,1
118,4.0,0.25,38451.5,1.0,0.0,0.0,0.0,1.0,9.0,3.0,19.6,1.3,3.0,0
119,9.0,7.39,63379.09,0.0,0.0,1.0,0.0,0.0,51.0,6.0,9.71,0.17,3.0,0
120,6.0,12.18,39391.26,0.0,1.0,1.0,0.0,0.0,11.0,5.0,6.61,2.21,1.0,1
121,9.0,8.33,16430.14,0.0,1.0,0.0,0.0,0.0,6.0,1.0,17.7,0.59,2.0,0
122,10.0,10.47,-712.76,1.0,0.0,1.0,0.0,0.0,6.0,2.0,13.64,1.13,3.0,0
123,2.0,5.8,103168.27,1.0,1.0,1.0,0.0,0.0,36.0,3.0,9.04,3.05,4.0,0
124,6.0,45.79,93479.57,1.0,0.0,1.0,1.0,0.0,34.0,2.0,6.72,5.03,3.0,0
125,1.0,14.0,50054.22,0.0,0.0,0.0,0.0,0.0,47.0,2.0,12.45,2.74,5.0,0
126,5.0,22.77,35039.4,1.0,0.0,1.0,0.0,1.0,24.0,4.0,17.15,8.47,3.0,0
127,2.0,8.89,32683.32,0.0,1.0,1.0,0.0,0.0,47.0,2.0,11.02,5.01,5.0,0
128,7.0,6.02,92069.2,2.0,0.0,0.0,0.0,0.0,25.0,4.0,12.71,0.63,5.0,0
129,2.0,15.1,26991.11,0.0,0.0,1.0,0.0,0.0,14.0,2.0,2.63,1.18,1.0,0
130,5.0,8.92,110808.2,0.0,0.0,1.0,0.0,0.0,29.0,1.0,10.44,1.77,3.0,0
131,6.0,0.75,66702.99,1.0,0.0,1.0,0.0,0.0,28.0,5.0,8.34,1.59,3.0,0
132,10.0,3.96,3628.12,1.0,0.0,1.0,0.0,0.0,11.0,3.0,6.11,1.36,2.0,0
133,8.0,9.11,191190.53,1.0,1.0,1.0,1.0,0.0,57.0,0.0,14.09,4.31,5.0,0
134,7.0,4.28,29897.48,0.0,0.0,1.0,1.0,0.0,20.0,2.0,6.21,0.49,5.0,0
135,4.0,5.47,6634.53,0.0,0.0,1.0,0.0,0.0,3.0,3.0,11.84,4.86,3.0,0
136,9.0,18.11,49604.97,2.0,1.0,1.0,0.0,0.0,58.0,3.0,18.05,0.54,1.0,0
137,7.0,0.44,50023.91,2.0,0.0,0.0,0.0,0.0,29.0,7.0,10.99,0.49,2.0,0
138,7.0,4.23,21492.54,1.0,1.0,1.0,0.0,0.0,12.0,4.0,15.96,1.33,5.0,0
139,4.0,5.64,66510.4,1.0,0.0,0.0,0.0,0.0,32.0,1.0,10.65,6.03,5.0,0
140,8.0,8.16,86261.25,2.0,0.0,1.0,0.0,0.0,60.0,2.0,11.09,2.35,5.0,0
141,10.0,9.37,12182.32,2.0,1.0,1.0,0.0,0.0,11.0,4.0,8.03,1.1,5.0,0
142,6.0,2.96,117239.1,1.0,1.0,1.0,1.0,0.0,54.0,3.0,3.74,2.93,4.0,0
143,6.0,3.26,62357.42,0.0,1.0,0.0,0.0,1.0,52.0,3.0,7.18,0.34,2.0,0
144,9.0,1.27,19862.42,1.0,0.0,1.0,1.0,0.0,13.0,2.0,14.06,0.97,4.0,0
145,10.0,1.51,108745.05,1.0,0.0,1.0,0.0,0.0,48.0,4.0,6.7,1.68,4.0,0
146,7.0,7.33,1431.57,0.0,1.0,1.0,0.0,1.0,2.0,2.0,6.15,0.71,1.0,0
147,8.0,13.46,3120.71,0.0,1.0,1.0,0.0,0.0,1.0,2.0,11.45,0.4,2.0,0
148,6.0,20.65,15506.16,0.0,0.0,1.0,0.0,0.0,22.0,3.0,6.8,5.81,1.0,0
149,2.0,5.65,4843.54,2.0,1.0,1.0,1.0,0.0,7.0,4.0,21.86,1.24,1.0,0
150,7.0,1.09,24979.83,1.0,0.0,1.0,1.0,0.0,37.0,2.0,1.95,0.19,3.0,0
151,3.0,21.15,64560.77,1.0,0.0,0.0,1.0,0.0,36.0,1.0,9.65,1.3,2.0,0
152,10.0,14.44,95997.91,1.0,0.0,0.0,0.0,0.0,37.0,2.0,15.75,4.59,5.0,0
153,1.0,1.49,185444.64,1.0,1.0,1.0,0.0,1.0,59.0,3.0,16.25,3.05,3.0,0
154,4.0,3.85,67785.43,1.0,0.0,1.0,0.0,0.0,39.0,6.0,17.51,0.72,4.0,0
155,6.0,17.04,-5368.45,1.0,0.0,1.0,1.0,0.0,5.0,1.0,17.6,1.91,4.0,0
156,5.0,5.36,23645.05,1.0,1.0,0.0,0.0,0.0,39.0,2.0,8.84,2.3,4.0,0
157,2.0,7.95,5419.65,1.0,0.0,0.0,0.0,0.0,2.0,4.0,13.3,3.37,2.0,0
158,10.0,9.01,29358.29,1.0,0.0,1.0,1.0,0.0,9.0,1.0,13.32,2.13,3.0,0
159,2.0,13.79,10530.2,2.0,0.0,1.0,0.0,0.0,2.0,1.0,8.61,6.23,5.0,0
160,10.0,34.13,110816.53,1.0,0.0,0.0,0.0,0.0,43.0,4.0,20.26,1.03,5.0,0
161,7.0,7.86,40743.39,1.0,1.0,0.0,0.0,0.0,54.0,0.0,18.94,3.15,3.0,0
162,7.0,3.58,19640.34,0.0,1.0,0.0,0.0,1.0,8.0,3.0,11.71,5.67,3.0,0
163,2.0,2.92,44807.8,2.0,0.0,0.0,0.0,0.0,22.0,2.0,9.54,3.7,2.0,0
164,3.0,4.49,51609.6,1.0,0.0,1.0,1.0,0.0,27.0,2.0,9.22,0.22,5.0,0
165,2.0,5.96,81878.53,1.0,0.0,1.0,0.0,0.0,30.0,2.0,10.87,5.97,1.0,0
166,8.0,14.64,34498.95,1.0,0.0,1.0,0.0,0.0,17.0,3.0,16.88,5.16,2.0,0
167,10.0,15.87,9808.92,1.0,1.0,1.0,0.0,1.0,24.0,2.0,19.47,0.2,4.0,0
168,5.0,5.65,47432.28,1.0,0.0,1.0,0.0,0.0,12.0,2.0,18.55,0.11,2.0,0
169,5.0,16.24,66252.29,1.0,0.0,0.0,0.0,0.0,28.0,3.0,10.42,5.58,2.0,0
170,6.0,9.56,135434.42,0.0,0.0,1.0,0.0,1.0,59.0,1.0,5.57,1.74,3.0,0
171,3.0,1.88,70985.01,0.0,0.0,0.0,0.0,0.0,53.0,5.0,10.33,3.42,2.0,0
172,4.0,1.99,4831.05,0.0,1.0,0.0,0.0,1.0,16.0,4.0,5.34,1.71,3.0,0
173,9.0,8.66,56019.35,1.0,1.0,0.0,0.0,0.0,34.0,2.0,7.22,0.72,4.0,0
174,7.0,4.84,36546.87,0.0,1.0,0.0,0.0,0.0,18.0,3.0,11.08,1.09,3.0,0
175,5.0,3.72,50054.22,1.0,0.0,0.0,0.0,0.0,8.0,3.0,20.65,0.95,3.0,0
176,8.0,0.76,121609.3,1.0,1.0,0.0,0.0,0.0,60.0,0.0,11.76,1.39,1.0,0
177,2.0,24.49,68887.43,1.0,0.0,1.0,0.0,0.0,39.0,1.0,9.55,1.4,3.0,0
178,7.0,15.61,92199.49,0.0,1.0,1.0,0.0,0.0,56.0,2.0,21.04,0.55,4.0,0
179,7.0,21.05,38854.65,1.0,1.0,1.0,1.0,0.0,33.0,3.0,7.06,11.51,3.0,0
180,4.0,3.32,92932.62,2.0,1.0,0.0,0.0,0.0,54.0,1.0,10.07,0.12,4.0,0
181,2.0,3.91,16569.28,0.0,0.0,1.0,0.0,0.0,6.0,4.0,15.04,0.33,5.0,1
182,4.0,14.39,3781.24,1.0,1.0,0.0,0.0,0.0,1.0,1.0,8.14,0.44,1.0,1
183,7.0,6.83,104838.94,0.0,1.0,0.0,0.0,0.0,51.0,1.0,15.11,1.25,5.0,0
184,2.0,22.55,56338.78,1.0,0.0,1.0,1.0,0.0,34.0,2.0,10.37,2.69,2.0,0
185,5.0,17.59,-1946.21,0.0,0.0,1.0,1.0,0.0,17.0,3.0,12.39,12.27,2.0,0
186,7.0,12.46,125523.11,1.0,1.0,1.0,0.0,1.0,43.0,2.0,17.52,2.11,3.0,0
187,2.0,4.13,55060.63,0.0,0.0,1.0,0.0,0.0,21.0,3.0,9.95,6.46,3.0,0
188,8.0,15.43,50054.22,1.0,0.0,1.0,1.0,0.0,22.0,4.0,10.76,2.93,1.0,0
189,5.0,25.8,69134.89,2.0,0.0,1.0,0.0,1.0,54.0,2.0,18.57,14.34,5.0,0
190,4.0,5.4,56280.34,1.0,0.0,0.0,0.0,0.0,47.0,4.0,15.07,0.96,1.0,0
191,8.0,7.51,135108.75,1.0,0.0,1.0,0.0,0.0,60.0,2.0,18.19,1.08,4.0,0
192,5.0,3.75,130425.5,1.0,1.0,0.0,0.0,0.0,51.0,4.0,3.03,2.61,5.0,0
193,6.0,23.59,57999.26,0.0,0.0,1.0,0.0,0.0,50.0,2.0,10.77,0.36,4.0,0
194,9.0,4.53,-3354.6,2.0,1.0,0.0,0.0,0.0,40.0,4.0,18.57,0.36,3.0,0
195,4.0,4.9,-366.95,0.0,0.0,0.0,1.0,0.0,5.0,1.0,12.88,1.99,1.0,0
196,8.0,3.92,80831.21,2.0,0.0,0.0,0.0,1.0,50.0,1.0,10.37,0.16,5.0,0
197,10.0,1.15,28635.27,1.0,1.0,1.0,0.0,0.0,12.0,5.0,8.7,4.52,2.0,0
198,1.0,0.59,6688.82,0.0,0.0,0.0,0.0,0.0,14.0,3.0,11.43,0.65,3.0,0
199,5.0,16.59,33382.35,0.0,1.0,1.0,0.0,1.0,30.0,5.0,12.3,2.86,5.0,0
200,1.0,3.0,47528.58,0.0,0.0,0.0,0.0,0.0,54.0,7.0,5.4,3.25,1.0,0
201,10.0,0.04,35116.24,0.0,0.0,1.0,0.0,0.0,24.0,2.0,9.25,0.43,5.0,0
202,10.0,10.78,47489.72,2.0,1.0,1.0,0.0,0.0,23.0,3.0,1.0,3.28,2.0,0
203,4.0,23.18,99334.62,1.0,0.0,1.0,0.0,0.0,59.0,1.0,1.0,4.72,1.0,0
204,7.0,18.87,105310.57,0.0,0.0,1.0,0.0,1.0,32.0,3.0,1.76,0.24,3.0,0
205,1.0,15.64,79776.86,2.0,0.0,1.0,0.0,0.0,60.0,4.0,10.01,1.22,4.0,0
206,10.0,11.58,13223.07,0.0,0.0,0.0,0.0,0.0,15.0,2.0,24.99,0.49,2.0,0
207,1.0,9.91,87439.8,0.0,0.0,1.0,0.0,0.0,45.0,2.0,12.63,6.36,4.0,0
208,3.0,25.56,35846.04,1.0,0.0,1.0,1.0,0.0,22.0,1.0,14.37,0.46,2.0,0
209,2.0,15.41,16791.48,0.0,1.0,1.0,0.0,0.0,19.0,4.0,11.2,0.65,3.0,0
210,7.0,0.7,11258.27,2.0,0.0,1.0,0.0,1.0,6.0,2.0,12.77,1.19,5.0,0
211,2.0,0.92,59846.1,0.0,0.0,0.0,1.0,0.0,23.0,3.0,10.12,2.59,2.0,0
212,1.0,0.31,217844.55,1.0,1.0,1.0,0.0,1.0,56.0,2.0,24.26,13.58,3.0,0
213,3.0,9.26,58632.65,1.0,1.0,1.0,1.0,0.0,29.0,2.0,7.59,2.46,5.0,0
214,2.0,5.65,109913.29,2.0,0.0,1.0,0.0,1.0,28.0,1.0,3.22,1.07,2.0,0
215,7.0,3.89,75735.84,0.0,0.0,0.0,1.0,0.0,46.0,1.0,17.42,2.45,1.0,0
216,10.0,3.19,82559.35,1.0,0.0,1.0,1.0,0.0,29.0,5.0,12.72,1.07,2.0,0
217,1.0,6.88,13127.76,2.0,1.0,1.0,0.0,0.0,33.0,5.0,5.82,3.33,1.0,0
218,4.0,5.65,57178.06,1.0,1.0,1.0,0.0,1.0,26.0,5.0,6.36,3.44,5.0,0
219,2.0,1.95,20859.46,1.0,0.0,1.0,0.0,0.0,31.0,3.0,11.84,0.56,2.0,0
220,1.0,5.48,127242.07,2.0,1.0,1.0,0.0,0.0,53.0,2.0,7.36,3.84,2.0,0
221,10.0,4.55,107717.81,0.0,0.0,1.0,0.0,0.0,58.0,3.0,7.36,1.47,2.0,0
222,2.0,4.99,106729.39,0.0,1.0,1.0,1.0,0.0,60.0,2.0,15.68,0.26,2.0,0
223,3.0,0.4,122398.75,1.0,0.0,0.0,0.0,0.0,54.0,4.0,13.18,0.12,4.0,0
224,1.0,1.46,54209.62,1.0,0.0,0.0,1.0,0.0,40.0,4.0,11.49,10.53,2.0,0
225,10.0,2.96,19972.5,1.0,1.0,0.0,0.0,0.0,36.0,5.0,9.82,11.34,3.0,0
226,7.0,2.94,16001.81,1.0,1.0,1.0,0.0,0.0,3.0,5.0,12.76,0.06,3.0,0
227,8.0,27.0,28612.21,1.0,0.0,1.0,0.0,0.0,37.0,5.0,11.71,0.74,2.0,0
228,5.0,7.58,121129.5,0.0,1.0,1.0,0.0,1.0,44.0,1.0,14.14,13.85,3.0,0
229,4.0,1.4,28212.21,1.0,1.0,0.0,0.0,0.0,22.0,0.0,6.11,4.79,2.0,0
230,5.0,1.2,24894.43,1.0,1.0,0.0,0.0,0.0,3.0,3.0,9.76,3.43,1.0,0
231,4.0,0.36,3211.55,0.0,0.0,0.0,0.0,1.0,3.0,6.0,23.59,10.73,2.0,0
232,9.0,9.91,54891.48,0.0,0.0,1.0,1.0,0.0,20.0,7.0,6.38,1.8,5.0,0
233,6.0,7.91,67162.01,1.0,0.0,0.0,0.0,1.0,45.0,3.0,6.91,2.48,4.0,0
234,7.0,20.42,86573.41,1.0,1.0,0.0,0.0,0.0,56.0,1.0,6.37,3.04,4.0,0
235,1.0,3.79,41582.1,1.0,0.0,1.0,0.0,1.0,53.0,4.0,13.32,5.1,5.0,0
236,5.0,4.66,86191.05,1.0,0.0,1.0,0.0,0.0,23.0,0.0,15.04,1.37,5.0,0
237,7.0,17.15,108418.95,0.0,1.0,1.0,1.0,0.0,37.0,4.0,7.33,1.23,3.0,1
238,5.0,2.19,-11865.37,0.0,0.0,0.0,0.0,0.0,6.0,4.0,11.06,5.06,1.0,1
239,4.0,0.41,37881.9,2.0,0.0,0.0,0.0,0.0,25.0,4.0,15.61,2.83,4.0,0
240,5.0,4.36,131645.71,2.0,1.0,1.0,1.0,0.0,51.0,6.0,10.47,13.55,3.0,0
241,6.0,5.98,80342.16,1.0,0.0,1.0,1.0,0.0,23.0,2.0,17.24,5.89,2.0,0
242,9.0,5.69,67752.4,1.0,0.0,1.0,0.0,1.0,55.0,0.0,12.69,18.96,4.0,0
243,7.0,16.18,52523.25,0.0,1.0,0.0,0.0,0.0,43.0,4.0,8.79,0.95,5.0,0
244,6.0,4.06,64204.95,1.0,0.0,1.0,0.0,1.0,37.0,4.0,13.48,5.95,1.0,0
245,4.0,5.93,74318.95,1.0,0.0,0.0,0.0,0.0,36.0,2.0,1.0,2.97,1.0,0
246,7.0,6.96,18556.81,1.0,0.0,1.0,0.0,0.0,45.0,4.0,16.89,6.78,1.0,0
247,2.0,23.54,162172.79,0.0,1.0,1.0,1.0,0.0,53.0,5.0,11.03,1.5,5.0,0
248,6.0,3.72,107334.17,2.0,0.0,0.0,0.0,0.0,37.0,3.0,10.61,6.97,1.0,0
249,6.0,11.34,190195.6,1.0,1.0,0.0,0.0,0.0,54.0,4.0,12.84,2.6,3.0,0
250,7.0,8.64,116682.13,0.0,0.0,1.0,0.0,0.0,44.0,0.0,9.36,2.7,5.0,0
251,3.0,8.83,5311.73,1.0,1.0,1.0,0.0,0.0,3.0,5.0,10.76,13.26,4.0,0
252,6.0,2.53,25697.21,1.0,1.0,1.0,0.0,0.0,4.0,7.0,4.79,8.24,5.0,1
253,8.0,2.25,46063.48,2.0,0.0,1.0,1.0,0.0,18.0,1.0,17.83,5.75,4.0,0
254,7.0,0.07,27213.05,2.0,0.0,1.0,1.0,0.0,25.0,2.0,10.9,0.2,4.0,0
255,5.0,16.63,8103.98,2.0,0.0,1.0,1.0,0.0,7.0,5.0,1.0,2.72,5.0,1
256,6.0,10.45,-4003.84,1.0,1.0,1.0,1.0,0.0,2.0,3.0,2.76,1.12,1.0,0
257,7.0,5.71,86950.87,2.0,1.0,1.0,1.0,0.0,44.0,2.0,7.3,9.3,2.0,0
258,8.0,15.14,9242.88,1.0,0.0,0.0,0.0,0.0,17.0,1.0,9.84,8.5,2.0,0
259,10.0,22.18,-11780.28,0.0,0.0,0.0,0.0,0.0,12.0,4.0,16.93,0.12,3.0,0
260,8.0,1.22,110273.51,1.0,0.0,1.0,1.0,0.0,60.0,2.0,12.27,3.19,3.0,0
261,3.0,16.76,87143.06999999999,0.0,1.0,0.0,0.0,0.0,2.0,4.0,21.59,2.61,2.0,1
262,7.0,3.49,12568.99,1.0,0.0,0.0,1.0,0.0,8.0,2.0,8.22,0.32,2.0,0
263,6.0,5.65,64901.03,1.0,1.0,0.0,0.0,0.0,26.0,3.0,10.84,5.64,2.0,0
264,2.0,5.08,35844.77,0.0,1.0,1.0,0.0,1.0,21.0,2.0,12.74,1.45,2.0,0
265,7.0,14.83,89690.45,1.0,1.0,1.0,0.0,1.0,47.0,7.0,18.5,0.15,4.0,0
266,2.0,16.37,58904.34,1.0,0.0,0.0,0.0,0.0,35.0,4.0,11.38,7.16,4.0,0
267,8.0,11.44,8727.63,0.0,1.0,0.0,1.0,0.0,7.0,2.0,9.28,4.34,1.0,0
268,2.0,3.32,64863.94,1.0,1.0,0.0,0.0,0.0,37.0,3.0,13.25,1.93,5.0,0
269,2.0,7.78,49208.39,1.0,0.0,1.0,0.0,1.0,42.0,5.0,23.05,0.59,3.0,0
270,7.0,3.08,85818.02,2.0,0.0,1.0,0.0,0.0,57.0,1.0,15.79,1.07,5.0,0
271,2.0,5.12,32263.54,1.0,0.0,0.0,0.0,0.0,25.0,3.0,4.35,1.04,3.0,0
272,4.0,10.04,50054.22,0.0,0.0,1.0,1.0,0.0,28.0,1.0,11.2,0.29,4.0,0
273,7.0,24.74,40016.62,2.0,0.0,1.0,0.0,0.0,17.0,5.0,20.64,5.79,1.0,0
274,7.0,7.82,124697.15,1.0,0.0,0.0,1.0,0.0,54.0,3.0,13.49,1.54,1.0,0
275,7.0,5.65,42455.53,2.0,0.0,1.0,0.0,0.0,44.0,2.0,9.47,0.19,4.0,0
276,2.0,15.88,50245.56,0.0,0.0,0.0,0.0,0.0,18.0,3.0,6.94,5.92,3.0,0
277,8.0,6.49,34745.55,1.0,0.0,1.0,0.0,0.0,29.0,1.0,8.91,2.53,5.0,0
278,7.0,1.13,13843.1,1.0,0.0,1.0,1.0,0.0,11.0,3.0,7.98,3.34,4.0,0
279,4.0,1.1,50054.22,0.0,0.0,1.0,0.0,0.0,43.0,6.0,9.65,10.98,2.0,0
280,10.0,3.63,103008.61,1.0,1.0,1.0,1.0,0.0,40.0,2.0,17.66,0.82,4.0,0
281,2.0,24.49,68887.43,1.0,0.0,1.0,0.0,0.0,39.0,1.0,9.55,1.4,3.0,0
282,1.0,14.77,51348.74,2.0,0.0,1.0,0.0,1.0,28.0,7.0,6.68,1.67,2.0,0
283,9.0,1.13,146700.46,0.0,1.0,1.0,0.0,1.0,58.0,3.0,9.76,2.34,3.0,0
284,1.0,6.51,25517.04,0.0,1.0,1.0,0.0,0.0,19.0,4.0,15.77,1.49,2.0,0
285,5.0,11.94,36132.14,2.0,1.0,0.0,0.0,0.0,23.0,1.0,18.82,14.5,2.0,0
286,4.0,4.69,80836.34,1.0,1.0,0.0,0.0,0.0,47.0,4.0,11.2,2.83,2.0,0
287,10.0,7.42,86460.47,1.0,0.0,0.0,0.0,0.0,56.0,8.0,16.27,1.41,4.0,0
288,3.0,11.73,-5533.28,2.0,0.0,0.0,0.0,0.0,9.0,3.0,17.56,4.52,4.0,0
289,6.0,0.97,105865.8,0.0,0.0,1.0,1.0,0.0,49.0,2.0,7.52,1.2,1.0,0
290,10.0,2.7,88102.94,2.0,0.0,1.0,0.0,0.0,37.0,3.0,13.69,1.42,4.0,0
291,10.0,8.96,10333.94,0.0,1.0,0.0,1.0,0.0,33.0,2.0,15.22,7.38,2.0,0
292,10.0,6.74,110942.34,2.0,0.0,1.0,0.0,0.0,50.0,3.0,8.25,1.68,5.0,0
293,4.0,7.48,130808.57,0.0,1.0,1.0,1.0,0.0,50.0,1.0,12.59,3.44,5.0,0
294,3.0,2.44,24476.4,2.0,0.0,1.0,1.0,0.0,4.0,1.0,16.81,5.32,4.0,0
295,3.0,5.24,7193.29,0.0,0.0,1.0,0.0,0.0,10.0,5.0,1.4,2.67,5.0,0
296,7.0,5.65,40557.46,0.0,0.0,1.0,0.0,0.0,17.0,4.0,2.32,2.0,2.0,0
297,1.0,19.24,614.17,1.0,0.0,1.0,1.0,0.0,19.0,3.0,8.39,1.26,2.0,0
298,4.0,6.07,36271.22,1.0,0.0,1.0,0.0,0.0,14.0,3.0,13.17,0.96,2.0,0
299,5.0,6.42,12328.96,1.0,0.0,1.0,1.0,0.0,20.0,1.0,3.16,0.48,3.0,0
300,2.0,10.3,159005.22,0.0,1.0,1.0,0.0,0.0,55.0,0.0,25.18,0.44,2.0,0
301,5.0,3.02,187705.9,0.0,0.0,0.0,0.0,1.0,58.0,3.0,2.86,6.66,1.0,0
302,6.0,17.5,28341.9,2.0,0.0,0.0,0.0,1.0,12.0,5.0,12.39,11.65,1.0,1
303,8.0,28.75,-1710.2,1.0,1.0,0.0,0.0,0.0,52.0,2.0,9.08,7.39,3.0,0
304,10.0,14.39,5379.39,1.0,1.0,1.0,0.0,0.0,3.0,0.0,16.74,0.94,5.0,0
305,2.0,5.07,-9796.91,0.0,0.0,1.0,0.0,0.0,12.0,0.0,14.05,0.51,4.0,0
306,9.0,5.45,44272.52,2.0,1.0,1.0,0.0,0.0,34.0,0.0,17.19,1.53,1.0,0
307,9.0,11.83,17760.8,0.0,0.0,1.0,0.0,1.0,30.0,4.0,16.57,0.55,1.0,0
308,10.0,4.57,-1066.98,1.0,0.0,1.0,0.0,0.0,8.0,2.0,14.79,1.82,4.0,0
309,2.0,0.59,94891.28,0.0,0.0,0.0,0.0,0.0,39.0,1.0,20.44,1.06,2.0,0
310,5.0,9.32,14880.39,2.0,1.0,1.0,1.0,0.0,37.0,2.0,13.44,1.73,1.0,0
311,10.0,1.62,56509.41,1.0,1.0,1.0,0.0,1.0,30.0,2.0,5.24,0.35,3.0,0
312,2.0,7.81,46970.43,0.0,1.0,1.0,1.0,0.0,16.0,2.0,10.42,2.45,2.0,0
313,3.0,36.33,44346.73,2.0,1.0,1.0,0.0,0.0,19.0,3.0,12.04,1.45,1.0,0
314,10.0,28.44,9454.48,1.0,0.0,0.0,0.0,1.0,33.0,3.0,1.64,0.74,4.0,0
315,9.0,15.83,41681.11,0.0,0.0,0.0,0.0,1.0,31.0,3.0,16.54,7.47,2.0,0
316,6.0,5.32,44538.82,1.0,0.0,1.0,0.0,0.0,17.0,4.0,18.32,0.07,2.0,0
317,4.0,2.38,30800.77,2.0,0.0,1.0,0.0,1.0,23.0,4.0,15.97,1.04,1.0,0
318,7.0,18.87,13321.99,1.0,0.0,0.0,0.0,0.0,7.0,4.0,4.84,2.56,3.0,0
319,7.0,3.02,27951.8,0.0,0.0,1.0,1.0,0.0,17.0,2.0,7.1,4.32,3.0,0
320,7.0,3.23,1469.09,0.0,0.0,0.0,0.0,0.0,5.0,5.0,11.68,0.6,1.0,0
321,9.0,11.25,35063.78,2.0,0.0,1.0,0.0,1.0,21.0,3.0,13.53,12.01,2.0,0
322,5.0,2.23,39568.36,0.0,0.0,0.0,0.0,0.0,36.0,4.0,15.63,1.52,4.0,0
323,3.0,10.25,73186.35,0.0,0.0,0.0,0.0,0.0,46.0,2.0,5.12,1.49,5.0,0
324,2.0,0.88,57505.76,1.0,0.0,1.0,0.0,0.0,28.0,4.0,10.06,4.84,2.0,0
325,5.0,1.94,68793.18,2.0,1.0,1.0,0.0,1.0,27.0,5.0,18.72,0.3,3.0,0
326,3.0,24.22,12284.5,0.0,0.0,1.0,0.0,1.0,4.0,4.0,7.57,2.18,2.0,0
327,9.0,5.65,11113.04,0.0,0.0,1.0,0.0,0.0,14.0,2.0,4.48,3.73,3.0,0
328,7.0,7.54,90023.26,2.0,1.0,1.0,0.0,0.0,43.0,3.0,11.66,0.53,2.0,0
329,8.0,21.59,88284.47,0.0,0.0,0.0,0.0,0.0,39.0,3.0,12.78,2.4,2.0,0
330,6.0,8.88,18827.02,0.0,0.0,1.0,0.0,1.0,4.0,2.0,4.34,2.03,4.0,0
331,3.0,8.43,-7368.31,2.0,1.0,1.0,0.0,0.0,7.0,2.0,6.75,3.85,2.0,1
332,7.0,4.55,33503.56,1.0,0.0,0.0,0.0,1.0,9.0,1.0,1.32,1.13,4.0,1
333,1.0,22.89,23631.93,1.0,1.0,1.0,0.0,0.0,22.0,4.0,10.98,2.7,4.0,1
334,10.0,3.61,91664.57,0.0,0.0,1.0,0.0,0.0,49.0,3.0,14.92,0.89,3.0,0
335,4.0,8.32,27357.87,2.0,0.0,1.0,0.0,0.0,24.0,3.0,15.52,0.03,4.0,0
336,6.0,4.45,18008.64,2.0,1.0,0.0,0.0,1.0,13.0,5.0,12.61,15.05,5.0,0
337,9.0,7.46,86432.64,0.0,1.0,1.0,0.0,0.0,40.0,4.0,9.91,0.42,5.0,0
338,4.0,1.29,45352.39,0.0,0.0,0.0,0.0,1.0,18.0,1.0,6.57,1.23,2.0,0
339,5.0,1.33,68704.53,1.0,0.0,1.0,0.0,1.0,55.0,5.0,15.15,0.62,2.0,0
340,10.0,27.5,107439.08,1.0,1.0,1.0,0.0,0.0,55.0,5.0,15.44,0.21,3.0,0
341,5.0,5.03,358577.49,0.0,0.0,0.0,0.0,0.0,42.0,6.0,17.86,2.34,3.0,0
342,7.0,2.56,-13222.42,2.0,0.0,1.0,0.0,0.0,3.0,3.0,18.65,1.02,4.0,0
343,1.0,3.53,52943.48,0.0,0.0,1.0,0.0,0.0,34.0,4.0,9.98,1.6,2.0,0
344,5.0,0.19,82541.01,1.0,0.0,1.0,0.0,0.0,56.0,2.0,8.75,1.41,3.0,0
345,8.0,0.26,14449.36,1.0,0.0,0.0,0.0,0.0,12.0,5.0,17.15,1.28,4.0,0
346,10.0,6.31,49805.15,2.0,0.0,0.0,0.0,0.0,32.0,2.0,5.38,0.11,1.0,0
347,10.0,1.42,47204.94,0.0,0.0,1.0,0.0,0.0,37.0,1.0,7.62,0.33,3.0,0
348,6.0,5.69,50054.22,1.0,0.0,1.0,1.0,0.0,35.0,0.0,6.75,0.29,3.0,0
349,5.0,0.1,46407.49,0.0,0.0,0.0,0.0,0.0,30.0,1.0,12.62,1.67,5.0,0
350,3.0,6.27,50054.22,0.0,0.0,1.0,0.0,0.0,27.0,5.0,5.53,0.46,5.0,0
351,1.0,13.58,82836.49,2.0,1.0,1.0,0.0,0.0,30.0,2.0,9.53,0.95,5.0,0
352,10.0,11.48,16979.62,0.0,1.0,0.0,0.0,1.0,12.0,1.0,11.76,0.15,4.0,0
353,9.0,4.59,90985.15,0.0,0.0,1.0,0.0,0.0,42.0,1.0,14.84,9.19,2.0,0
354,5.0,1.44,4333.24,2.0,0.0,1.0,0.0,1.0,5.0,2.0,9.09,0.49,5.0,0
355,8.0,0.98,47312.56,1.0,1.0,1.0,0.0,1.0,30.0,4.0,8.23,8.12,4.0,0
356,7.0,5.65,61970.28,0.0,0.0,1.0,1.0,0.0,21.0,2.0,12.61,0.24,1.0,0
357,7.0,0.61,47101.79,2.0,1.0,0.0,0.0,0.0,47.0,4.0,15.22,6.28,2.0,0
358,8.0,7.23,19663.03,0.0,1.0,1.0,1.0,0.0,8.0,5.0,7.7,1.81,2.0,0
359,6.0,8.05,108085.83,0.0,0.0,1.0,1.0,0.0,35.0,1.0,9.58,2.66,1.0,0
360,1.0,4.87,36196.52,0.0,1.0,0.0,0.0,0.0,30.0,5.0,6.8,0.84,3.0,0
361,4.0,10.34,32159.97,1.0,0.0,1.0,0.0,1.0,29.0,4.0,8.86,3.37,1.0,0
362,2.0,3.56,153071.04,0.0,0.0,1.0,0.0,0.0,56.0,4.0,10.45,1.79,3.0,0
363,7.0,1.87,76236.11,0.0,0.0,1.0,0.0,0.0,47.0,4.0,13.89,5.1,2.0,0
364,4.0,2.46,46324.68,1.0,0.0,0.0,0.0,0.0,20.0,1.0,10.01,2.79,5.0,0
365,2.0,8.82,28117.61,1.0,0.0,0.0,0.0,0.0,26.0,2.0,15.57,2.55,5.0,0
366,1.0,12.1,702.73,1.0,1.0,0.0,1.0,0.0,8.0,3.0,14.72,1.7,4.0,0
367,7.0,3.0,3039.56,0.0,1.0,0.0,0.0,1.0,10.0,4.0,15.94,3.23,3.0,0
368,6.0,18.42,136017.31,1.0,0.0,1.0,0.0,0.0,59.0,3.0,7.97,2.08,2.0,0
369,8.0,2.71,85844.26,0.0,1.0,1.0,0.0,0.0,36.0,1.0,21.1,2.77,5.0,0
370,8.0,19.32,28574.29,1.0,0.0,1.0,0.0,0.0,20.0,6.0,18.76,4.78,3.0,0
371,7.0,4.1,7199.01,1.0,0.0,1.0,1.0,0.0,10.0,5.0,19.51,0.57,3.0,0
372,2.0,2.86,22548.89,2.0,0.0,0.0,0.0,0.0,29.0,1.0,5.44,1.2,1.0,0
373,10.0,42.09,100639.85,2.0,0.0,1.0,0.0,0.0,60.0,4.0,14.92,0.03,2.0,0
374,10.0,22.56,-12610.8,2.0,1.0,1.0,0.0,0.0,7.0,0.0,10.5,7.28,5.0,0
375,6.0,6.79,5255.1,1.0,0.0,0.0,0.0,0.0,41.0,1.0,6.66,8.41,5.0,0
376,1.0,4.69,23925.89,0.0,0.0,1.0,0.0,1.0,5.0,1.0,10.24,14.46,5.0,1
377,2.0,4.97,59874.26,1.0,0.0,0.0,0.0,1.0,35.0,5.0,12.54,0.6,4.0,0
378,3.0,20.63,36485.07,0.0,1.0,0.0,0.0,1.0,12.0,6.0,11.86,1.22,1.0,0
379,5.0,10.68,14705.1,1.0,1.0,0.0,1.0,0.0,12.0,4.0,21.87,2.87,3.0,0
380,8.0,3.72,60326.34,0.0,0.0,1.0,0.0,0.0,25.0,1.0,9.3,1.89,2.0,0
381,6.0,7.79,95008.0,0.0,0.0,1.0,0.0,0.0,43.0,3.0,10.31,2.76,2.0,0
382,2.0,4.76,59992.85,0.0,0.0,1.0,0.0,0.0,55.0,4.0,15.35,3.43,3.0,0
383,9.0,0.99,65516.85,1.0,1.0,1.0,0.0,0.0,31.0,0.0,16.83,0.03,5.0,0
384,1.0,9.71,58186.5,1.0,0.0,1.0,0.0,0.0,45.0,4.0,13.82,0.23,2.0,0
385,6.0,0.95,36874.14,1.0,0.0,0.0,1.0,0.0,36.0,3.0,15.99,0.08,3.0,0
386,6.0,15.3,67556.59,2.0,1.0,0.0,0.0,0.0,36.0,6.0,8.48,2.5,2.0,0
387,6.0,7.16,70411.21,1.0,1.0,1.0,0.0,1.0,51.0,4.0,12.06,0.42,5.0,0
388,6.0,12.36,152063.22,0.0,0.0,1.0,0.0,0.0,54.0,3.0,13.21,0.32,3.0,0
389,8.0,0.34,45604.45,0.0,1.0,1.0,0.0,0.0,54.0,2.0,9.31,0.52,3.0,0
390,8.0,1.74,85763.13,0.0,1.0,0.0,0.0,1.0,40.0,3.0,11.8,1.99,4.0,0
391,5.0,4.41,11498.98,1.0,0.0,1.0,0.0,0.0,4.0,2.0,17.83,5.36,2.0,0
392,10.0,1.95,-8506.54,1.0,0.0,0.0,0.0,1.0,3.0,3.0,25.96,6.19,4.0,0
393,7.0,34.33,18122.72,0.0,0.0,1.0,1.0,0.0,10.0,2.0,7.5,2.26,4.0,0
394,9.0,1.83,32834.49,0.0,1.0,1.0,0.0,0.0,25.0,3.0,11.11,0.44,3.0,0
395,3.0,3.71,83363.09,2.0,0.0,1.0,0.0,0.0,39.0,4.0,6.85,0.45,2.0,0
396,10.0,11.87,28691.92,1.0,0.0,0.0,0.0,0.0,13.0,1.0,17.64,0.02,4.0,0
397,4.0,1.61,28422.67,0.0,0.0,1.0,0.0,0.0,40.0,4.0,8.69,3.4,2.0,0
398,10.0,3.12,107571.34,1.0,0.0,1.0,0.0,0.0,60.0,3.0,4.78,2.41,5.0,0
399,9.0,0.85,22916.6,2.0,1.0,0.0,0.0,0.0,53.0,3.0,22.39,0.8,4.0,0
400,4.0,11.99,83088.95,0.0,0.0,0.0,0.0,0.0,31.0,0.0,12.11,0.13,2.0,0
401,1.0,0.43,150405.56,0.0,0.0,1.0,0.0,0.0,55.0,1.0,25.49,3.93,5.0,0
402,8.0,0.27,97058.03,1.0,0.0,0.0,0.0,0.0,46.0,4.0,9.48,1.97,3.0,0
403,2.0,10.39,25828.81,1.0,0.0,1.0,1.0,0.0,11.0,1.0,15.16,0.49,1.0,0
404,3.0,0.2,59548.73,1.0,1.0,0.0,0.0,0.0,29.0,3.0,7.83,0.77,2.0,0
405,9.0,8.97,33948.78,0.0,0.0,1.0,0.0,0.0,30.0,3.0,14.89,0.74,3.0,0
406,3.0,1.95,128524.89,0.0,1.0,1.0,1.0,0.0,57.0,7.0,9.5,1.25,2.0,0
407,3.0,20.42,-7298.06,1.0,1.0,0.0,0.0,0.0,6.0,1.0,16.39,2.62,4.0,0
408,5.0,3.53,55196.76,0.0,1.0,1.0,1.0,0.0,25.0,3.0,6.23,0.79,5.0,0
409,4.0,0.48,65428.43,1.0,1.0,0.0,1.0,0.0,33.0,3.0,12.03,1.24,5.0,0
410,7.0,12.68,30863.76,1.0,1.0,1.0,0.0,1.0,8.0,1.0,4.2,1.54,5.0,0
411,4.0,6.09,20736.87,2.0,0.0,1.0,0.0,1.0,17.0,3.0,17.29,1.14,2.0,0
412,3.0,6.1,38256.76,1.0,1.0,0.0,1.0,0.0,12.0,3.0,16.41,1.76,3.0,0
413,8.0,1.04,119623.26,2.0,0.0,1.0,0.0,0.0,46.0,6.0,13.18,2.62,3.0,0
414,10.0,5.25,51656.67,0.0,0.0,0.0,0.0,0.0,34.0,2.0,4.58,0.92,4.0,0
415,10.0,8.46,4657.84,2.0,0.0,1.0,0.0,0.0,5.0,0.0,1.0,1.47,2.0,0
416,6.0,5.65,7360.63,0.0,0.0,1.0,0.0,0.0,8.0,6.0,4.62,1.74,3.0,0
417,7.0,0.54,130434.29,0.0,1.0,0.0,0.0,0.0,44.0,3.0,19.34,11.44,1.0,0
418,10.0,6.46,31983.34,2.0,0.0,1.0,0.0,0.0,59.0,3.0,12.37,6.28,2.0,0
419,9.0,4.81,124999.54,0.0,0.0,1.0,0.0,0.0,47.0,4.0,16.32,7.76,5.0,0
420,7.0,1.71,74916.77,1.0,1.0,0.0,0.0,0.0,48.0,3.0,12.4,2.02,1.0,0
421,6.0,2.86,88033.99,1.0,0.0,0.0,1.0,0.0,29.0,3.0,15.18,1.78,2.0,0
422,4.0,0.73,27814.93,1.0,0.0,1.0,0.0,0.0,16.0,2.0,6.93,0.59,4.0,0
423,2.0,8.53,38065.47,0.0,1.0,0.0,0.0,1.0,26.0,1.0,14.41,3.82,4.0,0
424,5.0,23.23,43288.34,1.0,0.0,1.0,1.0,0.0,25.0,7.0,4.86,10.38,2.0,0
425,2.0,3.56,11118.99,1.0,1.0,0.0,0.0,0.0,18.0,3.0,12.54,0.76,5.0,0
426,7.0,17.76,15400.94,1.0,0.0,1.0,1.0,0.0,18.0,3.0,8.0,1.26,2.0,1
427,10.0,4.48,-16246.99,1.0,1.0,1.0,0.0,0.0,4.0,4.0,11.64,0.86,4.0,0
428,5.0,6.74,74746.85,0.0,1.0,0.0,0.0,0.0,40.0,1.0,15.8,3.46,3.0,0
429,2.0,9.97,4747.96,2.0,0.0,1.0,0.0,0.0,21.0,5.0,16.09,7.86,1.0,0
430,2.0,5.65,57187.56,1.0,0.0,0.0,0.0,1.0,43.0,2.0,13.62,1.27,2.0,0
431,10.0,10.12,65539.01,0.0,0.0,0.0,1.0,0.0,39.0,3.0,17.97,4.57,3.0,0
432,7.0,4.41,8097.32,0.0,1.0,1.0,0.0,0.0,17.0,5.0,9.4,0.86,4.0,0
433,2.0,4.64,61098.63,0.0,1.0,0.0,0.0,0.0,13.0,3.0,14.22,3.11,2.0,0
434,3.0,3.17,123617.17,2.0,0.0,1.0,0.0,0.0,52.0,9.0,11.3,0.51,1.0,0
435,4.0,18.84,50054.22,2.0,1.0,1.0,0.0,0.0,31.0,3.0,11.14,2.32,4.0,0
436,4.0,0.32,28328.52,2.0,0.0,1.0,0.0,0.0,19.0,2.0,17.26,1.21,2.0,0
437,1.0,1.44,36210.22,1.0,0.0,0.0,0.0,1.0,33.0,4.0,16.61,4.22,4.0,0
438,10.0,1.08,43399.63,1.0,0.0,1.0,0.0,0.0,15.0,1.0,17.68,0.57,1.0,0
439,7.0,1.52,141149.67,1.0,1.0,1.0,0.0,0.0,54.0,3.0,12.09,11.4,4.0,0
440,10.0,35.52,116664.77,0.0,0.0,0.0,1.0,0.0,53.0,4.0,16.97,4.79,4.0,0
441,4.0,0.21,116900.74,0.0,0.0,0.0,1.0,0.0,57.0,3.0,10.16,10.94,5.0,0
442,3.0,20.78,95698.6,1.0,1.0,1.0,0.0,1.0,40.0,3.0,8.85,0.26,2.0,0
443,1.0,13.46,101841.43,2.0,1.0,0.0,0.0,0.0,55.0,4.0,11.41,2.47,3.0,0
444,5.0,8.73,54463.58,2.0,0.0,1.0,1.0,0.0,37.0,3.0,15.29,4.35,3.0,0
445,1.0,13.68,29876.38,1.0,0.0,1.0,0.0,0.0,30.0,2.0,14.31,2.84,4.0,0
446,7.0,9.85,50054.22,1.0,0.0,1.0,0.0,0.0,26.0,2.0,15.89,4.14,1.0,0
447,4.0,9.12,66863.71,2.0,0.0,1.0,0.0,0.0,54.0,5.0,16.04,3.14,4.0,0
448,5.0,4.77,11739.86,2.0,0.0,0.0,0.0,0.0,11.0,5.0,7.68,3.22,4.0,0
449,7.0,1.15,65246.84,0.0,0.0,1.0,0.0,0.0,38.0,2.0,9.57,2.27,4.0,0
450,5.0,5.3,103174.98,1.0,0.0,1.0,1.0,0.0,37.0,1.0,5.88,1.99,5.0,0
451,3.0,6.04,29373.75,2.0,0.0,1.0,0.0,1.0,19.0,2.0,10.1,0.68,1.0,0
452,2.0,3.77,28291.83,2.0,1.0,0.0,1.0,0.0,18.0,3.0,12.53,0.23,4.0,0
453,1.0,5.65,55398.48,1.0,0.0,0.0,0.0,0.0,26.0,3.0,19.19,3.76,4.0,0
454,9.0,11.2,26734.62,1.0,0.0,0.0,0.0,0.0,32.0,4.0,12.49,11.35,2.0,0
455,4.0,0.45,83145.67,0.0,0.0,0.0,0.0,0.0,27.0,0.0,15.82,2.58,4.0,0
456,10.0,22.3,5346.44,0.0,0.0,1.0,0.0,1.0,6.0,6.0,3.47,10.94,2.0,1
457,10.0,4.3,81067.63,2.0,1.0,1.0,0.0,0.0,40.0,0.0,12.46,7.2,4.0,0
458,4.0,15.68,13289.08,1.0,0.0,1.0,0.0,0.0,23.0,3.0,18.43,0.88,3.0,0
459,9.0,12.69,24591.3,0.0,0.0,1.0,1.0,0.0,5.0,4.0,6.75,2.38,2.0,0
460,5.0,11.26,33729.79,0.0,0.0,0.0,0.0,0.0,39.0,1.0,13.47,0.94,1.0,0
461,4.0,9.02,147618.31,1.0,0.0,1.0,0.0,0.0,50.0,4.0,8.85,4.21,4.0,0
462,9.0,4.07,24571.65,1.0,0.0,1.0,0.0,1.0,22.0,4.0,11.08,5.42,5.0,0
463,4.0,11.49,49968.43,1.0,0.0,0.0,0.0,0.0,24.0,3.0,15.24,7.56,1.0,0
464,4.0,2.97,57457.62,2.0,1.0,1.0,0.0,0.0,37.0,5.0,16.25,0.71,3.0,0
465,1.0,0.44,101876.57,0.0,0.0,0.0,0.0,1.0,41.0,1.0,10.27,0.52,2.0,0
466,3.0,1.87,74553.63,1.0,0.0,1.0,1.0,0.0,34.0,1.0,1.0,0.96,3.0,0
467,4.0,7.63,17653.27,2.0,1.0,1.0,0.0,0.0,24.0,4.0,6.62,0.8,1.0,0
468,2.0,52.35,170836.01,1.0,0.0,0.0,0.0,0.0,49.0,4.0,8.34,2.62,4.0,0
469,5.0,5.65,67300.03,2.0,0.0,1.0,0.0,0.0,26.0,2.0,13.66,5.33,2.0,0
470,3.0,2.55,55948.84,0.0,0.0,0.0,0.0,0.0,41.0,1.0,8.33,2.86,5.0,0
471,3.0,4.06,107223.59,1.0,0.0,1.0,0.0,1.0,58.0,7.0,16.86,0.32,2.0,0
472,7.0,1.73,45061.33,1.0,1.0,1.0,0.0,0.0,20.0,4.0,9.68,1.35,1.0,0
473,3.0,9.32,60097.36,0.0,1.0,1.0,0.0,0.0,41.0,4.0,8.06,2.64,4.0,0
474,10.0,5.58,50054.22,0.0,0.0,1.0,1.0,0.0,11.0,6.0,15.54,0.01,5.0,0
475,7.0,17.64,78652.67,1.0,1.0,1.0,0.0,1.0,38.0,3.0,23.03,1.22,5.0,0
476,4.0,2.77,124483.39,2.0,0.0,1.0,1.0,0.0,58.0,1.0,1.0,1.01,1.0,0
477,6.0,4.34,33873.83,2.0,0.0,0.0,1.0,0.0,20.0,3.0,8.08,0.35,5.0,0
478,2.0,24.68,41115.41,1.0,0.0,1.0,0.0,0.0,24.0,1.0,22.01,3.28,4.0,0
479,3.0,36.76,54184.73,0.0,0.0,0.0,0.0,0.0,15.0,4.0,11.13,8.86,4.0,0
480,2.0,3.52,150698.93,0.0,1.0,1.0,0.0,0.0,54.0,1.0,4.92,1.66,1.0,0
481,5.0,3.84,44471.5,1.0,0.0,0.0,0.0,0.0,26.0,4.0,10.56,2.4,2.0,0
482,3.0,1.95,67230.15,1.0,1.0,1.0,0.0,1.0,36.0,4.0,17.82,7.02,5.0,0
483,7.0,11.54,11276.34,0.0,0.0,1.0,0.0,0.0,6.0,3.0,2.14,3.57,2.0,0
484,10.0,0.12,73814.19,2.0,1.0,1.0,0.0,0.0,26.0,2.0,7.11,3.84,3.0,0
485,8.0,1.49,90083.21,0.0,1.0,0.0,1.0,0.0,35.0,3.0,14.38,1.67,5.0,0
486,7.0,0.2,40472.99,0.0,0.0,1.0,0.0,0.0,10.0,3.0,13.63,1.01,1.0,0
487,7.0,6.63,37713.18,1.0,0.0,1.0,0.0,1.0,30.0,4.0,9.11,1.04,2.0,0
488,5.0,16.33,98827.71,0.0,0.0,1.0,1.0,0.0,29.0,1.0,10.92,8.69,3.0,0
489,6.0,3.62,41235.78,2.0,0.0,0.0,0.0,0.0,28.0,5.0,13.66,0.05,1.0,0
490,2.0,0.31,38258.47,1.0,1.0,1.0,0.0,1.0,35.0,4.0,18.3,3.64,5.0,0
491,5.0,0.21,103061.5,1.0,0.0,1.0,0.0,1.0,56.0,1.0,9.21,0.32,2.0,0
492,7.0,7.68,23421.92,1.0,0.0,1.0,0.0,1.0,22.0,2.0,16.83,3.29,4.0,0
493,5.0,13.49,52015.81,0.0,0.0,1.0,1.0,0.0,30.0,2.0,12.46,2.18,3.0,0
494,7.0,5.65,151522.0,0.0,0.0,0.0,0.0,0.0,59.0,1.0,15.05,4.91,1.0,0
495,9.0,0.94,16653.55,1.0,1.0,1.0,1.0,0.0,16.0,3.0,17.2,6.53,1.0,0
496,2.0,4.25,72188.69,0.0,0.0,1.0,0.0,1.0,33.0,2.0,10.73,5.64,4.0,0
497,7.0,3.14,32646.6,1.0,0.0,0.0,0.0,0.0,18.0,4.0,10.5,1.23,2.0,0
498,9.0,3.67,159100.51,1.0,0.0,1.0,0.0,1.0,51.0,4.0,12.81,7.98,1.0,0
499,7.0,2.57,81631.26,1.0,1.0,1.0,0.0,0.0,23.0,5.0,6.24,4.28,5.0,0
500,10.0,0.58,57826.81,0.0,1.0,0.0,0.0,0.0,59.0,4.0,16.63,7.13,1.0,0
501,8.0,4.82,70216.73,0.0,1.0,1.0,0.0,0.0,28.0,5.0,7.29,1.94,5.0,0
502,1.0,9.74,58610.29,0.0,0.0,0.0,0.0,0.0,33.0,6.0,9.2,3.99,5.0,0
503,5.0,9.08,43320.46,0.0,1.0,1.0,0.0,0.0,22.0,2.0,9.8,1.71,5.0,0
504,9.0,0.52,25993.14,1.0,0.0,1.0,0.0,0.0,14.0,2.0,5.73,3.1,2.0,0
505,10.0,1.08,43399.63,1.0,0.0,1.0,0.0,0.0,15.0,1.0,17.68,0.57,1.0,0
506,10.0,7.4,50054.22,1.0,0.0,1.0,0.0,0.0,45.0,4.0,1.0,3.91,4.0,0
507,10.0,17.28,123552.25,0.0,0.0,1.0,1.0,0.0,48.0,1.0,19.64,1.62,1.0,0
508,3.0,7.2,22032.11,2.0,0.0,0.0,0.0,0.0,23.0,4.0,4.71,3.07,2.0,0
509,3.0,11.94,45996.08,0.0,1.0,0.0,0.0,0.0,35.0,0.0,12.98,0.36,2.0,0
510,4.0,11.23,42817.67,1.0,1.0,1.0,0.0,0.0,29.0,3.0,5.66,1.33,4.0,0
511,7.0,1.93,11944.89,1.0,0.0,1.0,1.0,0.0,37.0,4.0,10.02,5.5,3.0,0
512,1.0,8.32,60474.91,0.0,0.0,1.0,0.0,0.0,47.0,0.0,17.61,5.62,2.0,0
513,3.0,12.65,153848.42,0.0,0.0,0.0,0.0,0.0,40.0,2.0,9.72,1.89,2.0,0
514,7.0,2.57,113764.11,2.0,1.0,1.0,0.0,0.0,57.0,1.0,12.96,1.02,1.0,0
515,3.0,1.74,72335.21,1.0,1.0,1.0,1.0,0.0,29.0,4.0,12.06,18.34,5.0,0
516,3.0,10.36,110373.2,1.0,0.0,1.0,0.0,0.0,34.0,2.0,9.17,4.32,1.0,0
517,9.0,5.65,52561.58,0.0,0.0,0.0,0.0,1.0,34.0,2.0,10.93,6.42,2.0,0
518,9.0,15.25,124875.36,0.0,0.0,1.0,0.0,1.0,51.0,3.0,10.55,0.65,1.0,0
519,10.0,18.94,10914.03,2.0,0.0,1.0,0.0,0.0,11.0,3.0,8.51,0.8,2.0,0
520,9.0,4.31,46413.51,1.0,1.0,0.0,0.0,0.0,58.0,1.0,22.5,0.11,2.0,0
521,8.0,14.32,40554.12,2.0,1.0,0.0,0.0,1.0,24.0,2.0,15.21,0.59,5.0,0
522,3.0,4.19,49473.72,1.0,1.0,1.0,0.0,0.0,36.0,2.0,1.0,5.64,4.0,0
523,4.0,5.65,12777.53,1.0,0.0,1.0,1.0,0.0,42.0,3.0,13.12,0.89,4.0,0
524,5.0,1.5,114206.81,1.0,0.0,0.0,0.0,0.0,59.0,4.0,12.53,7.33,1.0,0
525,3.0,7.09,109435.3,0.0,0.0,0.0,1.0,0.0,37.0,3.0,9.75,6.31,3.0,0
526,2.0,22.77,16081.13,1.0,0.0,1.0,0.0,0.0,10.0,6.0,16.51,1.17,5.0,0
527,4.0,14.25,50054.22,0.0,1.0,1.0,0.0,0.0,45.0,4.0,14.9,1.59,1.0,0
528,3.0,10.97,57247.74,2.0,1.0,1.0,0.0,0.0,42.0,4.0,16.47,1.7,4.0,1
529,5.0,10.5,46469.34,1.0,1.0,1.0,0.0,0.0,24.0,1.0,11.61,0.43,3.0,0
530,4.0,3.46,19556.73,1.0,0.0,1.0,0.0,0.0,15.0,3.0,14.34,0.81,4.0,0
531,2.0,4.79,71431.34,2.0,0.0,0.0,0.0,1.0,47.0,3.0,16.83,0.25,1.0,0
532,2.0,0.35,11468.35,1.0,0.0,1.0,0.0,1.0,11.0,0.0,23.05,0.73,5.0,0
533,5.0,5.0,108256.21,0.0,1.0,1.0,0.0,0.0,52.0,3.0,5.97,0.51,2.0,0
534,4.0,12.85,75912.9,1.0,0.0,1.0,1.0,0.0,35.0,3.0,5.3,2.85,5.0,0
535,7.0,10.07,38827.78,1.0,0.0,0.0,1.0,0.0,46.0,4.0,23.85,4.47,5.0,0
536,10.0,11.31,50054.22,0.0,1.0,1.0,0.0,0.0,34.0,2.0,5.38,1.6,5.0,0
537,1.0,0.92,10747.24,2.0,0.0,1.0,1.0,0.0,25.0,2.0,7.0,1.16,4.0,0
538,10.0,16.77,25694.59,1.0,1.0,1.0,1.0,0.0,46.0,0.0,1.0,1.22,4.0,0
539,2.0,1.45,6271.57,2.0,0.0,0.0,1.0,0.0,2.0,4.0,9.51,2.86,1.0,0
540,4.0,1.04,82093.4,2.0,0.0,0.0,1.0,0.0,47.0,3.0,9.6,0.72,3.0,0
541,7.0,5.65,76835.76,1.0,0.0,1.0,0.0,1.0,54.0,6.0,10.38,2.71,4.0,0
542,4.0,4.28,82579.83,1.0,1.0,1.0,0.0,0.0,55.0,5.0,14.38,1.06,1.0,0
543,8.0,5.65,35107.53,0.0,1.0,1.0,0.0,1.0,24.0,2.0,2.45,1.11,2.0,0
544,1.0,8.55,58953.13,2.0,0.0,0.0,0.0,0.0,39.0,3.0,13.76,6.05,5.0,0
545,2.0,22.14,85002.89,0.0,1.0,0.0,1.0,0.0,45.0,3.0,9.45,2.47,5.0,1
546,2.0,0.55,164960.78,2.0,1.0,1.0,0.0,0.0,53.0,1.0,7.89,0.83,1.0,0
547,8.0,10.78,92653.44,2.0,0.0,1.0,0.0,0.0,56.0,0.0,12.92,0.39,2.0,0
548,4.0,4.54,214.55,1.0,0.0,0.0,0.0,0.0,32.0,2.0,21.59,0.36,2.0,0
549,8.0,11.35,33841.03,1.0,0.0,1.0,0.0,0.0,25.0,0.0,11.15,0.97,1.0,0
550,8.0,1.72,73260.37,1.0,1.0,1.0,0.0,0.0,33.0,2.0,13.39,2.07,5.0,0
551,2.0,9.09,26148.28,1.0,0.0,1.0,1.0,0.0,12.0,4.0,1.0,9.41,1.0,0
552,5.0,9.08,67425.17,1.0,0.0,1.0,0.0,0.0,49.0,3.0,21.16,1.34,2.0,0
553,1.0,0.37,80348.86,1.0,1.0,1.0,0.0,1.0,26.0,2.0,19.48,3.68,2.0,0
554,3.0,0.17,122434.66,1.0,0.0,1.0,0.0,0.0,57.0,3.0,17.03,2.47,3.0,0
555,5.0,0.31,99018.34,0.0,0.0,0.0,1.0,0.0,60.0,2.0,16.39,9.77,2.0,0
556,4.0,0.16,131126.72,1.0,0.0,1.0,0.0,0.0,49.0,2.0,10.83,1.89,2.0,0
557,3.0,6.27,50054.22,0.0,0.0,1.0,0.0,0.0,27.0,5.0,5.53,0.46,5.0,0
558,6.0,15.28,101627.65,0.0,1.0,1.0,0.0,0.0,54.0,3.0,10.03,1.78,4.0,0
559,4.0,37.0,11042.75,1.0,0.0,1.0,0.0,0.0,7.0,3.0,12.83,0.69,1.0,0
560,10.0,6.08,50054.22,2.0,0.0,0.0,0.0,0.0,34.0,5.0,10.08,9.56,5.0,0
561,9.0,19.74,80120.28,1.0,1.0,1.0,0.0,0.0,56.0,4.0,3.38,1.88,3.0,0
562,6.0,3.32,61294.17,1.0,0.0,1.0,0.0,0.0,30.0,0.0,20.33,4.73,2.0,0
563,2.0,0.12,3269.33,0.0,1.0,1.0,0.0,0.0,2.0,4.0,1.0,1.02,4.0,0
564,8.0,1.7,33719.8,1.0,0.0,1.0,0.0,1.0,40.0,4.0,4.92,2.78,3.0,0
565,4.0,7.14,88748.18,0.0,0.0,1.0,0.0,0.0,50.0,3.0,12.04,1.8,3.0,0
566,4.0,11.1,153250.26,1.0,1.0,1.0,1.0,0.0,47.0,5.0,9.89,1.19,4.0,0
567,4.0,0.57,95853.16,0.0,0.0,0.0,0.0,0.0,38.0,3.0,18.43,0.17,4.0,0
568,7.0,6.04,172562.31,2.0,1.0,1.0,0.0,0.0,45.0,2.0,15.68,2.99,5.0,0
569,3.0,15.78,62109.87,2.0,0.0,0.0,0.0,0.0,32.0,0.0,1.0,1.4,1.0,1
570,9.0,9.52,38302.39,0.0,0.0,0.0,0.0,0.0,42.0,2.0,7.89,0.16,2.0,0
571,10.0,2.34,26638.92,1.0,0.0,1.0,1.0,0.0,22.0,2.0,11.92,12.26,4.0,0
572,6.0,0.6,2702.57,2.0,0.0,1.0,0.0,1.0,3.0,3.0,11.79,0.91,2.0,0
573,6.0,5.25,68500.38,0.0,0.0,1.0,0.0,0.0,29.0,3.0,10.66,0.62,5.0,0
574,5.0,2.98,-20611.53,2.0,0.0,1.0,0.0,0.0,4.0,3.0,18.14,3.33,1.0,0
575,9.0,10.05,135406.86,0.0,0.0,0.0,0.0,0.0,58.0,5.0,7.27,0.86,5.0,0
576,3.0,1.46,48971.17,2.0,0.0,0.0,1.0,0.0,27.0,5.0,9.28,1.17,3.0,0
577,8.0,22.09,87768.51,0.0,0.0,0.0,0.0,0.0,12.0,10.0,9.45,2.95,3.0,0
578,9.0,0.42,64220.27,0.0,1.0,0.0,0.0,0.0,46.0,2.0,10.37,12.13,2.0,0
579,8.0,13.29,115492.39,1.0,0.0,0.0,0.0,0.0,34.0,2.0,2.08,2.01,2.0,0
580,1.0,3.87,170896.7,1.0,1.0,1.0,0.0,1.0,44.0,6.0,8.38,11.62,2.0,0
581,3.0,0.94,20921.03,1.0,1.0,1.0,0.0,0.0,12.0,1.0,16.74,5.01,1.0,0
582,10.0,7.95,80516.9,2.0,0.0,1.0,0.0,0.0,41.0,4.0,15.06,2.2,5.0,0
583,5.0,12.57,80204.5,2.0,0.0,1.0,0.0,1.0,39.0,3.0,15.13,5.16,2.0,0
584,5.0,8.89,64083.04,1.0,0.0,0.0,0.0,0.0,44.0,5.0,13.85,5.49,5.0,0
585,8.0,0.15,-7996.8,0.0,0.0,0.0,0.0,0.0,3.0,1.0,11.98,0.67,2.0,0
586,7.0,2.29,51549.66,2.0,0.0,1.0,0.0,1.0,43.0,4.0,5.51,0.32,3.0,0
587,6.0,6.11,61454.43,0.0,0.0,1.0,0.0,0.0,28.0,4.0,14.72,2.37,5.0,0
588,7.0,5.65,46931.26,0.0,0.0,1.0,0.0,0.0,29.0,1.0,7.45,0.93,2.0,0
589,8.0,34.62,50054.22,1.0,0.0,1.0,0.0,1.0,19.0,4.0,7.87,12.1,1.0,0
590,1.0,0.55,38879.18,0.0,0.0,1.0,0.0,1.0,39.0,1.0,20.82,0.59,1.0,0
591,1.0,2.06,-7704.25,1.0,0.0,1.0,0.0,0.0,4.0,3.0,19.18,0.66,1.0,1
592,4.0,3.61,116485.29,0.0,1.0,0.0,0.0,0.0,52.0,5.0,14.32,4.24,1.0,0
593,9.0,2.41,-16794.01,0.0,0.0,1.0,0.0,1.0,6.0,4.0,9.7,5.89,1.0,0
594,1.0,2.92,60587.45,1.0,1.0,0.0,0.0,0.0,34.0,4.0,10.1,3.14,2.0,0
595,7.0,0.35,-12287.84,0.0,1.0,0.0,0.0,0.0,4.0,4.0,10.62,0.23,4.0,0
596,1.0,5.65,9569.28,1.0,0.0,0.0,0.0,1.0,7.0,5.0,15.32,5.44,5.0,1
597,8.0,5.65,33663.1,1.0,0.0,1.0,0.0,0.0,28.0,0.0,21.93,3.97,5.0,0
598,6.0,0.33,23217.59,0.0,0.0,1.0,0.0,1.0,5.0,6.0,6.51,13.37,4.0,0
599,10.0,1.78,44052.04,0.0,0.0,1.0,0.0,1.0,15.0,3.0,18.45,0.32,5.0,0
600,10.0,1.33,113582.02,0.0,1.0,0.0,1.0,0.0,59.0,4.0,3.64,8.48,2.0,0
601,3.0,3.28,10156.61,2.0,0.0,0.0,1.0,0.0,12.0,4.0,7.46,4.7,2.0,0
602,1.0,2.67,71684.6,1.0,0.0,0.0,0.0,0.0,48.0,2.0,9.98,9.55,3.0,0
603,7.0,3.99,76234.85,1.0,1.0,1.0,0.0,0.0,32.0,2.0,13.8,0.9,4.0,0
604,8.0,0.02,54821.1,0.0,0.0,1.0,0.0,0.0,38.0,2.0,5.0,11.34,5.0,0
605,3.0,2.49,107287.4,2.0,1.0,0.0,0.0,0.0,53.0,6.0,19.53,7.73,1.0,0
606,7.0,4.63,7721.84,1.0,1.0,1.0,1.0,0.0,33.0,2.0,12.8,3.8,5.0,0
607,1.0,5.65,73422.09,1.0,0.0,1.0,0.0,0.0,27.0,0.0,13.98,0.28,2.0,0
608,3.0,7.11,30370.3,1.0,0.0,1.0,0.0,0.0,26.0,5.0,12.51,2.31,4.0,0
609,8.0,8.92,34138.9,1.0,1.0,0.0,0.0,0.0,8.0,3.0,16.97,1.87,5.0,0
610,8.0,3.37,15840.07,1.0,0.0,0.0,1.0,0.0,7.0,2.0,9.93,3.06,5.0,0
611,5.0,7.89,8739.38,1.0,1.0,1.0,0.0,0.0,14.0,4.0,12.51,3.32,2.0,0
612,6.0,9.87,85085.1,1.0,0.0,1.0,0.0,0.0,49.0,7.0,8.85,5.0,2.0,0
613,9.0,6.63,46861.74,1.0,1.0,1.0,0.0,0.0,19.0,3.0,8.49,1.26,5.0,0
614,4.0,7.25,90600.94,1.0,0.0,0.0,0.0,1.0,41.0,2.0,17.89,11.63,5.0,0
615,8.0,24.23,77064.13,0.0,1.0,0.0,1.0,0.0,59.0,7.0,10.66,0.32,1.0,0
616,7.0,14.49,84891.78,0.0,0.0,1.0,0.0,0.0,37.0,1.0,4.96,0.46,4.0,0
617,1.0,1.93,144864.63,1.0,1.0,1.0,0.0,0.0,54.0,4.0,13.78,0.52,5.0,0
618,8.0,12.46,25564.7,0.0,0.0,1.0,0.0,1.0,17.0,1.0,8.86,1.35,3.0,0
619,5.0,27.93,187238.38,1.0,0.0,1.0,0.0,0.0,56.0,3.0,17.9,1.68,3.0,0
620,3.0,1.12,55002.43,1.0,0.0,0.0,0.0,1.0,59.0,3.0,11.8,2.76,5.0,0
621,8.0,10.51,49248.72,1.0,0.0,0.0,0.0,0.0,20.0,3.0,9.79,0.3,2.0,0
622,7.0,1.71,39536.62,1.0,1.0,1.0,0.0,0.0,24.0,2.0,10.23,1.28,1.0,0
623,7.0,8.43,28280.36,1.0,0.0,0.0,1.0,0.0,25.0,2.0,6.71,3.56,3.0,0
624,4.0,6.89,60633.43,1.0,0.0,1.0,0.0,1.0,38.0,3.0,21.72,2.94,3.0,0
625,3.0,2.85,24284.98,0.0,0.0,1.0,0.0,0.0,53.0,3.0,4.57,0.23,1.0,0
626,8.0,11.3,114771.58,2.0,0.0,0.0,0.0,0.0,52.0,4.0,10.19,7.82,1.0,0
627,2.0,5.75,65051.11,0.0,0.0,1.0,0.0,1.0,39.0,1.0,16.28,2.88,3.0,0
628,1.0,4.45,77023.16,1.0,0.0,0.0,0.0,0.0,36.0,5.0,16.72,3.18,2.0,0
629,8.0,7.01,13189.99,1.0,1.0,1.0,1.0,0.0,15.0,6.0,3.92,2.02,2.0,0
630,8.0,3.48,23265.44,2.0,0.0,1.0,0.0,0.0,8.0,4.0,15.02,8.6,4.0,0
631,10.0,4.08,52222.46,0.0,1.0,0.0,0.0,1.0,25.0,3.0,11.06,1.64,5.0,0
632,3.0,0.25,16254.18,1.0,1.0,0.0,0.0,0.0,22.0,5.0,12.06,6.93,2.0,0
633,2.0,18.99,50054.22,2.0,1.0,1.0,0.0,1.0,23.0,4.0,10.21,0.65,2.0,0
634,2.0,5.59,94711.37,1.0,0.0,0.0,0.0,0.0,40.0,3.0,9.84,2.42,1.0,0
635,4.0,22.22,70129.55,1.0,0.0,1.0,0.0,0.0,20.0,2.0,5.46,4.96,2.0,0
636,2.0,22.53,77192.17,0.0,1.0,1.0,0.0,0.0,45.0,1.0,11.58,0.68,2.0,0
637,8.0,2.06,10778.71,0.0,0.0,1.0,1.0,0.0,18.0,3.0,13.93,4.08,5.0,0
638,5.0,6.28,35635.06,0.0,0.0,1.0,0.0,1.0,18.0,2.0,11.95,2.38,3.0,0
639,9.0,9.28,21779.2,1.0,1.0,1.0,0.0,0.0,2.0,1.0,14.16,4.26,1.0,0
640,7.0,1.56,7105.35,0.0,0.0,1.0,0.0,0.0,4.0,1.0,2.05,10.99,2.0,0
641,7.0,12.62,53705.9,1.0,0.0,1.0,0.0,1.0,22.0,3.0,12.71,4.24,1.0,0
642,3.0,2.63,50054.22,2.0,1.0,1.0,0.0,0.0,28.0,1.0,13.91,4.15,4.0,0
643,8.0,1.15,19808.15,1.0,1.0,1.0,0.0,0.0,7.0,3.0,14.87,1.72,4.0,0
644,5.0,7.46,37602.13,0.0,0.0,0.0,1.0,0.0,42.0,2.0,19.1,1.59,2.0,0
645,6.0,7.61,33172.54,2.0,0.0,0.0,1.0,0.0,22.0,2.0,1.0,7.53,2.0,0
646,5.0,5.18,18098.9,2.0,1.0,1.0,1.0,0.0,24.0,2.0,11.92,6.07,1.0,0
647,9.0,6.47,14425.99,1.0,1.0,1.0,0.0,0.0,17.0,6.0,5.82,4.17,5.0,0
648,2.0,11.11,48228.03,2.0,0.0,1.0,0.0,0.0,60.0,1.0,9.43,9.24,1.0,0
649,7.0,1.0,41226.38,0.0,1.0,0.0,0.0,1.0,49.0,5.0,19.14,10.29,2.0,0
650,1.0,5.65,-7808.95,0.0,1.0,1.0,0.0,0.0,1.0,1.0,12.76,3.42,4.0,0
651,10.0,7.52,21112.71,1.0,0.0,1.0,0.0,0.0,24.0,2.0,6.1,4.67,5.0,0
652,4.0,1.09,60748.24,2.0,0.0,1.0,0.0,0.0,32.0,3.0,12.46,4.07,3.0,0
653,5.0,8.06,80442.98,1.0,1.0,1.0,0.0,0.0,45.0,4.0,9.01,5.49,5.0,0
654,6.0,5.65,1720.57,0.0,1.0,0.0,0.0,1.0,2.0,2.0,8.2,0.23,3.0,0
655,2.0,4.12,38398.91,2.0,1.0,1.0,1.0,0.0,30.0,3.0,12.41,7.63,1.0,0
656,9.0,2.81,69656.05,1.0,1.0,0.0,0.0,0.0,38.0,1.0,13.19,1.55,5.0,0
657,8.0,3.72,60326.34,0.0,0.0,1.0,0.0,0.0,25.0,1.0,9.3,1.89,2.0,0
658,7.0,3.68,99409.06,0.0,0.0,1.0,0.0,0.0,29.0,2.0,14.0,1.17,1.0,0
659,4.0,4.02,8796.27,1.0,0.0,1.0,0.0,0.0,2.0,4.0,7.83,6.14,5.0,1
660,10.0,13.69,20786.91,0.0,1.0,0.0,1.0,0.0,57.0,6.0,11.82,9.66,5.0,0
661,8.0,4.53,50054.22,1.0,1.0,1.0,0.0,1.0,27.0,1.0,16.09,2.85,2.0,0
662,8.0,18.19,99293.51,0.0,0.0,1.0,0.0,0.0,46.0,3.0,5.3,0.05,5.0,1
663,6.0,8.48,63087.08,1.0,0.0,1.0,0.0,0.0,33.0,3.0,9.11,4.59,1.0,0
664,9.0,0.63,34132.07,1.0,1.0,1.0,0.0,1.0,6.0,3.0,9.41,1.47,4.0,0
665,7.0,3.53,59427.53,1.0,1.0,1.0,0.0,0.0,56.0,3.0,17.82,0.1,5.0,0
666,7.0,1.87,50054.22,0.0,0.0,1.0,0.0,0.0,41.0,4.0,5.33,1.32,4.0,0
667,7.0,3.67,14483.31,0.0,0.0,1.0,0.0,1.0,21.0,5.0,17.16,0.87,3.0,0
668,6.0,8.68,-1019.32,0.0,0.0,1.0,0.0,1.0,13.0,3.0,17.28,1.69,4.0,0
669,2.0,4.35,95456.7,0.0,0.0,1.0,0.0,1.0,41.0,4.0,13.68,3.87,4.0,0
670,5.0,32.16,35046.0,1.0,1.0,1.0,0.0,0.0,14.0,2.0,9.05,1.67,1.0,0
671,2.0,0.68,14775.19,2.0,1.0,0.0,0.0,0.0,2.0,2.0,14.85,2.77,3.0,0
672,6.0,1.85,2.63,2.0,0.0,1.0,1.0,0.0,3.0,2.0,10.38,5.68,3.0,0
673,4.0,0.19,30474.56,1.0,0.0,1.0,0.0,1.0,34.0,3.0,19.23,3.31,2.0,0
674,7.0,9.09,29443.43,0.0,0.0,1.0,0.0,0.0,29.0,2.0,17.81,0.17,2.0,0
675,8.0,39.89,33066.02,0.0,0.0,1.0,0.0,0.0,20.0,2.0,13.58,1.38,3.0,0
676,9.0,3.26,93998.46,0.0,1.0,0.0,1.0,0.0,43.0,3.0,1.0,1.35,5.0,0
677,9.0,9.32,171329.44,2.0,1.0,1.0,1.0,0.0,59.0,2.0,10.92,4.73,5.0,0
678,1.0,2.01,47836.58,1.0,0.0,1.0,0.0,0.0,31.0,1.0,8.99,0.42,5.0,0
679,1.0,15.59,28375.6,1.0,0.0,1.0,1.0,0.0,13.0,5.0,11.72,0.33,3.0,0
680,1.0,0.75,1756.14,0.0,1.0,0.0,1.0,0.0,2.0,4.0,18.69,0.03,5.0,0
681,5.0,4.75,7528.0,2.0,0.0,1.0,0.0,0.0,44.0,1.0,13.67,7.29,5.0,0
682,7.0,13.68,88990.15,0.0,0.0,0.0,0.0,0.0,36.0,4.0,8.34,1.48,4.0,0
683,10.0,42.09,100639.85,2.0,0.0,1.0,0.0,0.0,60.0,4.0,14.92,0.03,2.0,0
684,4.0,23.89,15520.96,1.0,1.0,0.0,0.0,0.0,13.0,4.0,8.14,9.13,5.0,1
685,4.0,1.45,30795.33,1.0,1.0,1.0,1.0,0.0,5.0,6.0,11.41,3.43,5.0,0
686,10.0,0.04,38431.61,1.0,0.0,1.0,0.0,1.0,14.0,3.0,11.56,2.25,2.0,0
687,3.0,14.58,12569.67,2.0,0.0,1.0,0.0,1.0,7.0,5.0,15.37,5.29,2.0,0
688,1.0,11.46,71612.03,1.0,1.0,1.0,0.0,0.0,50.0,2.0,13.42,0.28,3.0,0
689,6.0,6.93,53750.26,1.0,0.0,0.0,0.0,0.0,26.0,4.0,11.92,5.25,1.0,0
690,6.0,4.13,45413.61,1.0,0.0,1.0,1.0,0.0,23.0,2.0,20.63,0.04,4.0,0
691,4.0,1.44,7638.13,0.0,0.0,1.0,0.0,0.0,3.0,3.0,13.25,0.62,3.0,1
692,3.0,5.31,40320.67,0.0,1.0,1.0,0.0,0.0,29.0,2.0,13.03,2.38,1.0,0
693,3.0,3.76,116150.54,2.0,0.0,1.0,0.0,0.0,42.0,3.0,2.6,4.63,2.0,0
694,4.0,5.65,15269.64,1.0,0.0,0.0,0.0,0.0,9.0,3.0,5.72,1.47,2.0,0
695,4.0,8.5,73515.9,1.0,0.0,0.0,1.0,0.0,45.0,6.0,4.14,4.49,2.0,0
696,8.0,23.96,28800.5,1.0,0.0,0.0,0.0,0.0,17.0,4.0,15.14,3.57,5.0,0
697,7.0,18.52,74376.63,0.0,0.0,0.0,1.0,0.0,47.0,2.0,11.59,2.97,5.0,0
698,10.0,12.17,163483.46,2.0,1.0,1.0,1.0,0.0,59.0,3.0,10.84,1.89,2.0,0
699,5.0,3.19,16121.85,1.0,1.0,1.0,0.0,0.0,33.0,2.0,1.78,9.22,3.0,0
700,10.0,6.53,32578.02,0.0,1.0,1.0,0.0,0.0,48.0,3.0,6.29,1.52,5.0,0
701,7.0,7.53,55537.61,2.0,0.0,0.0,0.0,0.0,33.0,4.0,15.01,0.15,5.0,0
702,9.0,12.76,51495.84,0.0,1.0,1.0,0.0,0.0,44.0,4.0,13.73,9.14,2.0,0
703,5.0,12.8,13395.88,0.0,0.0,0.0,0.0,1.0,9.0,4.0,10.63,0.35,5.0,0
704,1.0,3.1,48936.17,2.0,1.0,1.0,0.0,0.0,24.0,6.0,11.29,4.71,1.0,0
705,5.0,11.65,50054.22,1.0,0.0,1.0,0.0,0.0,17.0,2.0,16.97,3.23,1.0,0
706,10.0,2.56,97194.91,0.0,1.0,0.0,0.0,0.0,40.0,4.0,9.48,2.76,4.0,0
707,8.0,7.13,40694.57,1.0,1.0,0.0,0.0,1.0,25.0,4.0,6.13,2.65,5.0,0
708,8.0,3.36,27942.39,0.0,0.0,0.0,1.0,0.0,44.0,3.0,13.31,1.41,3.0,0
709,3.0,2.53,32157.28,1.0,0.0,0.0,0.0,0.0,32.0,3.0,22.93,2.01,2.0,0
710,8.0,10.12,67581.47,1.0,1.0,0.0,1.0,0.0,26.0,4.0,7.75,5.2,4.0,0
711,6.0,9.64,39864.74,1.0,0.0,1.0,0.0,0.0,36.0,3.0,1.66,2.03,5.0,0
712,3.0,3.31,64095.52,0.0,0.0,1.0,0.0,0.0,43.0,2.0,9.72,2.15,1.0,0
713,7.0,13.63,83496.39,1.0,1.0,1.0,1.0,0.0,51.0,7.0,20.13,2.39,1.0,0
714,10.0,19.95,59223.39,1.0,0.0,1.0,0.0,1.0,19.0,4.0,6.1,7.75,3.0,0
715,7.0,8.9,94618.15,2.0,1.0,0.0,0.0,0.0,53.0,1.0,13.86,1.83,3.0,0
716,10.0,2.56,66736.66,0.0,1.0,1.0,1.0,0.0,46.0,3.0,26.96,2.4,1.0,0
717,2.0,4.54,77054.12,0.0,0.0,0.0,0.0,0.0,43.0,2.0,19.96,4.93,4.0,0
718,9.0,11.54,4620.75,1.0,0.0,0.0,0.0,1.0,15.0,3.0,16.26,8.37,5.0,0
719,7.0,16.63,20094.28,1.0,1.0,1.0,1.0,0.0,52.0,1.0,9.24,2.67,3.0,0
720,8.0,1.78,4271.06,1.0,0.0,1.0,1.0,0.0,1.0,2.0,6.25,0.71,5.0,0
721,7.0,4.64,10733.6,1.0,0.0,1.0,0.0,1.0,15.0,4.0,15.21,0.77,4.0,0
722,6.0,1.81,8185.22,2.0,0.0,1.0,0.0,0.0,9.0,4.0,18.22,2.92,1.0,0
723,2.0,17.61,50054.22,2.0,0.0,0.0,0.0,0.0,45.0,1.0,16.48,1.57,5.0,0
724,9.0,12.7,36475.49,1.0,0.0,1.0,0.0,0.0,14.0,3.0,5.57,2.08,3.0,0
725,8.0,18.4,35679.36,2.0,1.0,1.0,0.0,0.0,24.0,3.0,11.39,0.57,1.0,0
726,2.0,1.94,50054.22,0.0,1.0,1.0,0.0,1.0,8.0,5.0,4.77,3.36,2.0,0
727,9.0,5.79,50342.83,1.0,1.0,1.0,1.0,0.0,16.0,2.0,8.85,5.21,3.0,0
728,1.0,13.26,53863.74,1.0,0.0,0.0,1.0,0.0,27.0,2.0,7.02,1.05,4.0,0
729,6.0,44.47,80789.21,2.0,1.0,0.0,1.0,0.0,49.0,4.0,25.61,2.01,1.0,0
730,2.0,10.36,93743.78,0.0,0.0,0.0,0.0,0.0,50.0,3.0,4.46,11.82,5.0,0
731,9.0,5.65,66081.02,2.0,0.0,0.0,0.0,1.0,42.0,5.0,25.03,0.84,3.0,1
732,9.0,3.73,32426.82,1.0,1.0,1.0,0.0,0.0,27.0,4.0,3.41,0.01,4.0,0
733,8.0,3.76,40487.05,0.0,0.0,1.0,0.0,0.0,20.0,3.0,2.82,1.2,4.0,0
734,5.0,2.55,64204.22,0.0,0.0,1.0,1.0,0.0,35.0,3.0,16.73,8.66,5.0,0
735,1.0,2.55,43359.04,0.0,0.0,1.0,1.0,0.0,16.0,3.0,11.2,0.57,1.0,0
736,7.0,11.81,21593.33,0.0,0.0,1.0,0.0,0.0,18.0,6.0,9.5,2.01,5.0,0
737,2.0,13.46,44684.52,1.0,0.0,1.0,0.0,0.0,60.0,3.0,8.83,0.93,4.0,0
738,4.0,8.21,50054.22,1.0,1.0,1.0,1.0,0.0,2.0,1.0,17.42,2.86,5.0,0
739,2.0,19.96,42384.86,2.0,0.0,1.0,0.0,0.0,25.0,4.0,8.55,2.71,4.0,0
740,7.0,2.49,29787.16,0.0,1.0,1.0,0.0,1.0,25.0,2.0,10.55,0.93,3.0,0
741,6.0,2.75,235945.17,1.0,0.0,0.0,0.0,0.0,58.0,12.0,13.18,0.01,2.0,0
742,1.0,11.13,48610.54,0.0,1.0,1.0,0.0,1.0,47.0,5.0,13.94,6.39,1.0,0
743,1.0,4.54,13001.03,0.0,1.0,1.0,0.0,0.0,3.0,4.0,9.71,0.39,4.0,0
744,7.0,14.62,50054.22,1.0,0.0,0.0,0.0,1.0,58.0,4.0,9.6,6.71,5.0,0
745,6.0,15.52,46198.44,1.0,1.0,1.0,1.0,0.0,23.0,4.0,7.66,8.67,1.0,0
746,7.0,0.9,85255.72,1.0,1.0,1.0,0.0,0.0,26.0,2.0,12.1,0.12,5.0,0
747,4.0,7.51,38205.39,1.0,1.0,1.0,0.0,0.0,32.0,5.0,12.4,0.7,5.0,0
748,7.0,8.67,19776.45,2.0,1.0,1.0,1.0,0.0,16.0,2.0,8.86,9.72,1.0,0
749,2.0,24.46,44176.57,1.0,0.0,1.0,1.0,0.0,29.0,5.0,16.36,1.19,3.0,0
750,5.0,3.71,24806.55,0.0,0.0,0.0,0.0,1.0,22.0,3.0,8.78,0.39,2.0,0
751,2.0,19.99,105272.17,1.0,1.0,0.0,0.0,0.0,58.0,2.0,15.95,1.67,3.0,0
752,2.0,9.02,91686.69,1.0,0.0,0.0,0.0,1.0,45.0,4.0,4.37,1.3,2.0,0
753,4.0,5.65,92488.07,1.0,1.0,1.0,0.0,0.0,49.0,1.0,7.88,0.7,2.0,0
754,8.0,13.29,69447.17,0.0,0.0,1.0,0.0,0.0,51.0,2.0,19.27,10.86,2.0,0
755,5.0,2.95,26434.88,1.0,0.0,1.0,1.0,0.0,32.0,2.0,16.77,2.01,1.0,0
756,5.0,5.14,31699.56,2.0,1.0,0.0,1.0,0.0,23.0,1.0,9.71,4.27,2.0,0
757,7.0,5.65,104872.58,1.0,0.0,1.0,0.0,1.0,51.0,3.0,15.5,3.12,2.0,0
758,8.0,5.65,-3862.91,1.0,0.0,1.0,1.0,0.0,1.0,2.0,14.04,0.34,3.0,0
759,5.0,6.3,74616.1,2.0,0.0,1.0,1.0,0.0,60.0,2.0,7.8,3.4,2.0,0
760,2.0,19.77,50054.22,0.0,0.0,0.0,0.0,1.0,14.0,2.0,18.96,0.22,4.0,0
761,5.0,7.88,96839.97,1.0,1.0,0.0,1.0,0.0,54.0,3.0,13.68,4.54,2.0,0
762,10.0,6.83,56865.31,1.0,1.0,0.0,1.0,0.0,53.0,0.0,15.31,0.33,1.0,0
763,10.0,3.77,22068.56,2.0,0.0,0.0,1.0,0.0,27.0,4.0,20.19,0.44,1.0,0
764,3.0,1.52,73421.37,2.0,1.0,0.0,0.0,1.0,48.0,2.0,18.21,5.28,5.0,0
765,9.0,15.83,41681.11,0.0,0.0,0.0,0.0,1.0,31.0,3.0,16.54,7.47,2.0,0
766,1.0,0.09,2382.03,2.0,1.0,1.0,1.0,0.0,12.0,4.0,10.19,14.55,2.0,1
767,8.0,16.0,42840.82,1.0,1.0,0.0,0.0,0.0,31.0,2.0,11.02,0.72,4.0,0
768,9.0,4.93,16651.96,0.0,1.0,0.0,0.0,0.0,11.0,2.0,17.88,4.61,5.0,0
769,4.0,16.74,14576.45,2.0,0.0,0.0,0.0,1.0,17.0,5.0,7.8,0.73,3.0,0
770,6.0,4.3,125778.44,1.0,1.0,1.0,0.0,1.0,60.0,3.0,4.23,2.17,4.0,0
771,2.0,7.11,50054.22,1.0,1.0,1.0,0.0,0.0,19.0,2.0,19.51,0.91,3.0,0
772,3.0,2.68,120727.76,0.0,0.0,1.0,0.0,0.0,50.0,0.0,4.89,2.51,2.0,0
773,9.0,0.54,49040.29,2.0,0.0,1.0,0.0,0.0,15.0,5.0,20.73,0.47,3.0,0
774,9.0,6.63,67726.58,1.0,0.0,1.0,0.0,1.0,60.0,3.0,15.38,0.13,3.0,0
775,5.0,11.06,5482.3,2.0,0.0,1.0,0.0,0.0,14.0,2.0,11.41,7.47,2.0,1
776,4.0,3.27,15152.95,0.0,0.0,1.0,0.0,0.0,10.0,2.0,9.55,1.19,2.0,0
777,10.0,6.53,35245.24,2.0,0.0,1.0,0.0,1.0,18.0,5.0,7.88,0.15,1.0,0
778,2.0,2.18,26589.96,1.0,1.0,1.0,1.0,0.0,7.0,2.0,10.07,2.69,1.0,0
779,10.0,8.57,33238.93,1.0,1.0,1.0,0.0,0.0,5.0,1.0,13.09,2.42,3.0,0
780,3.0,4.43,95892.52,0.0,0.0,1.0,0.0,1.0,40.0,2.0,10.41,4.86,5.0,1
781,10.0,7.28,62954.7,0.0,0.0,1.0,0.0,0.0,49.0,1.0,2.27,4.18,4.0,0
782,5.0,11.21,50054.22,0.0,1.0,1.0,0.0,1.0,43.0,1.0,8.64,0.03,2.0,0
783,7.0,13.38,52933.79,1.0,0.0,1.0,0.0,0.0,29.0,3.0,17.77,0.57,2.0,0
784,2.0,17.65,137973.15,1.0,1.0,1.0,0.0,0.0,49.0,3.0,13.98,5.71,2.0,0
785,7.0,9.9,57857.99,0.0,0.0,1.0,0.0,0.0,12.0,3.0,13.69,7.35,3.0,0
786,5.0,5.65,33975.02,0.0,1.0,0.0,1.0,0.0,42.0,5.0,2.47,1.11,1.0,0
787,1.0,10.38,90303.06,1.0,0.0,0.0,0.0,0.0,57.0,3.0,20.2,1.05,5.0,0
788,8.0,11.96,40159.84,0.0,1.0,1.0,0.0,0.0,30.0,4.0,7.81,2.85,5.0,0
789,10.0,13.61,109507.11,1.0,0.0,0.0,0.0,0.0,60.0,4.0,18.73,4.35,4.0,0
790,1.0,7.04,64126.12,1.0,1.0,1.0,0.0,0.0,29.0,0.0,15.91,0.48,2.0,0
791,7.0,15.66,69474.64,1.0,0.0,0.0,0.0,0.0,33.0,2.0,11.1,1.05,5.0,0
792,6.0,10.09,95050.85,2.0,1.0,1.0,1.0,0.0,59.0,3.0,22.56,1.29,1.0,0
793,1.0,10.13,50054.22,0.0,0.0,0.0,0.0,0.0,32.0,3.0,15.34,1.52,1.0,0
794,5.0,13.25,72634.4,1.0,1.0,0.0,0.0,1.0,39.0,1.0,22.26,0.65,1.0,0
795,1.0,4.44,50054.22,0.0,0.0,1.0,0.0,0.0,55.0,2.0,8.81,0.79,4.0,0
796,8.0,14.52,4240.08,0.0,0.0,1.0,0.0,0.0,9.0,3.0,6.91,0.25,5.0,0
797,5.0,6.92,111276.89,0.0,0.0,0.0,0.0,1.0,45.0,4.0,6.91,5.54,4.0,0
798,6.0,2.07,43827.41,0.0,0.0,1.0,0.0,0.0,24.0,3.0,13.58,0.73,5.0,0
799,9.0,13.61,105569.89,2.0,1.0,1.0,1.0,0.0,45.0,3.0,12.43,3.81,3.0,0
800,6.0,14.43,13565.06,2.0,0.0,1.0,0.0,0.0,30.0,1.0,15.55,2.75,1.0,0
801,8.0,4.86,38511.8,2.0,1.0,0.0,0.0,0.0,29.0,3.0,12.74,12.88,1.0,0
802,2.0,6.34,92332.75,1.0,1.0,1.0,0.0,0.0,37.0,1.0,23.27,2.86,3.0,0
803,8.0,2.33,-5845.98,0.0,1.0,0.0,0.0,0.0,6.0,2.0,11.05,0.17,3.0,0
804,4.0,8.27,-5921.11,0.0,0.0,1.0,0.0,0.0,4.0,2.0,18.87,0.17,1.0,0
805,3.0,8.27,88841.99,0.0,0.0,1.0,0.0,0.0,35.0,5.0,18.56,9.64,1.0,1
806,5.0,9.71,15785.02,2.0,0.0,1.0,0.0,1.0,17.0,2.0,22.6,1.23,3.0,0
807,7.0,3.46,64094.69,1.0,0.0,1.0,0.0,1.0,47.0,2.0,9.74,3.19,5.0,0
808,3.0,1.58,35842.38,2.0,0.0,1.0,0.0,0.0,16.0,3.0,6.43,4.46,5.0,1
809,7.0,14.24,22907.19,2.0,0.0,0.0,0.0,1.0,16.0,1.0,9.98,1.11,2.0,0
810,1.0,4.21,22855.92,1.0,1.0,0.0,0.0,0.0,11.0,1.0,13.15,0.37,1.0,0
811,2.0,12.01,-2277.24,1.0,0.0,0.0,0.0,1.0,6.0,5.0,6.72,0.41,2.0,0
812,8.0,3.35,100652.15,1.0,0.0,0.0,0.0,0.0,46.0,4.0,15.72,0.2,2.0,0
813,8.0,0.48,121843.77,0.0,0.0,1.0,1.0,0.0,46.0,4.0,10.11,0.22,3.0,0
814,6.0,2.62,45256.98,1.0,1.0,1.0,0.0,0.0,41.0,3.0,17.28,3.24,4.0,0
815,9.0,4.07,-2701.18,0.0,1.0,1.0,0.0,0.0,9.0,4.0,12.71,0.25,5.0,0
816,10.0,1.2,-11885.34,1.0,0.0,1.0,0.0,0.0,3.0,2.0,11.89,2.16,1.0,0
817,9.0,2.04,78118.8,1.0,0.0,0.0,0.0,0.0,58.0,2.0,12.44,3.54,2.0,0
818,9.0,3.38,40926.02,1.0,1.0,1.0,0.0,0.0,36.0,3.0,18.98,8.8,5.0,0
819,2.0,23.51,36250.08,0.0,1.0,1.0,1.0,0.0,53.0,3.0,8.79,2.78,3.0,0
820,5.0,12.97,126470.08,1.0,0.0,0.0,1.0,0.0,57.0,3.0,6.74,2.3,3.0,0
821,6.0,5.65,19263.41,0.0,0.0,1.0,0.0,0.0,7.0,4.0,9.42,0.45,5.0,0
822,7.0,4.13,30318.54,2.0,1.0,0.0,0.0,0.0,49.0,3.0,11.71,0.28,1.0,0
823,10.0,3.34,-6436.79,0.0,1.0,0.0,1.0,0.0,4.0,2.0,8.47,3.84,4.0,0
824,6.0,17.19,17712.26,0.0,0.0,1.0,1.0,0.0,12.0,0.0,6.6,0.6,3.0,0
825,2.0,3.62,61090.53,1.0,0.0,0.0,0.0,0.0,36.0,2.0,19.18,3.51,3.0,0
826,8.0,10.42,63210.12,1.0,1.0,0.0,0.0,1.0,17.0,3.0,11.85,0.72,5.0,0
827,2.0,2.94,86723.64,1.0,1.0,0.0,0.0,0.0,39.0,3.0,9.48,0.02,5.0,0
828,6.0,21.53,911.5,0.0,1.0,1.0,0.0,0.0,14.0,8.0,17.15,4.33,2.0,0
829,7.0,1.99,31219.9,1.0,0.0,1.0,0.0,0.0,21.0,1.0,26.72,0.97,5.0,0
830,3.0,12.82,75473.15,2.0,0.0,1.0,0.0,0.0,27.0,5.0,13.23,2.47,5.0,0
831,7.0,0.99,39891.85,2.0,0.0,1.0,1.0,0.0,39.0,5.0,12.35,3.19,3.0,0
832,4.0,24.37,94876.26,1.0,1.0,1.0,1.0,0.0,49.0,4.0,2.83,0.49,1.0,0
833,2.0,11.97,12195.77,0.0,1.0,1.0,1.0,0.0,20.0,4.0,8.13,4.71,4.0,0
834,7.0,21.17,33835.5,2.0,1.0,0.0,1.0,0.0,14.0,5.0,8.13,0.05,2.0,0
835,5.0,16.45,49208.55,2.0,0.0,1.0,0.0,0.0,31.0,2.0,11.14,8.45,4.0,0
836,3.0,4.08,87942.97,1.0,0.0,1.0,0.0,0.0,44.0,1.0,1.93,0.36,5.0,1
837,8.0,6.77,22588.24,0.0,0.0,0.0,0.0,0.0,13.0,3.0,15.94,2.19,2.0,0
838,2.0,1.15,35944.92,2.0,0.0,1.0,0.0,0.0,39.0,2.0,10.56,5.42,5.0,0
839,5.0,0.14,5021.73,0.0,1.0,1.0,0.0,0.0,12.0,2.0,12.45,0.27,1.0,0
840,3.0,0.17,45290.76,2.0,1.0,1.0,1.0,0.0,17.0,0.0,7.11,3.28,1.0,0
841,3.0,4.78,231227.37,0.0,1.0,1.0,1.0,0.0,34.0,10.0,14.34,1.27,5.0,0
842,10.0,16.33,121920.51,1.0,0.0,1.0,0.0,0.0,58.0,1.0,12.44,2.14,2.0,0
843,1.0,6.69,25990.26,1.0,0.0,1.0,0.0,0.0,6.0,4.0,9.08,1.99,4.0,0
844,6.0,18.0,19283.52,1.0,0.0,0.0,0.0,0.0,1.0,4.0,16.4,0.44,2.0,0
845,7.0,9.6,113641.62,2.0,0.0,0.0,0.0,0.0,46.0,6.0,11.8,0.53,1.0,0
846,1.0,2.36,9989.31,2.0,0.0,1.0,0.0,0.0,6.0,2.0,15.05,2.36,1.0,0
847,3.0,11.98,54245.86,2.0,0.0,1.0,0.0,0.0,26.0,6.0,9.49,1.79,4.0,0
848,7.0,8.04,71357.61,1.0,0.0,0.0,1.0,0.0,55.0,3.0,10.67,0.81,1.0,0
849,2.0,18.09,37323.5,1.0,1.0,1.0,0.0,0.0,44.0,4.0,8.02,1.66,3.0,0
850,9.0,11.27,98108.26,2.0,0.0,1.0,0.0,0.0,25.0,3.0,15.0,7.4,3.0,0
851,9.0,1.56,81560.25,2.0,0.0,1.0,0.0,0.0,50.0,3.0,6.03,3.09,3.0,0
852,7.0,3.62,33701.31,1.0,1.0,0.0,0.0,0.0,27.0,3.0,11.59,1.47,1.0,0
853,2.0,1.02,95000.84,1.0,0.0,1.0,0.0,0.0,51.0,2.0,18.76,0.94,2.0,0
854,8.0,6.88,30120.15,2.0,0.0,1.0,0.0,0.0,6.0,8.0,12.3,0.71,5.0,0
855,3.0,1.22,120362.64,0.0,0.0,1.0,1.0,0.0,50.0,3.0,12.75,4.09,1.0,0
856,9.0,2.35,110735.29,0.0,1.0,1.0,0.0,0.0,58.0,5.0,15.34,6.86,2.0,0
857,5.0,1.02,114484.07,1.0,1.0,1.0,0.0,0.0,47.0,4.0,11.81,2.65,4.0,0
858,7.0,0.21,180031.13,2.0,1.0,1.0,1.0,0.0,59.0,5.0,13.04,4.15,3.0,0
859,7.0,14.27,63176.21,0.0,0.0,1.0,0.0,0.0,23.0,3.0,14.22,2.31,1.0,0
860,3.0,1.57,93120.18,1.0,0.0,0.0,0.0,0.0,47.0,0.0,10.81,3.83,1.0,0
861,8.0,7.7,75239.25,1.0,0.0,0.0,0.0,0.0,40.0,3.0,14.46,1.62,1.0,0
862,8.0,0.2,135030.27,2.0,1.0,1.0,0.0,0.0,44.0,3.0,14.18,0.01,1.0,0
863,5.0,10.06,25342.89,1.0,0.0,1.0,0.0,1.0,38.0,3.0,20.0,1.4,3.0,0
864,4.0,0.43,41541.5,1.0,1.0,1.0,1.0,0.0,14.0,4.0,15.7,0.21,2.0,0
865,2.0,32.16,82401.66,2.0,0.0,1.0,0.0,1.0,59.0,3.0,12.08,1.62,3.0,0
866,6.0,3.44,-7213.23,0.0,1.0,1.0,1.0,0.0,3.0,5.0,10.94,2.61,2.0,0
867,6.0,2.22,10364.41,1.0,1.0,1.0,0.0,0.0,5.0,7.0,18.8,5.54,1.0,0
868,7.0,3.32,47337.9,0.0,1.0,1.0,1.0,0.0,17.0,4.0,9.88,1.83,2.0,0
869,6.0,8.18,50054.22,0.0,0.0,1.0,1.0,0.0,8.0,0.0,12.01,0.91,1.0,0
870,5.0,7.3,-1150.22,0.0,0.0,1.0,0.0,0.0,1.0,5.0,14.33,0.55,1.0,0
871,8.0,5.65,27154.59,1.0,1.0,0.0,0.0,1.0,18.0,6.0,16.2,1.17,5.0,0
872,8.0,12.66,70178.73,0.0,1.0,0.0,0.0,1.0,22.0,3.0,9.91,1.58,2.0,0
873,1.0,17.27,83044.26,0.0,0.0,1.0,0.0,1.0,36.0,2.0,15.95,0.9,2.0,0
874,1.0,1.59,6605.8,0.0,1.0,1.0,0.0,0.0,15.0,1.0,12.21,0.09,3.0,0
875,1.0,4.11,54614.8,2.0,0.0,1.0,0.0,0.0,39.0,4.0,11.85,1.71,3.0,0
876,7.0,2.03,-17094.18,0.0,0.0,0.0,0.0,1.0,7.0,1.0,13.1,4.33,2.0,0
877,1.0,0.94,22909.33,2.0,0.0,1.0,0.0,0.0,18.0,3.0,15.85,7.82,5.0,0
878,3.0,3.9,105544.41,2.0,0.0,0.0,0.0,0.0,50.0,1.0,4.4,2.72,4.0,0
879,1.0,5.69,5133.04,2.0,1.0,1.0,0.0,0.0,4.0,3.0,16.37,0.31,3.0,0
880,3.0,7.45,78892.72,1.0,1.0,1.0,0.0,0.0,32.0,4.0,11.08,2.49,4.0,0
881,8.0,16.51,56753.15,0.0,0.0,1.0,0.0,1.0,28.0,3.0,18.37,1.87,2.0,0
882,4.0,5.65,40494.0,1.0,0.0,0.0,1.0,0.0,30.0,2.0,11.58,3.84,2.0,0
883,9.0,6.92,43688.79,1.0,0.0,0.0,0.0,1.0,54.0,4.0,17.72,0.02,3.0,0
884,6.0,2.16,15308.85,1.0,0.0,0.0,0.0,0.0,10.0,4.0,9.6,4.89,1.0,0
885,10.0,1.91,94335.76,1.0,0.0,1.0,0.0,0.0,32.0,2.0,11.43,1.16,1.0,0
886,5.0,2.08,18625.85,2.0,1.0,0.0,1.0,0.0,8.0,6.0,17.38,0.82,2.0,0
887,6.0,9.46,27389.93,1.0,1.0,1.0,0.0,1.0,16.0,6.0,17.89,1.01,1.0,0
888,10.0,8.42,21189.65,1.0,1.0,1.0,0.0,0.0,29.0,1.0,10.44,2.44,3.0,0
889,5.0,2.11,70380.01,0.0,0.0,0.0,0.0,0.0,46.0,4.0,16.3,3.13,3.0,0
890,8.0,23.4,79459.67,0.0,1.0,1.0,0.0,1.0,42.0,2.0,12.83,2.79,3.0,0
891,10.0,5.65,60247.67,2.0,0.0,0.0,0.0,0.0,58.0,1.0,17.69,2.66,3.0,0
892,1.0,23.43,85212.16,1.0,0.0,0.0,0.0,0.0,42.0,4.0,14.34,6.35,5.0,1
893,8.0,0.56,92484.46,2.0,0.0,1.0,1.0,0.0,34.0,2.0,14.71,5.98,2.0,0
894,8.0,0.34,106178.47,1.0,0.0,0.0,0.0,0.0,45.0,2.0,1.0,0.88,3.0,0
895,5.0,20.38,112196.76,2.0,1.0,1.0,0.0,0.0,59.0,4.0,14.71,0.42,4.0,0
896,7.0,2.98,10080.37,1.0,0.0,0.0,0.0,0.0,9.0,3.0,11.57,2.12,1.0,0
897,6.0,12.28,53721.93,1.0,0.0,1.0,0.0,0.0,35.0,2.0,13.41,1.82,3.0,0
898,6.0,18.56,149030.35,0.0,0.0,1.0,0.0,1.0,52.0,3.0,10.4,5.09,2.0,0
899,1.0,18.66,-17069.31,2.0,1.0,1.0,0.0,0.0,2.0,4.0,13.98,0.58,1.0,1
900,5.0,11.35,33582.69,1.0,0.0,0.0,0.0,0.0,13.0,0.0,8.1,0.51,5.0,0
901,10.0,7.53,51855.33,1.0,0.0,0.0,1.0,0.0,31.0,4.0,1.0,1.05,2.0,0
902,3.0,4.68,16886.28,1.0,0.0,0.0,0.0,1.0,10.0,3.0,8.85,11.05,5.0,0
903,2.0,11.33,110831.55,1.0,1.0,0.0,0.0,0.0,52.0,6.0,16.32,1.2,1.0,0
904,8.0,8.21,63081.03,0.0,0.0,1.0,0.0,0.0,40.0,3.0,13.71,6.85,4.0,0
905,5.0,0.16,48874.46,0.0,0.0,0.0,0.0,0.0,46.0,4.0,10.44,5.74,5.0,0
906,3.0,5.65,84688.39,2.0,0.0,1.0,1.0,0.0,38.0,1.0,9.77,9.64,3.0,0
907,5.0,1.49,11752.59,1.0,1.0,0.0,0.0,1.0,11.0,2.0,16.15,1.98,5.0,0
908,2.0,19.28,-1680.15,1.0,0.0,1.0,0.0,0.0,16.0,4.0,11.9,1.55,1.0,0
909,5.0,0.82,33922.91,2.0,0.0,1.0,1.0,0.0,21.0,3.0,7.45,1.14,5.0,0
910,9.0,13.0,67304.51,0.0,0.0,1.0,0.0,0.0,56.0,9.0,13.44,5.09,2.0,0
911,4.0,12.44,504.16,1.0,1.0,1.0,0.0,0.0,8.0,1.0,9.21,5.23,2.0,0
912,5.0,7.09,30521.27,0.0,0.0,1.0,0.0,1.0,15.0,4.0,13.09,4.89,1.0,0
913,2.0,0.72,104692.94,0.0,0.0,0.0,0.0,0.0,59.0,7.0,2.62,8.0,1.0,0
914,1.0,1.92,171351.96,1.0,0.0,1.0,0.0,1.0,44.0,8.0,1.75,3.76,1.0,0
915,9.0,10.29,87486.18,0.0,0.0,1.0,0.0,1.0,58.0,2.0,20.19,1.13,2.0,0
916,3.0,4.3,83989.76,1.0,0.0,1.0,0.0,0.0,34.0,4.0,1.24,0.35,2.0,0
917,4.0,10.02,-21305.02,0.0,0.0,0.0,0.0,0.0,6.0,2.0,16.03,0.56,2.0,0
918,1.0,3.39,142827.14,1.0,1.0,0.0,0.0,0.0,46.0,1.0,10.0,5.65,5.0,0
919,10.0,0.06,91665.69,2.0,0.0,1.0,1.0,0.0,59.0,4.0,8.73,2.57,4.0,0
920,1.0,8.79,99689.98,1.0,0.0,0.0,1.0,0.0,51.0,1.0,12.28,1.26,2.0,0
921,7.0,0.3,27902.06,1.0,0.0,0.0,0.0,0.0,15.0,1.0,10.9,9.54,4.0,0
922,6.0,3.95,115842.9,0.0,0.0,0.0,0.0,0.0,59.0,4.0,7.95,2.25,3.0,0
923,7.0,7.32,14336.33,2.0,0.0,1.0,1.0,0.0,10.0,3.0,11.36,1.13,3.0,0
924,2.0,5.65,114032.78,2.0,0.0,0.0,0.0,0.0,51.0,3.0,10.87,0.82,2.0,0
925,10.0,2.32,29014.12,1.0,0.0,0.0,0.0,1.0,25.0,3.0,8.19,4.47,1.0,0
926,8.0,5.1,31611.76,1.0,0.0,0.0,1.0,0.0,26.0,1.0,13.57,1.33,3.0,0
927,6.0,0.97,52932.01,0.0,0.0,0.0,0.0,0.0,54.0,2.0,22.95,0.27,5.0,0
928,9.0,6.51,54564.94,0.0,1.0,1.0,0.0,1.0,40.0,1.0,18.83,2.14,3.0,0
929,3.0,5.65,-4038.74,2.0,1.0,1.0,0.0,0.0,2.0,1.0,15.49,0.2,1.0,0
930,9.0,2.47,36070.29,1.0,0.0,1.0,0.0,1.0,31.0,1.0,15.08,1.34,4.0,0
931,2.0,11.3,21700.41,0.0,1.0,1.0,0.0,1.0,26.0,4.0,6.73,0.24,3.0,0
932,5.0,2.9,65197.21,1.0,1.0,1.0,0.0,1.0,40.0,6.0,10.76,6.25,1.0,0
933,7.0,12.72,8666.95,0.0,0.0,1.0,1.0,0.0,18.0,4.0,16.08,12.8,2.0,1
934,8.0,22.66,121866.49,0.0,1.0,1.0,0.0,0.0,35.0,2.0,15.0,0.79,2.0,0
935,7.0,20.96,60733.11,2.0,0.0,1.0,1.0,0.0,22.0,4.0,11.95,6.21,1.0,1
936,7.0,6.66,90828.02,2.0,0.0,0.0,1.0,0.0,45.0,2.0,4.88,5.21,3.0,0
937,1.0,15.44,-1770.26,0.0,0.0,1.0,0.0,0.0,22.0,3.0,12.4,3.25,3.0,1
938,3.0,2.81,107326.57,1.0,0.0,0.0,0.0,0.0,59.0,2.0,12.33,0.61,2.0,0
939,4.0,3.19,50054.22,1.0,0.0,0.0,0.0,1.0,15.0,3.0,8.37,2.81,4.0,0
940,1.0,12.92,21430.25,0.0,0.0,1.0,1.0,0.0,40.0,3.0,10.97,1.34,2.0,0
941,1.0,6.88,100496.42,0.0,0.0,0.0,0.0,1.0,47.0,0.0,24.02,4.2,1.0,0
942,7.0,2.93,101561.4,0.0,0.0,1.0,0.0,0.0,59.0,3.0,24.3,2.29,5.0,0
943,6.0,3.94,43456.22,1.0,0.0,0.0,0.0,0.0,35.0,2.0,11.32,4.13,4.0,0
944,4.0,53.48,95412.83,1.0,0.0,1.0,0.0,1.0,45.0,2.0,18.18,2.94,2.0,0
945,8.0,2.09,68101.44,1.0,0.0,1.0,0.0,0.0,32.0,2.0,17.11,0.62,3.0,0
946,8.0,6.48,100829.09,0.0,0.0,1.0,1.0,0.0,47.0,8.0,15.6,7.83,1.0,0
947,8.0,1.3,1866.65,1.0,0.0,1.0,0.0,1.0,1.0,1.0,20.72,5.92,2.0,0
948,9.0,17.01,83356.73,0.0,1.0,1.0,0.0,1.0,41.0,1.0,16.63,20.29,5.0,0
949,7.0,1.83,44166.1,0.0,1.0,0.0,0.0,0.0,25.0,2.0,15.21,10.46,2.0,0
950,7.0,34.69,119252.0,1.0,0.0,0.0,0.0,1.0,35.0,1.0,9.11,1.55,1.0,0
951,7.0,4.17,63697.16,1.0,0.0,1.0,0.0,0.0,27.0,3.0,8.22,0.7,1.0,0
952,4.0,17.67,17929.71,1.0,1.0,0.0,0.0,0.0,8.0,2.0,15.8,5.15,4.0,0
953,2.0,2.1,74281.47,2.0,0.0,1.0,1.0,0.0,47.0,3.0,8.72,0.79,2.0,0
954,5.0,7.28,27157.68,1.0,0.0,0.0,0.0,0.0,32.0,3.0,11.4,3.26,4.0,0
955,10.0,4.99,27489.03,1.0,0.0,0.0,0.0,0.0,43.0,4.0,15.62,2.32,2.0,0
956,4.0,0.0,26242.01,0.0,0.0,0.0,0.0,0.0,10.0,2.0,7.47,3.63,2.0,0
957,2.0,1.46,22863.17,1.0,1.0,1.0,1.0,0.0,17.0,2.0,14.43,2.29,4.0,0
958,7.0,4.3,42216.7,2.0,0.0,1.0,1.0,0.0,17.0,3.0,4.96,1.19,4.0,0
959,4.0,0.03,92908.8,1.0,0.0,1.0,0.0,0.0,44.0,0.0,7.18,2.96,4.0,0
960,5.0,10.94,1213.88,1.0,1.0,1.0,0.0,0.0,8.0,2.0,17.29,2.2,2.0,1
961,5.0,13.25,72634.4,1.0,1.0,0.0,0.0,1.0,39.0,1.0,22.26,0.65,1.0,0
962,4.0,2.22,26914.61,1.0,0.0,0.0,0.0,1.0,29.0,3.0,12.01,5.0,3.0,0
963,8.0,2.69,30836.4,1.0,0.0,1.0,0.0,0.0,15.0,3.0,21.92,6.22,5.0,0
964,1.0,0.38,29843.53,1.0,0.0,1.0,0.0,0.0,10.0,1.0,16.05,1.55,4.0,0
965,7.0,4.61,20336.9,1.0,0.0,0.0,0.0,0.0,26.0,5.0,16.72,3.36,3.0,0
966,7.0,0.84,-2840.19,1.0,0.0,1.0,0.0,1.0,1.0,2.0,6.33,0.07,1.0,1
967,7.0,0.25,56258.33,1.0,0.0,1.0,0.0,0.0,51.0,4.0,14.14,0.53,1.0,0
968,2.0,6.75,-2613.03,0.0,0.0,1.0,0.0,1.0,2.0,2.0,15.28,5.63,3.0,0
969,10.0,3.28,38121.19,0.0,0.0,0.0,0.0,0.0,12.0,4.0,9.47,3.74,3.0,0
970,4.0,8.8,50586.03,1.0,1.0,1.0,0.0,0.0,51.0,3.0,13.22,1.8,3.0,0
971,7.0,8.54,133399.49,0.0,1.0,1.0,0.0,1.0,60.0,2.0,9.67,1.71,4.0,0
972,7.0,0.18,128224.02,0.0,0.0,1.0,0.0,0.0,51.0,5.0,7.75,0.81,1.0,0
973,3.0,0.71,74588.15,0.0,0.0,0.0,0.0,0.0,37.0,4.0,9.63,2.67,3.0,1
974,3.0,13.64,9164.79,1.0,0.0,1.0,0.0,1.0,7.0,4.0,17.16,7.18,2.0,1
975,1.0,1.45,50054.22,0.0,1.0,0.0,0.0,0.0,19.0,2.0,3.87,2.21,1.0,1
976,9.0,5.65,78793.53,2.0,1.0,0.0,0.0,0.0,47.0,5.0,20.62,4.51,4.0,0
977,6.0,1.1,48203.96,2.0,0.0,1.0,1.0,0.0,21.0,4.0,14.2,3.89,4.0,0
978,4.0,2.24,85440.66,0.0,1.0,0.0,0.0,0.0,34.0,4.0,15.86,1.46,3.0,0
979,5.0,34.25,22157.84,1.0,1.0,0.0,1.0,0.0,2.0,1.0,12.27,5.77,1.0,0
980,7.0,20.16,12721.16,0.0,0.0,0.0,0.0,0.0,15.0,6.0,7.36,0.31,1.0,0
981,4.0,5.65,-2817.79,2.0,1.0,0.0,0.0,1.0,7.0,2.0,18.41,1.51,2.0,0
982,9.0,14.69,32090.51,0.0,1.0,1.0,1.0,0.0,17.0,4.0,12.42,6.29,4.0,0
983,8.0,4.18,63761.94,1.0,1.0,0.0,1.0,0.0,38.0,2.0,18.8,3.79,2.0,0
984,2.0,1.03,78413.51,0.0,0.0,0.0,0.0,0.0,39.0,4.0,1.0,6.14,5.0,0
985,10.0,2.34,39559.81,0.0,0.0,1.0,0.0,0.0,22.0,6.0,2.1,2.91,3.0,0
986,8.0,13.33,23861.22,1.0,1.0,0.0,0.0,1.0,5.0,2.0,11.93,1.97,1.0,0
987,5.0,1.12,73464.94,1.0,1.0,0.0,1.0,0.0,27.0,2.0,8.33,1.97,5.0,0
988,3.0,1.95,67230.15,1.0,1.0,1.0,0.0,1.0,36.0,4.0,17.82,7.02,5.0,0
989,10.0,6.84,107817.46,2.0,0.0,0.0,0.0,0.0,33.0,5.0,16.66,0.82,2.0,0
990,10.0,5.65,100798.07,0.0,0.0,0.0,1.0,0.0,36.0,2.0,16.78,3.04,5.0,0
991,9.0,9.51,9243.48,0.0,1.0,1.0,0.0,0.0,9.0,5.0,20.59,2.85,1.0,0
992,5.0,7.78,27182.33,2.0,1.0,0.0,0.0,0.0,29.0,2.0,14.6,6.15,5.0,0
993,2.0,3.33,108828.78,2.0,0.0,1.0,0.0,0.0,55.0,1.0,18.05,0.01,1.0,0
994,10.0,0.05,87427.97,1.0,0.0,1.0,0.0,1.0,50.0,2.0,6.72,0.35,3.0,0
995,6.0,23.89,40381.78,0.0,0.0,1.0,0.0,0.0,15.0,3.0,9.95,2.56,2.0,0
996,7.0,15.25,36018.2,1.0,0.0,1.0,1.0,0.0,51.0,1.0,18.67,1.89,2.0,0
997,10.0,5.65,9482.24,2.0,0.0,1.0,1.0,0.0,26.0,2.0,15.62,0.58,1.0,0
998,5.0,0.88,128811.57,1.0,0.0,0.0,0.0,0.0,45.0,2.0,6.7,0.96,1.0,0
999,10.0,3.6,27992.47,0.0,1.0,0.0,1.0,0.0,17.0,1.0,22.22,2.95,5.0,0
1000,7.0,6.95,123895.07,0.0,0.0,1.0,0.0,0.0,46.0,2.0,16.99,1.59,5.0,0
1001,2.0,9.86,39262.99,1.0,0.0,0.0,0.0,0.0,13.0,4.0,13.8,0.67,5.0,1
1002,7.0,1.3,427.3,0.0,0.0,0.0,1.0,0.0,5.0,5.0,12.59,3.67,1.0,0
1003,3.0,2.29,50054.22,2.0,0.0,0.0,0.0,0.0,8.0,1.0,21.56,0.67,3.0,0
1004,5.0,13.1,43021.28,1.0,1.0,1.0,1.0,0.0,29.0,2.0,20.32,0.16,4.0,0
1005,1.0,0.94,13236.65,2.0,0.0,0.0,0.0,0.0,13.0,3.0,4.56,3.45,1.0,0
1006,1.0,22.83,50054.22,0.0,0.0,0.0,0.0,0.0,9.0,2.0,5.56,4.46,3.0,1
1007,7.0,5.33,49692.71,1.0,0.0,1.0,1.0,0.0,11.0,2.0,18.84,1.61,2.0,0
1008,8.0,27.15,45551.36,2.0,0.0,0.0,0.0,1.0,24.0,7.0,13.99,2.35,2.0,1
1009,6.0,6.57,75550.92,2.0,0.0,0.0,0.0,0.0,55.0,2.0,7.73,1.04,3.0,0
1010,5.0,3.02,187705.9,0.0,0.0,0.0,0.0,1.0,58.0,3.0,2.86,6.66,1.0,0
1011,8.0,0.77,50054.22,1.0,1.0,0.0,0.0,1.0,4.0,6.0,13.47,0.84,4.0,0
1012,7.0,12.05,38652.16,1.0,0.0,1.0,0.0,0.0,8.0,0.0,13.53,1.76,3.0,0
1013,9.0,3.86,64448.77,0.0,0.0,1.0,0.0,1.0,20.0,3.0,17.85,8.75,3.0,0
1014,2.0,4.02,50054.22,1.0,1.0,1.0,1.0,0.0,37.0,1.0,5.35,0.13,2.0,0
1015,9.0,0.9,55363.17,1.0,0.0,0.0,0.0,0.0,55.0,0.0,8.97,1.92,5.0,0
1016,8.0,24.83,123650.89,0.0,0.0,1.0,1.0,0.0,57.0,6.0,10.71,0.4,4.0,0
1017,4.0,18.53,50575.3,1.0,0.0,0.0,0.0,0.0,39.0,0.0,11.13,6.55,4.0,0
1018,8.0,2.76,78248.16,0.0,0.0,0.0,0.0,1.0,50.0,3.0,13.57,1.81,1.0,0
1019,7.0,9.08,70863.92,1.0,0.0,1.0,0.0,0.0,29.0,3.0,11.26,5.2,5.0,0
1020,10.0,2.97,95205.53,0.0,0.0,1.0,1.0,0.0,44.0,1.0,14.66,0.63,2.0,0
1021,2.0,6.67,-2580.0,1.0,1.0,1.0,1.0,0.0,5.0,3.0,14.0,2.6,1.0,0
1022,1.0,5.65,57054.11,2.0,0.0,0.0,1.0,0.0,32.0,5.0,13.48,2.81,1.0,0
1023,9.0,0.35,37288.35,1.0,0.0,1.0,0.0,0.0,52.0,3.0,15.08,2.86,5.0,0
1024,5.0,0.92,15291.24,2.0,1.0,1.0,0.0,0.0,3.0,2.0,10.33,3.42,4.0,0
1025,7.0,15.62,27922.53,1.0,0.0,1.0,0.0,0.0,23.0,3.0,17.14,5.68,2.0,0
1026,5.0,13.22,25557.11,0.0,0.0,1.0,0.0,1.0,3.0,3.0,17.53,4.3,4.0,0
1027,2.0,0.84,73569.18,0.0,1.0,0.0,0.0,0.0,35.0,3.0,13.15,3.36,1.0,0
1028,4.0,1.23,-7919.29,0.0,0.0,0.0,0.0,0.0,11.0,2.0,10.46,9.41,4.0,0
1029,10.0,0.12,108979.76,1.0,0.0,0.0,1.0,0.0,36.0,3.0,19.42,0.95,4.0,0
1030,4.0,5.16,36576.95,0.0,1.0,0.0,1.0,0.0,7.0,2.0,15.91,1.24,5.0,0
1031,1.0,0.48,42545.48,1.0,0.0,1.0,0.0,0.0,21.0,2.0,10.68,0.09,4.0,0
1032,7.0,5.65,62997.03,0.0,0.0,1.0,0.0,0.0,53.0,3.0,14.86,6.28,4.0,0
1033,7.0,22.92,81260.59,0.0,1.0,1.0,0.0,0.0,54.0,4.0,16.46,5.0,3.0,0
1034,6.0,23.23,107261.33,0.0,1.0,1.0,1.0,0.0,43.0,5.0,6.22,0.05,1.0,0
1035,7.0,9.85,50054.22,1.0,0.0,1.0,0.0,0.0,26.0,2.0,15.89,4.14,1.0,0
1036,10.0,11.82,33271.59,0.0,1.0,1.0,0.0,1.0,21.0,4.0,5.18,1.64,2.0,0
1037,4.0,1.65,22375.93,0.0,0.0,1.0,0.0,1.0,42.0,3.0,10.86,0.87,3.0,0
1038,6.0,1.85,-16218.21,0.0,1.0,1.0,0.0,1.0,3.0,7.0,12.91,1.06,4.0,0
1039,10.0,23.01,-284.39,1.0,0.0,1.0,0.0,0.0,10.0,2.0,8.43,1.39,2.0,0
1040,7.0,10.42,22632.34,1.0,0.0,1.0,0.0,1.0,10.0,2.0,10.78,7.61,1.0,0
1041,6.0,5.65,73524.48,1.0,1.0,1.0,0.0,0.0,25.0,0.0,14.35,2.09,3.0,0
1042,1.0,18.83,106431.55,0.0,0.0,0.0,0.0,0.0,34.0,2.0,17.36,4.33,4.0,1
1043,7.0,5.26,179185.16,1.0,1.0,1.0,0.0,0.0,53.0,3.0,11.99,0.64,5.0,0
1044,1.0,21.99,119.69,0.0,1.0,0.0,1.0,0.0,12.0,5.0,7.42,0.67,2.0,0
1045,7.0,16.42,97356.82,0.0,0.0,1.0,0.0,0.0,58.0,3.0,3.72,0.74,2.0,0
1046,1.0,3.41,46059.68,1.0,0.0,1.0,0.0,0.0,16.0,5.0,9.02,4.68,4.0,0
1047,7.0,0.54,104961.5,2.0,0.0,1.0,0.0,0.0,49.0,3.0,23.44,1.87,5.0,0
1048,1.0,6.46,189129.92,0.0,0.0,1.0,0.0,0.0,57.0,3.0,15.52,1.23,4.0,0
1049,10.0,20.7,68203.3,1.0,0.0,1.0,0.0,0.0,51.0,4.0,12.29,2.5,5.0,0
1050,1.0,5.67,33345.4,1.0,0.0,1.0,1.0,0.0,25.0,2.0,3.42,0.73,1.0,0
1051,6.0,3.51,17134.64,1.0,0.0,1.0,1.0,0.0,22.0,1.0,13.72,4.53,3.0,0
1052,4.0,0.67,44690.64,0.0,0.0,0.0,0.0,0.0,47.0,3.0,14.7,2.95,3.0,0
1053,1.0,5.47,14346.31,1.0,0.0,0.0,0.0,0.0,56.0,2.0,2.34,8.21,1.0,0
1054,7.0,3.49,60937.3,2.0,1.0,0.0,0.0,0.0,60.0,3.0,8.12,0.79,5.0,0
1055,5.0,5.65,33324.42,2.0,0.0,0.0,0.0,1.0,20.0,4.0,4.07,2.79,3.0,0
1056,5.0,0.05,20897.04,0.0,0.0,0.0,0.0,0.0,12.0,4.0,13.94,2.19,4.0,0
1057,7.0,10.14,50054.22,2.0,0.0,1.0,0.0,0.0,35.0,1.0,3.97,1.04,2.0,0
1058,6.0,2.75,482174.31,2.0,0.0,1.0,0.0,0.0,57.0,10.0,7.42,1.68,3.0,0
1059,2.0,0.46,111769.61,1.0,0.0,0.0,1.0,0.0,49.0,4.0,12.2,2.96,3.0,0
1060,7.0,15.42,29461.78,0.0,0.0,1.0,0.0,1.0,47.0,3.0,16.98,0.18,2.0,0
1061,10.0,15.94,63014.77,0.0,0.0,0.0,1.0,0.0,47.0,6.0,11.52,2.85,2.0,0
1062,3.0,17.42,129369.2,1.0,1.0,1.0,1.0,0.0,42.0,4.0,20.15,9.21,1.0,0
1063,4.0,5.7,-2170.31,1.0,0.0,1.0,1.0,0.0,1.0,2.0,7.96,2.83,4.0,0
1064,3.0,7.21,52617.8,1.0,0.0,0.0,0.0,0.0,23.0,1.0,9.36,7.7,4.0,0
1065,2.0,8.54,28669.78,2.0,1.0,1.0,0.0,1.0,34.0,0.0,9.58,4.79,2.0,0
1066,8.0,3.01,73526.75,0.0,0.0,1.0,0.0,0.0,34.0,0.0,15.63,2.69,1.0,0
1067,9.0,2.83,90573.58,2.0,0.0,1.0,0.0,0.0,52.0,2.0,15.31,0.35,3.0,0
1068,7.0,5.65,60319.16,1.0,0.0,1.0,1.0,0.0,51.0,2.0,9.0,6.21,1.0,0
1069,1.0,7.43,4791.51,1.0,0.0,1.0,0.0,1.0,5.0,2.0,7.47,4.24,5.0,0
1070,7.0,3.84,95594.53,1.0,0.0,0.0,0.0,0.0,60.0,1.0,10.74,3.21,3.0,0
1071,1.0,5.65,-6187.93,1.0,1.0,1.0,0.0,1.0,3.0,2.0,20.31,2.15,4.0,0
1072,6.0,10.25,77687.29,1.0,0.0,0.0,0.0,0.0,50.0,4.0,11.79,4.68,1.0,0
1073,1.0,1.25,75331.21,0.0,0.0,0.0,0.0,0.0,35.0,2.0,17.3,3.42,5.0,0
1074,10.0,1.14,40396.77,0.0,1.0,1.0,0.0,0.0,20.0,5.0,24.92,1.37,3.0,0
1075,2.0,1.19,88482.52,2.0,0.0,0.0,0.0,1.0,50.0,3.0,14.35,4.72,3.0,0
1076,9.0,17.41,43443.95,0.0,1.0,0.0,0.0,1.0,56.0,2.0,9.04,0.17,2.0,0
1077,9.0,7.58,118112.31,0.0,0.0,0.0,0.0,0.0,48.0,3.0,24.09,1.66,1.0,0
1078,2.0,24.01,29165.15,0.0,1.0,0.0,0.0,1.0,11.0,5.0,1.0,4.83,5.0,0
1079,9.0,5.69,16700.22,0.0,0.0,1.0,0.0,0.0,7.0,4.0,7.72,13.69,2.0,0
1080,3.0,7.37,47278.94,1.0,0.0,0.0,0.0,0.0,20.0,6.0,22.27,1.89,2.0,0
1081,1.0,13.97,81386.07,2.0,0.0,1.0,0.0,1.0,40.0,2.0,9.25,9.02,5.0,1
1082,8.0,0.89,70297.82,0.0,0.0,1.0,0.0,0.0,32.0,4.0,15.85,0.6,3.0,0
1083,7.0,14.12,65385.4,2.0,0.0,1.0,1.0,0.0,24.0,3.0,7.25,0.85,5.0,0
1084,2.0,0.22,27683.07,0.0,1.0,0.0,1.0,0.0,49.0,3.0,7.49,0.63,4.0,0
1085,6.0,4.99,54052.22,0.0,1.0,0.0,0.0,0.0,26.0,2.0,13.06,2.04,2.0,1
1086,8.0,2.1,65051.0,0.0,0.0,0.0,0.0,0.0,34.0,1.0,12.97,5.37,4.0,0
1087,4.0,10.45,-9060.0,1.0,0.0,1.0,0.0,0.0,11.0,3.0,15.92,4.53,2.0,0
1088,10.0,2.88,131031.95,0.0,0.0,0.0,0.0,0.0,56.0,3.0,9.22,4.31,2.0,0
1089,7.0,0.2,82959.33,1.0,0.0,0.0,0.0,1.0,35.0,2.0,16.05,10.63,2.0,0
1090,7.0,33.56,105353.9,1.0,1.0,0.0,0.0,0.0,41.0,5.0,6.88,4.23,1.0,0
1091,1.0,4.27,130226.13,0.0,0.0,1.0,0.0,0.0,49.0,0.0,15.47,3.41,1.0,0
1092,4.0,31.07,31544.51,1.0,1.0,1.0,0.0,0.0,13.0,3.0,7.06,0.2,2.0,1
1093,7.0,1.72,116066.68,1.0,0.0,1.0,0.0,0.0,58.0,1.0,11.72,4.03,5.0,0
1094,9.0,5.32,84180.11,1.0,1.0,0.0,0.0,0.0,45.0,4.0,10.76,0.99,3.0,0
1095,7.0,1.81,108371.33,0.0,1.0,1.0,0.0,0.0,41.0,3.0,13.22,0.96,4.0,0
1096,6.0,1.28,86703.25,2.0,0.0,1.0,0.0,0.0,58.0,1.0,28.89,5.98,5.0,0
1097,5.0,3.46,56968.9,0.0,0.0,1.0,0.0,1.0,32.0,5.0,8.03,19.14,5.0,0
1098,8.0,0.84,52107.48,1.0,1.0,1.0,0.0,0.0,28.0,3.0,19.99,1.33,2.0,0
1099,3.0,23.21,8933.47,0.0,1.0,0.0,0.0,1.0,13.0,3.0,16.23,4.16,1.0,0
1100,2.0,1.32,19386.82,0.0,0.0,1.0,0.0,0.0,20.0,5.0,12.05,1.63,2.0,0
1101,3.0,5.44,82937.53,0.0,0.0,1.0,1.0,0.0,32.0,2.0,16.18,1.67,1.0,0
1102,10.0,15.48,79481.8,1.0,1.0,1.0,0.0,0.0,51.0,5.0,9.75,0.96,2.0,0
1103,4.0,4.2,28117.8,1.0,0.0,0.0,0.0,1.0,11.0,1.0,7.99,4.05,4.0,0
1104,7.0,3.02,127393.32,1.0,1.0,1.0,0.0,0.0,60.0,2.0,2.94,4.1,5.0,0
1105,5.0,7.47,17701.77,0.0,0.0,0.0,1.0,0.0,11.0,1.0,14.18,3.21,1.0,0
1106,5.0,3.2,116210.03,1.0,0.0,0.0,0.0,0.0,59.0,2.0,16.22,13.78,2.0,0
1107,8.0,1.53,36810.54,1.0,0.0,1.0,1.0,0.0,23.0,5.0,8.46,1.51,2.0,0
1108,7.0,3.74,109242.14,1.0,0.0,1.0,0.0,0.0,44.0,3.0,10.12,8.85,5.0,0
1109,4.0,9.36,89927.22,1.0,0.0,1.0,0.0,1.0,40.0,4.0,17.61,16.68,3.0,0
1110,6.0,4.68,40395.1,1.0,0.0,0.0,1.0,0.0,57.0,5.0,19.63,0.04,4.0,0
1111,2.0,4.9,102359.16,0.0,0.0,0.0,0.0,0.0,59.0,3.0,11.69,3.2,3.0,0
1112,1.0,2.51,33430.34,0.0,1.0,1.0,1.0,0.0,13.0,1.0,15.41,1.79,3.0,0
1113,8.0,4.07,8276.7,1.0,0.0,1.0,0.0,1.0,29.0,4.0,5.05,6.63,4.0,0
1114,2.0,31.87,116548.54,2.0,0.0,1.0,0.0,1.0,56.0,2.0,14.82,0.18,2.0,0
1115,7.0,19.91,55575.83,1.0,1.0,1.0,0.0,0.0,23.0,2.0,17.89,2.28,2.0,0
1116,10.0,11.45,63823.7,2.0,1.0,1.0,0.0,0.0,41.0,7.0,19.06,3.44,3.0,0
1117,5.0,24.43,109994.21,0.0,1.0,1.0,0.0,0.0,54.0,3.0,21.26,1.67,5.0,0
1118,9.0,0.76,15668.36,1.0,1.0,1.0,0.0,0.0,9.0,5.0,19.71,4.23,4.0,0
1119,9.0,5.67,76693.98,0.0,0.0,0.0,0.0,0.0,45.0,2.0,17.16,3.68,5.0,0
1120,7.0,3.11,50335.34,1.0,0.0,1.0,1.0,0.0,22.0,4.0,6.98,1.0,2.0,0
1121,6.0,28.0,69677.46,1.0,1.0,1.0,0.0,0.0,29.0,2.0,6.82,0.17,1.0,0
1122,4.0,3.28,-1390.9,1.0,0.0,1.0,0.0,0.0,13.0,4.0,19.49,3.19,1.0,0
1123,1.0,5.77,50054.22,1.0,0.0,0.0,0.0,1.0,54.0,1.0,13.01,0.23,3.0,0
1124,6.0,1.8,66854.49,2.0,0.0,0.0,0.0,0.0,18.0,4.0,17.3,0.58,1.0,0
1125,6.0,9.86,64659.38,2.0,1.0,1.0,0.0,0.0,20.0,6.0,17.68,3.79,4.0,0
1126,3.0,9.47,91805.79,2.0,1.0,0.0,0.0,1.0,45.0,5.0,12.91,1.05,2.0,0
1127,1.0,5.47,84087.41,1.0,1.0,0.0,0.0,0.0,39.0,1.0,5.25,0.95,2.0,0
1128,5.0,15.67,6457.1,1.0,0.0,0.0,0.0,0.0,1.0,2.0,8.92,16.28,4.0,0
1129,1.0,15.8,126198.29,1.0,1.0,1.0,0.0,1.0,58.0,3.0,7.51,4.32,5.0,0
1130,3.0,2.27,19742.32,0.0,0.0,0.0,0.0,0.0,2.0,1.0,20.91,0.12,2.0,0
1131,3.0,11.64,78882.39,0.0,0.0,1.0,0.0,1.0,43.0,4.0,2.63,1.27,3.0,0
1132,1.0,6.06,35445.8,1.0,0.0,1.0,0.0,1.0,21.0,1.0,13.97,1.49,2.0,0
1133,8.0,2.65,29771.78,2.0,0.0,1.0,1.0,0.0,14.0,3.0,14.99,0.72,5.0,0
1134,7.0,0.07,128201.34,1.0,0.0,1.0,0.0,1.0,44.0,4.0,16.32,2.1,3.0,0
1135,6.0,1.21,-2790.51,2.0,0.0,1.0,0.0,0.0,3.0,3.0,10.23,3.18,3.0,0
1136,1.0,18.55,32023.7,1.0,0.0,0.0,0.0,0.0,17.0,2.0,15.65,19.93,3.0,1
1137,10.0,5.65,33317.77,1.0,0.0,0.0,1.0,0.0,12.0,5.0,8.87,2.39,3.0,0
1138,1.0,10.4,71602.56,1.0,0.0,1.0,0.0,0.0,4.0,6.0,7.73,3.53,5.0,1
1139,5.0,2.24,-4038.49,0.0,0.0,1.0,0.0,0.0,18.0,2.0,16.02,6.47,3.0,0
1140,7.0,7.33,39763.53,1.0,1.0,1.0,1.0,0.0,23.0,3.0,11.14,0.2,1.0,0
1141,1.0,5.65,92890.59,2.0,0.0,1.0,0.0,0.0,46.0,3.0,8.81,0.32,2.0,0
1142,7.0,7.79,126388.03,0.0,1.0,0.0,0.0,0.0,45.0,0.0,3.18,1.61,4.0,0
1143,5.0,4.28,106913.51,0.0,0.0,1.0,1.0,0.0,57.0,4.0,11.88,0.68,4.0,0
1144,5.0,5.78,-13674.32,1.0,1.0,1.0,0.0,0.0,10.0,2.0,3.1,1.57,3.0,0
1145,10.0,1.61,50054.22,1.0,0.0,0.0,0.0,0.0,40.0,1.0,16.89,4.2,2.0,0
1146,9.0,5.65,82576.42,0.0,0.0,1.0,0.0,0.0,46.0,4.0,16.16,0.01,1.0,0
1147,6.0,16.31,29027.08,2.0,1.0,1.0,1.0,0.0,11.0,3.0,11.81,1.63,1.0,0
1148,2.0,0.34,80719.81,1.0,1.0,0.0,0.0,0.0,34.0,3.0,3.39,0.23,3.0,0
1149,2.0,4.37,36717.94,1.0,0.0,1.0,0.0,1.0,13.0,3.0,16.03,1.48,5.0,0
1150,6.0,6.74,137130.34,1.0,0.0,1.0,0.0,1.0,37.0,4.0,14.26,0.34,3.0,0
1151,1.0,1.13,50134.54,0.0,1.0,1.0,0.0,0.0,38.0,2.0,8.47,6.52,3.0,0
1152,4.0,34.13,88012.89,1.0,1.0,0.0,0.0,0.0,49.0,3.0,19.71,0.49,3.0,0
1153,4.0,58.53,32485.19,2.0,0.0,0.0,1.0,0.0,20.0,4.0,16.73,0.44,5.0,1
1154,7.0,0.67,39529.29,1.0,1.0,1.0,0.0,0.0,10.0,3.0,22.62,3.36,4.0,0
1155,8.0,1.97,70148.94,2.0,0.0,1.0,0.0,0.0,20.0,7.0,14.25,0.69,2.0,0
1156,10.0,9.49,61175.94,1.0,0.0,1.0,0.0,0.0,28.0,3.0,4.22,1.02,4.0,0
1157,5.0,15.47,68525.27,0.0,0.0,1.0,0.0,1.0,49.0,1.0,16.17,0.3,5.0,0
1158,7.0,0.83,64342.67,0.0,1.0,0.0,0.0,1.0,56.0,4.0,22.8,0.98,3.0,0
1159,10.0,3.98,56124.77,0.0,0.0,1.0,0.0,1.0,54.0,3.0,13.97,4.35,1.0,0
1160,4.0,0.36,59868.41,0.0,0.0,1.0,0.0,0.0,24.0,1.0,15.04,0.7,2.0,0
1161,9.0,1.41,56435.74,1.0,0.0,0.0,0.0,0.0,53.0,6.0,7.55,0.6,3.0,0
1162,6.0,15.3,63422.18,2.0,1.0,0.0,1.0,0.0,35.0,2.0,9.75,1.11,1.0,0
1163,2.0,8.09,85208.02,1.0,1.0,1.0,0.0,0.0,50.0,4.0,15.38,2.72,4.0,0
1164,8.0,7.31,63578.22,1.0,1.0,0.0,1.0,0.0,55.0,3.0,6.87,6.62,1.0,0
1165,1.0,4.49,22568.16,1.0,0.0,1.0,1.0,0.0,15.0,2.0,12.75,1.87,5.0,0
1166,3.0,0.67,68485.82,0.0,1.0,1.0,1.0,0.0,38.0,5.0,7.38,2.39,4.0,0
1167,8.0,0.09,18937.45,1.0,1.0,0.0,1.0,0.0,8.0,3.0,13.93,0.84,1.0,0
1168,4.0,16.28,36914.05,1.0,0.0,0.0,0.0,0.0,18.0,5.0,15.57,4.74,1.0,0
1169,3.0,1.85,42473.27,1.0,0.0,0.0,0.0,0.0,23.0,6.0,25.55,3.27,1.0,0
1170,6.0,8.05,108085.83,0.0,0.0,1.0,1.0,0.0,35.0,1.0,9.58,2.66,1.0,0
1171,6.0,0.05,35119.34,1.0,1.0,1.0,0.0,0.0,51.0,2.0,2.95,5.91,5.0,0
1172,3.0,2.31,87879.25,0.0,1.0,0.0,1.0,0.0,59.0,1.0,16.43,6.83,1.0,0
1173,10.0,3.58,80544.45,0.0,0.0,1.0,1.0,0.0,32.0,1.0,7.37,3.56,5.0,0
1174,3.0,2.17,68107.67,2.0,0.0,0.0,0.0,0.0,36.0,3.0,18.39,0.93,3.0,0
1175,5.0,1.93,67752.16,1.0,0.0,0.0,1.0,0.0,37.0,2.0,15.11,7.7,5.0,0
1176,4.0,5.2,75775.33,2.0,0.0,0.0,0.0,1.0,33.0,3.0,9.78,6.78,5.0,0
1177,6.0,6.64,50054.22,2.0,0.0,0.0,0.0,0.0,32.0,1.0,18.75,3.41,4.0,0
1178,5.0,16.94,116420.13,0.0,1.0,1.0,1.0,0.0,48.0,0.0,12.96,4.03,1.0,0
1179,8.0,19.41,83838.05,0.0,0.0,0.0,0.0,0.0,36.0,4.0,6.6,0.24,2.0,0
1180,3.0,5.56,50054.22,0.0,1.0,1.0,0.0,1.0,49.0,1.0,12.22,0.98,1.0,0
1181,4.0,6.76,93413.91,0.0,1.0,0.0,1.0,0.0,35.0,1.0,12.17,3.59,2.0,0
1182,7.0,0.81,22847.24,1.0,1.0,0.0,0.0,0.0,10.0,1.0,2.41,3.63,5.0,1
1183,1.0,14.37,50054.22,1.0,0.0,0.0,0.0,1.0,58.0,6.0,26.12,0.64,5.0,0
1184,3.0,0.78,95458.77,1.0,1.0,0.0,0.0,1.0,36.0,5.0,12.46,3.02,2.0,0
1185,4.0,7.9,328709.16000000003,2.0,1.0,1.0,1.0,0.0,59.0,4.0,7.04,0.36,2.0,0
1186,8.0,5.15,41283.48,1.0,0.0,1.0,1.0,0.0,18.0,3.0,12.57,2.13,2.0,0
1187,5.0,7.83,12322.01,1.0,0.0,1.0,1.0,0.0,1.0,1.0,12.46,2.36,4.0,0
1188,9.0,21.62,66266.49,0.0,0.0,1.0,0.0,1.0,28.0,2.0,10.31,10.26,1.0,0
1189,9.0,13.77,69790.46,1.0,0.0,1.0,0.0,0.0,24.0,3.0,5.37,2.54,1.0,0
1190,8.0,2.64,27493.48,2.0,0.0,1.0,1.0,0.0,30.0,3.0,7.44,9.5,4.0,0
1191,2.0,2.84,38571.8,1.0,1.0,0.0,1.0,0.0,33.0,1.0,7.99,0.74,3.0,0
1192,6.0,9.33,3558.26,0.0,0.0,1.0,1.0,0.0,11.0,6.0,12.71,5.19,5.0,0
1193,3.0,1.1,29557.99,0.0,0.0,1.0,1.0,0.0,18.0,4.0,13.05,5.27,1.0,0
1194,1.0,2.38,71153.48,2.0,1.0,1.0,0.0,0.0,53.0,2.0,7.49,1.67,5.0,0
1195,1.0,8.69,-753.54,0.0,0.0,1.0,0.0,0.0,6.0,4.0,8.71,0.47,3.0,1
1196,4.0,14.31,61056.5,1.0,0.0,1.0,0.0,0.0,34.0,5.0,4.71,3.29,3.0,0
1197,7.0,7.9,50054.22,1.0,1.0,0.0,0.0,1.0,41.0,1.0,13.6,0.09,3.0,0
1198,5.0,18.78,5246.96,1.0,0.0,1.0,1.0,0.0,14.0,4.0,10.87,4.32,5.0,0
1199,4.0,7.12,28659.94,1.0,0.0,0.0,0.0,0.0,33.0,3.0,4.64,4.24,4.0,0
1200,1.0,11.81,93752.96,0.0,1.0,1.0,0.0,1.0,55.0,4.0,14.72,3.25,2.0,0
1201,6.0,7.93,57181.91,0.0,0.0,0.0,0.0,0.0,28.0,1.0,6.71,7.38,2.0,0
1202,6.0,3.03,26816.63,1.0,1.0,1.0,0.0,1.0,19.0,5.0,8.66,1.42,2.0,0
1203,3.0,4.1,48453.22,0.0,0.0,1.0,0.0,0.0,53.0,3.0,12.7,0.95,3.0,0
1204,4.0,6.08,44436.39,2.0,1.0,0.0,0.0,0.0,51.0,4.0,10.04,0.38,3.0,0
1205,9.0,5.27,29368.82,0.0,0.0,1.0,0.0,1.0,32.0,4.0,15.93,1.67,1.0,0
1206,10.0,5.07,27920.47,0.0,0.0,1.0,0.0,1.0,21.0,4.0,12.15,0.26,2.0,0
1207,1.0,4.08,98958.13,0.0,1.0,0.0,0.0,0.0,32.0,4.0,7.82,1.82,5.0,0
1208,9.0,9.78,25480.87,1.0,0.0,1.0,1.0,0.0,11.0,4.0,6.04,0.71,1.0,0
1209,9.0,6.66,111150.54,2.0,0.0,0.0,1.0,0.0,52.0,6.0,12.83,5.44,1.0,0
1210,7.0,0.43,35791.63,1.0,0.0,0.0,0.0,0.0,49.0,3.0,9.22,10.11,2.0,0
1211,7.0,9.59,91420.5,1.0,0.0,1.0,0.0,0.0,31.0,1.0,19.7,1.16,3.0,0
1212,6.0,16.63,84144.85,2.0,0.0,1.0,1.0,0.0,43.0,1.0,7.66,3.02,1.0,0
1213,4.0,0.18,22623.3,1.0,0.0,1.0,0.0,1.0,8.0,4.0,15.09,3.2,5.0,0
1214,6.0,0.74,61713.21,0.0,0.0,1.0,0.0,0.0,52.0,3.0,19.1,7.89,3.0,0
1215,4.0,1.09,170662.72,2.0,0.0,0.0,0.0,1.0,50.0,5.0,9.34,3.0,1.0,0
1216,9.0,9.07,98694.54,0.0,0.0,1.0,0.0,0.0,41.0,2.0,20.21,3.9,1.0,0
1217,8.0,2.2,77598.78,1.0,0.0,0.0,1.0,0.0,34.0,4.0,9.18,9.58,5.0,0
1218,3.0,4.79,-17879.69,1.0,1.0,0.0,0.0,0.0,4.0,5.0,14.2,6.75,1.0,0
1219,7.0,26.93,145366.41,1.0,0.0,0.0,1.0,0.0,41.0,2.0,22.97,2.5,1.0,0
