HouseID,Area,Bedrooms,Bathrooms,Floors,Age,Garage,Neighborhood,Condition,DistanceToCity,HasGarden,MonthlyHOAFee,SalePrice,InspectionCode
1001,3774.0,1,3,1,17.0,No,Riverside,Poor,16.65,No,5041.0,1354036,INSP1195
1002,4107.0,5,2,1,27.0,Yes,Riverside,Poor,3.25,Yes,5799.0,2595751,INSP1211
1003,1460.0,4,4,2,46.0,Yes,Suburb,Excellent,1.52,Yes,5619.0,2359875,INSP1015
1004,1894.0,1,1,3,46.0,Yes,Downtown,Good,3.97,No,841.0,1376117,INSP1201
1005,4325.0,5,4,2,3.0,No,Riverside,Good,12.9,No,632.0,5243088,INSP1217
1006,1695.0,5,1,3,6.0,No,Suburb,Poor,28.06,No,764.0,1985864,INSP1092
1007,4372.0,3,3,2,44.0,Yes,Riverside,Good,19.48,No,4688.0,2253394,INSP1132
1008,3692.0,5,1,2,34.0,Yes,Suburb,Excellent,24.25,Yes,2185.0,2454117,INSP1138
1009,2238.0,5,3,1,47.0,Yes,Suburb,Good,14.52,No,1934.0,2249251,INSP1156
1010,2769.0,5,4,3,8.0,No,Downtown,Fair,11.49,Yes,5827.0,3424421,INSP1069
1011,1066.0,5,3,2,7.0,,Downtown,Good,4.14,No,,3177663,INSP1014
1012,1838.0,2,4,2,44.0,Yes,Hillview,Good,26.4,Yes,2160.0,1657883,INSP1234
1013,930.0,2,2,1,16.0,Yes,Hillview,Good,23.71,No,,1035123,INSP1211
1014,2082.0,3,2,1,16.0,Yes,Riverside,Excellent,5.88,No,2854.0,2229879,INSP1289
1015,2735.0,1,2,3,,No,Downtown,Good,15.86,No,765.0,1483754,INSP1059
1016,4044.0,5,3,2,32.0,Yes,Suburb,Excellent,15.13,Yes,5241.0,2967861,INSP1251
1017,3771.0,1,2,3,31.0,No,Riverside,Good,19.13,Yes,1636.0,1629064,INSP1001
1018,3519.0,1,1,2,7.0,Yes,Riverside,Fair,28.44,No,5997.0,1492634,INSP1235
1019,4335.0,3,4,3,,Yes,Downtown,Fair,17.81,No,5049.0,3064927,INSP1018
1020,730.0,5,4,1,37.0,,Downtown,Fair,16.67,Yes,5806.0,2240697,INSP1048
1021,2285.0,5,1,2,2.0,No,Riverside,Excellent,2.46,No,5426.0,2837611,INSP1077
1022,3980.0,4,3,3,4.0,Yes,Suburb,Good,2.82,No,1890.0,3081041,INSP1027
1023,1369.0,1,3,1,12.0,Yes,Suburb,Good,6.43,Yes,1612.0,1772088,INSP1047
1024,2991.0,1,4,1,46.0,Yes,Downtown,Fair,1.94,No,2734.0,2023819,INSP1095
1025,2115.0,2,2,3,45.0,No,Suburb,Fair,22.56,Yes,3366.0,1333487,INSP1164
1026,4085.0,4,3,2,30.0,Yes,Hillview,Good,21.98,Yes,3568.0,2658618,INSP1175
1027,3453.0,2,3,2,15.0,No,Hillview,Good,4.95,Yes,2679.0,2259275,INSP1072
1028,3033.0,2,1,1,49.0,Yes,Suburb,Fair,25.25,No,5467.0,1105740,INSP1028
1029,1815.0,2,1,2,31.0,Yes,Suburb,Good,5.49,No,1134.0,1446056,INSP1156
1030,1555.0,3,2,2,21.0,Yes,Downtown,Poor,9.73,Yes,4131.0,2016777,INSP1278
1031,2924.0,3,3,2,28.0,Yes,Suburb,Fair,8.22,No,1899.0,2217942,INSP1282
1032,1784.0,2,3,1,21.0,Yes,Suburb,Good,11.8,No,5286.0,1791932,INSP1006
1033,1059.0,4,1,3,42.0,Yes,Riverside,Fair,8.39,No,3239.0,1674410,INSP1181
1034,3985.0,1,3,2,2.0,Yes,Suburb,Excellent,15.18,Yes,3670.0,2456323,INSP1108
1035,,4,4,1,9.0,No,Downtown,Fair,12.81,No,2365.0,2286365,INSP1205
1036,2900.0,5,1,1,41.0,Yes,Downtown,Fair,29.61,Yes,5653.0,1987760,INSP1233
1037,3367.5,3,2,3,20.0,No,Suburb,Fair,2.62,Yes,2455.0,3993458,INSP1186
1038,3504.0,1,1,2,15.0,Yes,Downtown,Good,5.12,Yes,5177.0,2132199,INSP1007
1039,4232.0,1,3,2,11.0,Yes,Downtown,Good,2.53,Yes,2718.0,3009116,INSP1052
1040,1074.0,5,2,3,1.0,Yes,Hillview,Good,19.15,No,1889.0,2110246,INSP1198
1041,1682.0,5,1,3,40.0,,Suburb,Poor,2.58,Yes,5379.0,1900543,INSP1136
1042,3158.0,2,4,1,23.0,Yes,Suburb,Poor,25.26,No,3630.0,1588435,INSP1258
1043,10882.5,3,4,1,34.0,Yes,Hillview,Good,15.85,Yes,4776.0,5096794,INSP1171
1044,2647.0,3,1,3,29.0,Yes,Hillview,Excellent,16.28,Yes,4614.0,2014180,INSP1085
1045,4147.0,4,4,2,29.0,Yes,Suburb,Excellent,17.29,No,1749.0,2925680,INSP1045
1046,3347.0,2,4,1,46.0,No,Hillview,Poor,5.95,No,3666.0,1142120,INSP1185
1047,1575.0,2,4,1,34.0,No,Suburb,Good,6.73,Yes,1745.0,1471008,INSP1155
1048,2406.0,2,2,2,18.0,Yes,Suburb,Excellent,10.25,Yes,553.0,2111705,INSP1008
1049,789.0,2,4,1,49.0,Yes,Suburb,Good,18.21,Yes,3410.0,1166254,INSP1114
1050,3605.0,3,4,2,7.0,Yes,Riverside,Excellent,7.09,Yes,2896.0,3138768,INSP1153
1051,3334.0,3,4,2,25.0,Yes,Riverside,Fair,4.37,No,942.0,2659707,INSP1129
1052,3605.0,2,2,2,48.0,Yes,Suburb,Excellent,29.13,No,5175.0,1368601,INSP1080
1053,1162.0,4,1,3,39.0,Yes,Downtown,Good,1.64,Yes,4111.0,2557363,INSP1289
1054,2499.0,1,3,3,6.0,Yes,Riverside,Excellent,24.28,No,4877.0,2257210,INSP1146
1055,4238.0,1,4,3,29.0,Yes,Downtown,Good,23.85,No,2907.0,2091377,INSP1294
1056,1867.0,4,1,2,6.0,Yes,Suburb,Good,9.62,Yes,,2129904,INSP1268
1057,3479.0,2,4,2,2.0,No,Riverside,Excellent,4.93,Yes,4202.0,2475403,INSP1132
1058,2128.0,3,2,3,0.0,No,Riverside,Fair,5.22,No,3439.0,2057351,INSP1049
1059,3802.0,1,1,1,35.0,Yes,Riverside,Fair,21.23,No,5236.0,1270868,INSP1022
1060,4156.0,5,2,2,24.0,,Hillview,Good,19.64,Yes,1531.0,2363395,INSP1087
1061,4490.0,5,4,1,36.0,No,Suburb,Good,23.7,Yes,2516.0,2709819,INSP1111
1062,1246.0,4,4,1,0.0,Yes,Riverside,Excellent,28.19,Yes,1062.0,2483079,INSP1110
1063,2668.0,2,2,2,14.0,Yes,Riverside,Fair,21.07,No,3038.0,1855886,INSP1071
1064,3488.0,1,3,2,36.0,Yes,Downtown,Good,5.52,Yes,840.0,2139773,INSP1153
1065,2814.0,2,2,1,12.0,No,Downtown,Good,8.06,Yes,5067.0,2103445,INSP1056
1066,1897.0,1,4,1,39.0,No,Suburb,Poor,25.42,No,4275.0,678228,INSP1256
1067,,4,2,3,7.0,Yes,Suburb,Good,7.07,No,2796.0,2475517,INSP1155
1068,1200.0,4,3,3,4.0,Yes,Riverside,Fair,3.1,No,734.0,2468537,INSP1112
1069,2963.0,5,2,2,8.0,Yes,Hillview,Fair,21.4,Yes,5702.0,2621509,INSP1046
1070,2661.0,2,3,3,0.0,Yes,Downtown,Excellent,12.67,Yes,1616.0,2978778,INSP1237
1071,841.0,5,3,3,35.0,Yes,Downtown,Good,27.68,Yes,2408.0,2683687,INSP1105
1072,2641.0,2,2,3,34.0,No,Hillview,Good,19.86,Yes,1917.0,1428178,INSP1186
1073,3424.0,5,2,3,1.0,Yes,Downtown,Excellent,3.62,No,5419.0,3651468,INSP1158
1074,4017.0,3,1,1,,No,Suburb,Good,28.49,Yes,1791.0,1148808,INSP1197
1075,,3,4,2,22.0,No,Suburb,Excellent,8.5,Yes,3988.0,2536104,INSP1176
1076,3545.0,3,3,3,8.0,No,Suburb,Good,10.78,Yes,5227.0,2516292,INSP1260
1077,1963.0,3,1,1,33.0,Yes,Downtown,Excellent,12.67,Yes,4154.0,2380256,INSP1286
1078,2739.0,1,2,1,45.0,,Downtown,Fair,2.49,No,1028.0,1608713,INSP1292
1079,1990.0,3,4,1,13.0,Yes,Downtown,Excellent,15.4,Yes,3824.0,3061609,INSP1142
1080,3603.0,4,1,3,3.0,,Suburb,Fair,4.58,Yes,2480.0,2763470,INSP1196
1081,2078.0,4,3,3,29.0,Yes,Suburb,Fair,12.63,Yes,3439.0,2219894,INSP1224
1082,4099.0,1,1,2,30.0,Yes,Downtown,Good,11.17,Yes,5935.0,1977838,INSP1042
1083,3156.0,3,3,3,37.0,Yes,Riverside,Good,23.41,Yes,5892.0,2318363,INSP1150
1084,1375.0,3,2,3,10.0,Yes,Hillview,Good,24.29,No,1829.0,1582276,INSP1295
1085,634.0,3,4,1,34.0,Yes,Downtown,Good,5.45,No,1733.0,2136711,INSP1062
1086,2853.0,5,4,2,7.0,Yes,Suburb,Good,11.63,No,2253.0,3044224,INSP1129
1087,3752.0,2,4,3,2.0,No,Riverside,Fair,11.83,No,3300.0,2694752,INSP1254
1088,2555.0,5,2,3,,No,Suburb,Poor,5.39,No,3433.0,1950938,INSP1213
1089,2185.0,2,3,1,12.0,Yes,Suburb,Fair,24.16,No,3259.0,1737772,INSP1072
1090,4059.0,3,2,1,44.0,Yes,Riverside,Good,21.51,Yes,3275.0,1869450,INSP1103
1091,3673.0,3,4,3,31.0,Yes,Hillview,Fair,6.52,Yes,3987.0,2305528,INSP1157
1092,1621.0,5,2,2,33.0,Yes,Hillview,Good,11.63,Yes,4350.0,2378321,INSP1271
1093,4061.0,5,2,2,44.0,Yes,Suburb,Good,4.07,No,3027.0,2711714,INSP1237
1094,8032.5,2,2,1,,No,Riverside,Poor,19.22,No,5497.0,3004434,INSP1157
1095,1729.0,4,3,1,37.0,Yes,Suburb,Good,4.52,No,1390.0,2209525,INSP1108
1096,4443.0,2,1,3,15.0,Yes,Riverside,Excellent,29.59,Yes,2565.0,2554866,INSP1008
1097,4493.0,5,1,1,1.0,Yes,Suburb,Fair,23.64,No,1688.0,2585948,INSP1058
1098,2100.0,5,2,3,39.0,Yes,Downtown,Good,12.32,Yes,4797.0,2731728,INSP1191
1099,1302.0,1,1,2,16.0,Yes,Riverside,Good,17.78,Yes,1240.0,1377098,INSP1135
1100,3049.0,5,1,2,33.0,Yes,Suburb,Good,27.43,Yes,1869.0,2327890,INSP1250
1101,3377.0,1,2,3,41.0,Yes,Suburb,Good,17.07,Yes,1889.0,1422903,INSP1145
1102,2179.0,4,2,1,15.0,,Hillview,Good,6.06,Yes,2500.0,2153536,INSP1057
1103,761.0,2,4,2,37.0,Yes,Downtown,Good,11.98,Yes,,2006935,INSP1176
1104,801.0,2,1,1,1.0,Yes,Suburb,Poor,25.45,Yes,2036.0,684742,INSP1287
1105,2581.0,1,3,2,1.0,Yes,Downtown,Good,19.68,No,818.0,2168091,INSP1244
1106,1595.0,2,2,3,25.0,No,Riverside,Good,19.87,No,2764.0,1146130,INSP1047
1107,2917.0,5,4,3,12.0,Yes,Riverside,Poor,26.14,No,5653.0,2766918,INSP1099
1108,1415.0,3,3,3,46.0,Yes,Suburb,Good,26.93,Yes,2394.0,1788543,INSP1212
1109,3942.0,1,1,2,30.0,,Riverside,Excellent,27.67,No,4211.0,1462978,INSP1164
1110,1055.0,2,4,1,33.0,Yes,Suburb,Good,3.75,No,5319.0,1959217,INSP1125
1111,4133.0,1,2,1,38.0,Yes,Riverside,Good,16.78,Yes,3322.0,1447164,INSP1120
1112,4398.0,1,3,1,2.0,Yes,Suburb,Excellent,22.47,Yes,5008.0,2439279,INSP1087
1113,1875.0,3,2,2,7.0,No,Suburb,Good,22.95,Yes,1775.0,1870520,INSP1216
1114,1616.0,5,1,2,22.0,Yes,Hillview,Good,18.59,Yes,3583.0,1790625,INSP1060
1115,4373.0,1,3,2,13.0,Yes,Suburb,Good,5.84,No,900.0,2590159,INSP1178
1116,2943.0,2,1,2,26.0,Yes,Downtown,Excellent,24.13,No,1223.0,1896228,INSP1189
1117,,4,1,2,28.0,No,Suburb,Good,21.88,Yes,2829.0,1925457,INSP1162
1118,3367.0,1,4,1,38.0,Yes,Hillview,Good,3.5,No,1635.0,1506496,INSP1080
1119,4420.0,1,2,2,38.0,Yes,Suburb,Good,14.45,No,3270.0,1549847,INSP1169
1120,937.0,3,3,2,0.0,Yes,Downtown,Excellent,6.05,No,5346.0,2718798,INSP1195
1121,,5,1,1,16.0,Yes,Suburb,Good,10.79,Yes,767.0,2227586,INSP1202
1122,1676.0,4,1,2,40.0,Yes,Suburb,Poor,1.52,No,5936.0,1484210,INSP1046
1123,1391.0,2,3,1,29.0,Yes,Downtown,Excellent,12.61,Yes,1069.0,2238213,INSP1157
1124,2864.0,4,1,1,,Yes,Riverside,Good,16.95,No,3056.0,2139125,INSP1193
1125,1363.0,2,4,3,20.0,Yes,Hillview,Poor,18.97,Yes,2473.0,1320545,INSP1278
1126,,5,4,3,18.0,Yes,Suburb,Good,20.24,Yes,1045.0,3008295,INSP1268
1127,979.0,2,4,3,18.0,Yes,Suburb,Good,25.25,No,3322.0,1396348,INSP1198
1128,,3,4,3,24.0,No,Suburb,Excellent,7.25,Yes,4960.0,2342875,INSP1223
1129,,3,1,2,21.0,Yes,Downtown,Fair,4.49,Yes,5142.0,2331914,INSP1262
1130,1780.0,3,3,3,30.0,Yes,Hillview,Excellent,25.69,Yes,770.0,2029554,INSP1165
1131,2662.0,3,3,1,16.0,Yes,Suburb,Good,5.54,No,1238.0,2441171,INSP1179
1132,4484.0,4,3,2,22.0,Yes,Suburb,Poor,29.27,Yes,,2171757,INSP1191
1133,,5,3,3,31.0,No,Riverside,Excellent,25.43,No,558.0,2365258,INSP1215
1134,3168.0,2,2,1,9.0,Yes,Suburb,Good,15.53,Yes,5870.0,1894281,INSP1283
1135,1967.0,2,3,2,9.0,Yes,Riverside,Fair,29.46,Yes,4681.0,2107139,INSP1106
1136,1752.0,3,2,2,35.0,Yes,Downtown,Good,3.82,Yes,5358.0,2213287,INSP1097
1137,2627.0,3,2,3,7.0,Yes,Hillview,Excellent,9.79,Yes,889.0,2365936,INSP1229
1138,,1,4,2,19.0,Yes,Hillview,Fair,19.51,Yes,5799.0,1895535,INSP1256
1139,2095.0,5,2,1,,Yes,Riverside,Fair,11.15,Yes,1218.0,2282481,INSP1042
1140,3734.0,4,1,2,49.0,,Hillview,Fair,27.92,No,,1349102,INSP1241
1141,1762.0,2,2,1,13.0,No,Downtown,Fair,2.9,No,5178.0,1665984,INSP1041
1142,2122.0,1,4,2,49.0,Yes,Suburb,Good,16.93,Yes,620.0,1473319,INSP1094
1143,3240.0,1,2,3,27.0,No,Riverside,Good,18.14,Yes,3152.0,1798427,INSP1253
1144,991.0,2,1,1,45.0,No,Suburb,Fair,19.93,No,2803.0,139316,INSP1187
1145,2298.0,4,1,2,23.0,No,Suburb,Fair,8.41,Yes,5361.0,1824952,INSP1166
1146,1018.0,1,1,2,14.0,Yes,Suburb,Fair,11.57,Yes,3411.0,1215425,INSP1270
1147,2936.0,1,4,2,21.0,Yes,Downtown,Excellent,25.47,No,1299.0,2263447,INSP1124
1148,978.0,5,4,1,29.0,No,Suburb,Fair,6.65,No,3880.0,2304769,INSP1160
1149,2396.0,4,3,1,3.0,Yes,Downtown,Excellent,24.98,No,2606.0,2819428,INSP1086
1150,4161.0,1,4,1,12.0,Yes,Riverside,Good,17.32,Yes,5617.0,2307497,INSP1225
1151,2878.0,4,1,3,22.0,No,Downtown,Fair,23.1,Yes,1609.0,2256389,INSP1144
1152,3665.0,2,1,3,7.0,No,Downtown,Excellent,21.69,No,1750.0,2195247,INSP1247
1153,2688.0,3,4,1,17.0,Yes,Suburb,Good,7.02,Yes,3140.0,2455978,INSP1005
1154,3699.0,1,2,2,11.0,Yes,Suburb,Good,17.5,Yes,2149.0,1928741,INSP1030
1155,2782.0,5,4,3,30.0,Yes,Hillview,Excellent,26.16,Yes,1845.0,2760480,INSP1196
1156,800.0,2,4,1,13.0,No,Suburb,Poor,13.53,Yes,3456.0,1263373,INSP1231
1157,2463.0,4,1,2,33.0,No,Suburb,Poor,29.03,No,5937.0,1042690,INSP1295
1158,,2,3,3,17.0,Yes,Hillview,Good,14.11,No,2946.0,1925530,INSP1134
1159,3577.0,1,1,2,33.0,Yes,Suburb,Fair,5.14,No,5494.0,847607,INSP1012
1160,,4,3,2,10.0,No,Downtown,Fair,12.29,Yes,3864.0,2941709,INSP1003
1161,3719.0,3,1,2,40.0,Yes,Suburb,Poor,28.6,Yes,984.0,1365560,INSP1177
1162,1102.0,2,4,2,11.0,Yes,Hillview,Poor,10.27,Yes,1302.0,1450179,INSP1233
1163,,1,1,3,48.0,No,Suburb,Good,26.17,Yes,2215.0,907629,INSP1258
1164,4245.0,5,1,3,14.0,,Suburb,Fair,26.56,No,2415.0,2529062,INSP1139
1165,2351.0,4,1,3,30.0,Yes,Downtown,Good,11.16,Yes,3983.0,2584225,INSP1064
1166,1404.0,2,4,1,48.0,Yes,Downtown,Good,3.41,Yes,2257.0,1667795,INSP1282
1167,2746.0,2,4,3,28.0,Yes,Suburb,Good,22.01,Yes,2309.0,2323088,INSP1204
1168,3331.0,3,4,2,25.0,No,Suburb,Poor,10.03,No,,1838469,INSP1016
1169,2495.0,3,4,3,17.0,Yes,Downtown,Good,23.7,Yes,3725.0,2882585,INSP1199
1170,3373.0,5,3,2,31.0,No,Hillview,Poor,13.84,Yes,3995.0,2278701,INSP1031
1171,2170.0,5,3,1,21.0,Yes,Riverside,Good,15.07,Yes,2820.0,2591045,INSP1211
1172,1560.0,1,2,2,37.0,Yes,Suburb,Excellent,23.56,No,2170.0,1212468,INSP1272
1173,4410.0,1,4,2,16.0,Yes,Hillview,Good,12.09,Yes,5115.0,2202626,INSP1289
1174,3260.0,5,3,2,,Yes,Downtown,Good,13.85,No,1651.0,2794343,INSP1290
1175,2085.0,5,1,1,23.0,Yes,Suburb,Good,11.91,No,5992.0,2275811,INSP1233
1176,3290.0,4,4,3,49.0,Yes,Riverside,Good,11.65,Yes,5247.0,2653193,INSP1181
1177,4440.0,3,2,3,7.0,Yes,Hillview,Excellent,16.25,No,2723.0,2473275,INSP1145
1178,1628.0,1,2,1,40.0,Yes,Riverside,Excellent,24.46,Yes,3167.0,1185680,INSP1049
1179,3889.0,3,2,2,5.0,No,Suburb,Fair,11.49,No,710.0,2128505,INSP1102
1180,1102.0,3,1,3,4.0,Yes,Hillview,Good,16.2,Yes,2994.0,1798769,INSP1032
1181,3414.0,5,3,1,,No,Downtown,Excellent,20.45,Yes,5181.0,2833980,INSP1088
1182,997.0,4,1,3,28.0,Yes,Hillview,Excellent,8.81,Yes,4762.0,1830386,INSP1240
1183,1470.0,2,4,1,27.0,Yes,Hillview,Good,9.05,Yes,3007.0,1683492,INSP1265
1184,3442.0,4,2,2,10.0,Yes,Downtown,Good,28.07,No,3463.0,2621110,INSP1222
1185,992.0,4,1,3,0.0,Yes,Riverside,Fair,21.98,Yes,3928.0,2413543,INSP1235
1186,806.0,3,1,1,42.0,Yes,Downtown,Excellent,17.74,No,3875.0,1557908,INSP1152
1187,1638.0,4,3,3,18.0,No,Suburb,Fair,19.78,Yes,5852.0,2214923,INSP1056
1188,2481.0,1,3,3,8.0,No,Suburb,Good,1.85,No,,1848613,INSP1111
1189,4225.0,3,2,3,26.0,Yes,Suburb,Fair,18.92,Yes,5801.0,2152151,INSP1014
1190,3539.0,1,1,3,33.0,Yes,Hillview,Fair,15.78,Yes,4205.0,1247311,INSP1268
1191,2084.0,2,1,1,43.0,No,Riverside,Good,16.83,Yes,3905.0,1061407,INSP1113
1192,4362.0,3,3,2,3.0,Yes,Suburb,Excellent,11.42,No,4538.0,2978406,INSP1251
1193,4246.0,2,1,1,35.0,No,Hillview,Poor,3.36,Yes,1552.0,1430071,INSP1141
1194,1463.0,3,1,1,17.0,No,Hillview,Good,6.61,Yes,,1494142,INSP1113
1195,,5,1,1,14.0,No,Downtown,Poor,28.57,Yes,3388.0,2321711,INSP1289
1196,3912.0,4,3,2,12.0,Yes,Hillview,Fair,12.85,No,1187.0,2392691,INSP1024
1197,1163.0,5,2,3,18.0,Yes,Downtown,Good,14.53,Yes,829.0,2743195,INSP1254
1198,1620.0,2,4,3,48.0,Yes,Hillview,Good,2.53,No,2246.0,1639004,INSP1267
1199,695.0,4,2,3,5.0,Yes,Suburb,Fair,2.09,Yes,1707.0,2390916,INSP1125
1200,2523.0,3,4,2,47.0,No,Downtown,Fair,21.8,No,2642.0,1839296,INSP1249
1201,2357.0,4,1,3,11.0,Yes,Suburb,Poor,16.6,No,1284.0,1982725,INSP1286
1202,3132.0,1,2,2,36.0,Yes,Riverside,Fair,15.75,Yes,3196.0,1365859,INSP1052
1203,4078.0,4,4,3,16.0,No,Suburb,Excellent,8.05,Yes,4320.0,3167744,INSP1042
1204,2878.0,1,3,3,22.0,No,Downtown,Excellent,22.6,Yes,5536.0,2178068,INSP1165
1205,3396.0,4,3,1,25.0,No,Suburb,Fair,5.88,Yes,5884.0,1983284,INSP1041
1206,2278.0,1,2,2,28.0,No,Hillview,Good,6.51,Yes,4218.0,1554634,INSP1175
1207,3842.0,2,2,1,32.0,Yes,Suburb,Excellent,14.36,No,3193.0,1829687,INSP1066
1208,1140.0,5,1,1,26.0,Yes,Downtown,Poor,9.3,Yes,1125.0,1799944,INSP1065
1209,1659.0,3,2,1,24.0,No,Suburb,Excellent,8.18,No,4734.0,1721634,INSP1082
1210,3172.0,4,1,2,9.0,Yes,Downtown,Excellent,19.71,Yes,,2842326,INSP1104
1211,1783.0,5,1,2,46.0,Yes,Hillview,Poor,19.88,No,1261.0,1338455,INSP1286
1212,2322.0,3,3,3,22.0,Yes,Hillview,Fair,24.91,Yes,4479.0,2068988,INSP1185
1213,3914.0,3,3,1,20.0,Yes,Suburb,Excellent,13.11,Yes,4029.0,2709986,INSP1283
1214,3757.0,1,4,3,20.0,No,Suburb,Good,3.12,Yes,2055.0,2254141,INSP1003
1215,,2,3,1,42.0,Yes,Riverside,Poor,8.94,Yes,4133.0,1624843,INSP1137
1216,3225.0,2,3,2,12.0,Yes,Suburb,Fair,29.42,Yes,1175.0,1869546,INSP1178
1217,3329.0,5,2,2,36.0,Yes,Hillview,Good,18.29,No,4687.0,2519193,INSP1236
1218,3204.0,2,3,2,32.0,Yes,Riverside,Good,21.58,No,5688.0,1687140,INSP1017
1219,2197.0,4,4,1,23.0,Yes,Riverside,Good,1.21,Yes,536.0,2862257,INSP1008
1220,3660.0,2,2,2,43.0,Yes,Suburb,Excellent,16.03,Yes,4336.0,1912103,INSP1028
1221,3293.0,5,4,1,10.0,No,Suburb,Fair,2.09,Yes,2287.0,3063382,INSP1143
1222,1395.0,2,3,3,16.0,Yes,Hillview,Good,17.51,Yes,3227.0,1679871,INSP1148
1223,1651.0,4,4,1,3.0,Yes,Suburb,Good,27.7,Yes,5797.0,2174129,INSP1063
1224,2243.0,1,2,3,46.0,Yes,Riverside,Good,29.08,No,4380.0,1149063,INSP1186
1225,4227.0,5,1,1,,Yes,Downtown,Fair,16.68,No,2394.0,2674844,INSP1226
1226,1963.0,1,4,3,29.0,Yes,Riverside,Excellent,14.29,No,636.0,2254429,INSP1117
1227,4469.0,1,4,2,8.0,,Suburb,Excellent,28.41,Yes,3576.0,1981715,INSP1253
1228,2581.0,1,2,3,20.0,Yes,Downtown,Good,20.53,No,5567.0,1999834,INSP1030
1229,1954.0,3,2,2,19.0,No,Downtown,Good,2.88,No,4383.0,2525632,INSP1160
1230,2263.0,3,4,2,18.0,Yes,Riverside,Fair,14.51,Yes,1161.0,2387025,INSP1214
1231,2129.0,1,3,3,18.0,Yes,Riverside,Good,7.97,Yes,2310.0,1864028,INSP1168
1232,2638.0,5,4,1,11.0,Yes,Suburb,Good,14.62,No,914.0,2782493,INSP1080
1233,4019.0,4,2,1,36.0,No,Downtown,Good,14.21,Yes,842.0,2440370,INSP1045
1234,2096.0,4,1,1,41.0,Yes,Riverside,Excellent,17.88,Yes,3229.0,2071648,INSP1048
1235,3902.0,2,1,1,16.0,Yes,Downtown,Good,11.35,Yes,3950.0,2151400,INSP1297
1236,2837.0,5,3,1,36.0,Yes,Suburb,Good,5.76,No,4165.0,2765539,INSP1282
1237,3896.0,3,4,2,47.0,Yes,Downtown,Good,15.61,Yes,4237.0,2525950,INSP1087
1238,2008.0,1,1,1,38.0,Yes,Downtown,Fair,25.08,No,4397.0,678359,INSP1120
1239,2000.0,2,4,2,27.0,Yes,Downtown,Good,20.26,No,4741.0,2318106,INSP1002
1240,1906.0,4,2,2,,Yes,Suburb,Fair,10.81,No,4918.0,1449736,INSP1226
1241,3280.0,3,1,2,34.0,Yes,Downtown,Good,28.13,Yes,2669.0,1979830,INSP1078
1242,,3,3,3,46.0,Yes,Suburb,Good,27.45,No,5871.0,2333402,INSP1144
1243,1572.0,1,2,3,47.0,No,Suburb,Good,7.07,Yes,2378.0,1071103,INSP1241
1244,2368.0,4,3,2,17.0,No,Suburb,Good,2.14,Yes,4470.0,2312024,INSP1031
1245,1882.0,5,2,3,13.0,No,Suburb,Good,22.5,Yes,5196.0,2296650,INSP1262
1246,4030.0,3,1,1,34.0,Yes,Hillview,Fair,25.0,Yes,5070.0,1514779,INSP1210
1247,1309.0,1,3,1,43.0,Yes,Downtown,Excellent,29.07,No,3117.0,1367667,INSP1070
1248,2079.0,5,3,2,40.0,Yes,Suburb,Fair,26.81,Yes,2015.0,2231409,INSP1196
1249,2034.0,4,2,1,6.0,Yes,Downtown,Fair,18.42,Yes,1074.0,2321953,INSP1057
1250,1248.0,3,3,2,40.0,Yes,Downtown,Good,16.37,Yes,4942.0,2362222,INSP1111
1251,917.0,5,2,2,12.0,Yes,Suburb,Fair,1.81,No,3367.0,2370677,INSP1047
1252,,5,2,1,17.0,Yes,Suburb,Poor,8.15,No,4044.0,2625409,INSP1184
1253,3896.0,5,2,3,36.0,Yes,Hillview,Good,14.33,No,4977.0,2420107,INSP1164
1254,4490.0,3,2,1,12.0,No,Suburb,Good,19.23,Yes,5899.0,2328707,INSP1214
1255,1857.0,3,1,1,35.0,Yes,Hillview,Good,17.16,Yes,571.0,1318302,INSP1120
1256,1283.0,2,2,2,30.0,Yes,Downtown,Excellent,22.54,No,,1804472,INSP1212
1257,1263.0,4,4,2,1.0,Yes,Downtown,Good,9.11,Yes,3937.0,2978724,INSP1040
1258,2598.0,1,3,2,15.0,Yes,Downtown,Excellent,17.38,Yes,3480.0,2157400,INSP1288
1259,4498.0,5,4,2,8.0,Yes,Downtown,Fair,3.56,No,1617.0,3813470,INSP1167
1260,4045.0,2,1,3,8.0,No,Suburb,Good,13.0,Yes,5992.0,1900558,INSP1033
1261,,1,4,3,37.0,,Riverside,Excellent,22.75,No,2886.0,1888416,INSP1274
1262,2231.0,2,3,3,10.0,Yes,Downtown,Good,21.11,Yes,4008.0,2328452,INSP1196
1263,2095.0,3,4,2,21.0,No,Hillview,Good,29.73,Yes,1859.0,1903992,INSP1190
1264,3904.0,5,1,2,32.0,No,Hillview,Good,9.06,Yes,5259.0,2168464,INSP1220
1265,4363.0,1,2,2,35.0,No,Suburb,Poor,15.45,Yes,2015.0,1175941,INSP1009
1266,1736.0,1,4,3,44.0,No,Downtown,Good,10.56,No,539.0,1678334,INSP1119
1267,2453.0,1,1,2,22.0,Yes,Downtown,Good,13.78,No,1882.0,1313237,INSP1122
1268,2120.0,1,1,1,44.0,Yes,Downtown,Excellent,25.85,Yes,2530.0,1065181,INSP1246
1269,3089.0,1,3,1,44.0,Yes,Downtown,Fair,20.84,Yes,3121.0,1655861,INSP1220
1270,1163.0,2,3,2,,Yes,Suburb,Excellent,26.59,No,5873.0,1363935,INSP1260
1271,1891.0,5,4,1,8.0,No,Downtown,Excellent,6.9,No,5561.0,3319388,INSP1057
1272,4181.0,3,2,1,23.0,Yes,Suburb,Fair,26.33,Yes,2400.0,2086651,INSP1127
1273,4478.0,3,1,3,7.0,No,Hillview,Fair,2.73,Yes,2717.0,2348965,INSP1186
1274,4057.0,3,4,2,6.0,No,Riverside,Excellent,26.77,Yes,5296.0,3069675,INSP1204
1275,4058.0,3,1,2,35.0,No,Hillview,Excellent,10.54,No,5106.0,1769876,INSP1085
1276,3784.0,2,1,3,17.0,No,Downtown,Good,10.12,No,1783.0,2182652,INSP1103
1277,2236.0,4,2,1,2.0,,Suburb,Fair,15.85,Yes,1083.0,2163069,INSP1142
1278,4296.0,5,2,1,27.0,Yes,Suburb,Good,28.28,No,5579.0,2752935,INSP1204
1279,3599.0,1,4,2,5.0,Yes,Downtown,Good,2.39,Yes,958.0,3139515,INSP1128
1280,3752.0,4,2,1,43.0,Yes,Downtown,Fair,11.21,Yes,2765.0,2452992,INSP1245
1281,1298.0,3,2,3,43.0,Yes,Riverside,Good,25.84,Yes,3166.0,1718027,INSP1037
1282,2760.0,4,4,3,20.0,Yes,Riverside,Poor,12.49,No,1315.0,2793344,INSP1108
1283,601.0,5,2,2,27.0,No,Suburb,Poor,6.78,Yes,3011.0,1720409,INSP1051
1284,1241.0,1,3,3,39.0,Yes,Suburb,Good,13.32,Yes,746.0,1317086,INSP1000
1285,2867.0,1,1,3,0.0,Yes,Suburb,Good,12.18,Yes,5325.0,1964458,INSP1010
1286,2189.0,5,1,2,35.0,Yes,Downtown,Fair,27.55,Yes,916.0,2202535,INSP1234
1287,1454.0,5,1,3,20.0,Yes,Suburb,Good,23.1,Yes,,2202669,INSP1127
1288,2359.0,3,1,3,42.0,Yes,Downtown,Fair,15.65,No,4963.0,1670729,INSP1213
1289,3896.0,1,4,3,34.0,No,Downtown,Fair,29.66,Yes,4217.0,1640729,INSP1242
1290,3032.0,4,1,1,12.0,Yes,Hillview,Fair,14.49,No,607.0,1929831,INSP1043
1291,4074.0,2,1,2,48.0,No,Suburb,Excellent,2.69,Yes,3131.0,1852714,INSP1005
1292,2261.0,2,1,2,9.0,Yes,Riverside,Good,8.61,Yes,1338.0,1935958,INSP1155
1293,1753.0,5,1,2,43.0,No,Suburb,Good,13.65,Yes,5013.0,1990254,INSP1007
1294,1676.0,3,3,1,46.0,Yes,Suburb,Good,5.55,Yes,5416.0,1720842,INSP1004
1295,2307.0,2,1,1,9.0,Yes,Downtown,Excellent,28.48,Yes,1921.0,1791854,INSP1181
1296,3377.0,1,3,2,45.0,Yes,Downtown,Fair,23.24,Yes,5278.0,1699175,INSP1111
1297,2295.0,5,4,1,12.0,No,Downtown,Good,8.78,No,4412.0,2975011,INSP1272
1298,2333.0,4,2,2,36.0,Yes,Riverside,Good,18.13,No,755.0,2191485,INSP1264
1299,2039.0,5,1,1,37.0,Yes,Riverside,Good,21.92,Yes,3327.0,1927975,INSP1211
1300,2894.0,4,2,3,23.0,No,Suburb,Poor,28.3,Yes,1337.0,1935634,INSP1077
1301,1435.0,5,2,3,1.0,No,Suburb,Good,26.57,Yes,3462.0,2602787,INSP1269
1302,4110.0,5,4,2,21.0,Yes,Hillview,Poor,15.94,Yes,2782.0,2782828,INSP1153
1303,802.0,5,2,1,16.0,No,Downtown,Good,23.46,Yes,1052.0,2397916,INSP1220
1304,3855.0,4,3,1,35.0,Yes,Suburb,Good,17.3,No,680.0,2145925,INSP1024
1305,722.0,4,2,3,13.0,Yes,Suburb,Fair,17.03,Yes,4752.0,2189793,INSP1207
1306,,5,2,3,9.0,Yes,Riverside,Excellent,4.33,Yes,,3164141,INSP1002
1307,1366.0,2,2,1,34.0,No,Hillview,Poor,4.66,Yes,1070.0,1007495,INSP1214
1308,893.0,3,1,1,24.0,No,Downtown,Excellent,16.36,Yes,5452.0,1725005,INSP1111
1309,2927.0,3,1,1,2.0,,Hillview,Good,8.8,No,2227.0,1507722,INSP1191
1310,3531.0,3,3,1,46.0,Yes,Hillview,Fair,1.61,Yes,5643.0,1903170,INSP1046
1311,4281.0,4,3,1,37.0,Yes,Downtown,Fair,21.96,Yes,1091.0,2543292,INSP1220
1312,797.0,4,1,1,16.0,No,Suburb,Excellent,1.94,No,5016.0,1655621,INSP1186
1313,3629.0,2,3,2,11.0,No,Suburb,Poor,18.26,Yes,2760.0,1755656,INSP1049
1314,2530.0,3,1,1,23.0,Yes,Hillview,Fair,16.64,No,3447.0,1326955,INSP1196
1315,,3,4,3,28.0,No,Downtown,Fair,29.1,No,847.0,4573136,INSP1215
1316,3399.0,5,2,2,42.0,No,Riverside,Good,15.04,Yes,665.0,2233399,INSP1220
1317,2791.0,4,2,1,24.0,Yes,Suburb,Good,2.84,No,5532.0,2174453,INSP1089
1318,1208.0,3,3,3,35.0,Yes,Riverside,Fair,17.0,Yes,4943.0,2100664,INSP1231
1319,3872.0,2,1,2,25.0,Yes,Suburb,Fair,25.39,Yes,3396.0,1446956,INSP1257
1320,1747.0,2,1,3,,Yes,Suburb,Fair,29.91,Yes,4993.0,974569,INSP1152
1321,786.0,3,3,1,0.0,Yes,Hillview,Fair,13.48,Yes,1082.0,1810775,INSP1255
1322,3997.0,4,1,1,,Yes,Hillview,Good,10.29,No,4006.0,2217959,INSP1257
1323,3111.0,2,4,1,27.0,No,Hillview,Good,27.29,No,4903.0,1545067,INSP1064
1324,4020.0,5,2,1,15.0,Yes,Downtown,Fair,6.55,No,3538.0,2578651,INSP1189
1325,2394.0,2,3,2,46.0,Yes,Riverside,Good,18.85,No,3345.0,1789415,INSP1090
1326,1259.0,1,3,2,16.0,Yes,Downtown,Good,12.77,Yes,3266.0,2168525,INSP1172
1327,3411.0,1,1,3,39.0,Yes,Suburb,Excellent,2.19,Yes,,1625602,INSP1246
1328,3602.0,4,3,1,27.0,Yes,Suburb,Excellent,11.07,Yes,1765.0,2592465,INSP1255
1329,2555.0,3,4,3,11.0,Yes,Suburb,Excellent,8.69,Yes,4753.0,2840011,INSP1115
1330,,4,1,2,26.0,Yes,Suburb,Fair,20.9,Yes,5149.0,1840099,INSP1048
1331,1969.0,4,1,1,41.0,,Hillview,Poor,28.51,No,5246.0,998359,INSP1226
1332,,4,1,1,46.0,Yes,Downtown,Fair,8.77,Yes,3467.0,1769951,INSP1068
1333,2134.0,4,1,2,29.0,Yes,Riverside,Fair,24.53,Yes,2774.0,1680480,INSP1125
1334,,5,4,2,40.0,No,Suburb,Good,2.61,Yes,2970.0,2566009,INSP1212
1335,3819.0,5,1,2,33.0,Yes,Downtown,Good,16.61,No,2790.0,2533037,INSP1052
1336,3511.0,2,3,2,36.0,Yes,Downtown,Excellent,3.05,No,3077.0,2750744,INSP1111
1337,2334.0,1,4,2,5.0,No,Hillview,Excellent,28.09,No,4160.0,1662070,INSP1158
1338,2443.0,4,2,1,6.0,Yes,Hillview,Good,23.22,Yes,1568.0,1878049,INSP1239
1339,1088.0,2,2,2,31.0,Yes,Hillview,Good,20.08,No,3236.0,1227939,INSP1149
1340,3576.0,1,3,1,31.0,No,Hillview,Fair,24.89,Yes,5329.0,1100679,INSP1138
1341,2559.0,3,3,1,24.0,Yes,Downtown,Poor,19.78,No,2450.0,1897599,INSP1112
1342,2263.0,5,4,2,32.0,Yes,Suburb,Good,29.1,Yes,591.0,2563583,INSP1142
1343,3198.0,1,2,2,6.0,No,Riverside,Poor,21.7,Yes,3593.0,1459335,INSP1137
1344,2985.0,3,2,1,11.0,No,Suburb,Good,27.82,Yes,2719.0,1854138,INSP1030
1345,3519.0,1,2,2,15.0,No,Suburb,Fair,16.0,No,5811.0,1510157,INSP1292
1346,1240.0,5,2,2,15.0,Yes,Suburb,Good,4.39,Yes,5696.0,2618570,INSP1107
1347,2402.0,5,2,2,42.0,Yes,Suburb,Good,16.32,No,5900.0,1937214,INSP1283
1348,3120.0,2,1,3,35.0,Yes,Suburb,Fair,4.68,Yes,1887.0,1630353,INSP1158
1349,2569.0,4,3,1,12.0,Yes,Downtown,Excellent,18.18,Yes,4774.0,3417177,INSP1013
1350,2798.0,1,1,3,6.0,Yes,Suburb,Fair,14.99,Yes,2785.0,1695463,INSP1121
1351,2038.0,1,2,2,35.0,Yes,Suburb,Good,19.05,Yes,3706.0,1596483,INSP1214
1352,3969.0,3,4,3,46.0,No,Suburb,Good,1.29,Yes,,2672385,INSP1271
1353,2234.0,5,4,2,8.0,Yes,Downtown,Good,6.65,Yes,779.0,3532640,INSP1024
1354,862.0,1,2,3,,Yes,Riverside,Excellent,15.25,No,5638.0,1479621,INSP1293
1355,2387.0,5,2,2,10.0,Yes,Downtown,Fair,28.56,Yes,2118.0,2685772,INSP1168
1356,2791.0,1,4,3,7.0,Yes,Suburb,Good,12.12,No,3287.0,1895909,INSP1102
1357,2993.0,2,1,3,32.0,Yes,Riverside,Good,13.31,No,870.0,1737797,INSP1039
1358,1223.0,4,1,3,22.0,Yes,Suburb,Excellent,21.73,No,3683.0,2111791,INSP1234
1359,1616.0,1,2,1,24.0,Yes,Suburb,Fair,18.51,Yes,4334.0,995284,INSP1088
1360,4243.0,5,1,3,7.0,Yes,Riverside,Good,9.67,Yes,,3246482,INSP1099
1361,1480.0,2,4,1,44.0,No,Suburb,Good,12.91,Yes,2768.0,1542488,INSP1143
1362,2649.0,1,1,2,21.0,,Riverside,Fair,7.31,No,803.0,1068717,INSP1081
1363,3544.0,3,2,3,3.0,Yes,Riverside,Good,29.01,No,4274.0,2309074,INSP1076
1364,1927.0,4,4,2,39.0,Yes,Riverside,Fair,4.79,Yes,1848.0,2374323,INSP1058
1365,,1,1,2,2.0,No,Suburb,Good,11.78,Yes,5789.0,1378155,INSP1228
1366,4323.0,2,3,3,28.0,No,Downtown,Excellent,1.75,No,2922.0,2512749,INSP1090
1367,1052.0,3,4,1,40.0,Yes,Suburb,Good,7.43,Yes,4128.0,1802842,INSP1000
1368,3708.0,2,4,3,,No,Suburb,Good,23.63,No,2928.0,2139908,INSP1268
1369,1783.0,2,3,2,33.0,Yes,Suburb,Good,6.83,Yes,3533.0,1695168,INSP1285
1370,3662.0,3,3,2,33.0,No,Suburb,Poor,3.32,No,1168.0,1852328,INSP1196
1371,2656.0,2,4,3,27.0,No,Suburb,Fair,14.76,Yes,999.0,1807249,INSP1273
1372,3904.0,3,3,1,12.0,Yes,Downtown,Good,1.29,Yes,1914.0,3226199,INSP1077
1373,3770.0,1,2,1,14.0,No,Suburb,Fair,3.46,No,,1675374,INSP1140
1374,2282.0,3,2,2,22.0,Yes,Suburb,Fair,24.42,No,4121.0,1750070,INSP1287
1375,3463.0,3,2,2,43.0,No,Riverside,Good,23.37,Yes,3956.0,1812710,INSP1070
1376,2855.0,4,4,1,25.0,Yes,Downtown,Fair,27.54,Yes,5815.0,2586141,INSP1049
1377,1754.0,3,3,3,3.0,No,Suburb,Fair,25.78,No,1254.0,1614238,INSP1079
1378,2507.5,3,3,2,25.0,Yes,Hillview,Good,20.81,No,2847.0,3799838,INSP1234
1379,2799.0,1,1,1,39.0,Yes,Downtown,Fair,2.52,No,5410.0,1294069,INSP1286
1380,2701.0,4,1,2,8.0,Yes,Suburb,Excellent,23.7,No,1226.0,2334226,INSP1154
1381,3791.0,5,3,3,4.0,No,Downtown,Excellent,25.52,Yes,5326.0,3570514,INSP1059
1382,2296.0,1,3,1,31.0,No,Riverside,Good,24.17,Yes,5423.0,1185437,INSP1032
1383,1227.0,1,3,2,19.0,No,Suburb,Fair,15.75,No,3149.0,1212311,INSP1126
1384,1186.0,5,4,3,49.0,No,Suburb,Good,7.75,No,5927.0,2323861,INSP1220
1385,2248.0,3,3,2,10.0,Yes,Suburb,Excellent,25.51,Yes,2546.0,2591184,INSP1199
1386,2043.0,2,1,3,14.0,Yes,Hillview,Good,22.09,Yes,3315.0,1447988,INSP1125
1387,2045.0,4,4,3,31.0,Yes,Downtown,Fair,29.44,No,1374.0,2261620,INSP1040
1388,703.0,2,3,1,27.0,Yes,Downtown,Good,5.52,Yes,3779.0,1903916,INSP1274
1389,853.0,5,1,3,21.0,Yes,Hillview,Excellent,7.54,Yes,3484.0,2389768,INSP1296
1390,3898.0,1,4,2,40.0,Yes,Suburb,Good,7.14,Yes,2678.0,2063271,INSP1084
1391,3783.0,1,3,3,16.0,Yes,Hillview,Good,23.98,No,4307.0,1710224,INSP1088
1392,3157.0,4,3,3,25.0,Yes,Suburb,Good,6.42,No,1107.0,2375580,INSP1041
1393,2096.0,1,3,1,43.0,Yes,Hillview,Good,2.93,Yes,1134.0,1447902,INSP1119
1394,698.0,1,4,3,6.0,,Suburb,Poor,29.96,No,5805.0,1520091,INSP1278
1395,2800.0,4,1,3,41.0,No,Riverside,Good,1.72,No,5079.0,2115837,INSP1032
1396,2484.0,4,1,2,25.0,No,Hillview,Poor,25.22,Yes,3227.0,1390190,INSP1275
1397,3561.0,5,2,1,24.0,No,Suburb,Good,11.6,No,1574.0,2404846,INSP1152
1398,2519.0,1,3,1,9.0,Yes,Downtown,Fair,25.41,Yes,2414.0,1913827,INSP1089
1399,1477.0,1,2,1,44.0,Yes,Suburb,Good,17.08,Yes,1088.0,1101409,INSP1103
1400,937.0,5,2,3,18.0,No,Downtown,Fair,27.15,Yes,3731.0,2294716,INSP1011
1401,4377.0,3,1,1,10.0,Yes,Downtown,Good,27.86,Yes,2804.0,2353058,INSP1159
1402,3469.0,3,4,3,12.0,Yes,Suburb,Good,1.26,Yes,5824.0,2882121,INSP1195
1403,3834.0,3,4,3,7.0,Yes,Suburb,Fair,3.19,No,4338.0,2820923,INSP1261
1404,4391.0,5,1,2,39.0,Yes,Suburb,Fair,8.26,No,2473.0,2405599,INSP1090
1405,1556.0,1,4,2,3.0,Yes,Suburb,Fair,20.41,No,5544.0,1590517,INSP1196
1406,2304.0,5,2,2,46.0,,Riverside,Excellent,26.76,Yes,2555.0,2408470,INSP1068
1407,760.0,5,3,2,30.0,Yes,Downtown,Good,14.34,Yes,3980.0,2737572,INSP1219
1408,2203.0,3,1,2,27.0,Yes,Downtown,Good,18.6,Yes,2579.0,2168516,INSP1213
1409,3448.0,2,3,3,10.0,Yes,Downtown,Fair,6.47,Yes,3552.0,2936009,INSP1145
1410,997.0,1,4,3,,No,Suburb,Good,24.34,Yes,4982.0,1142061,INSP1232
1411,1900.0,3,3,1,0.0,Yes,Downtown,Excellent,29.05,No,1751.0,2270083,INSP1233
1412,1415.0,2,4,3,48.0,Yes,Suburb,Excellent,8.79,No,4295.0,1835084,INSP1213
1413,2127.0,2,4,3,46.0,No,Suburb,Good,15.35,Yes,4322.0,1677219,INSP1060
1414,2519.0,4,2,2,37.0,Yes,Hillview,Poor,3.5,Yes,4802.0,1611554,INSP1077
1415,2015.0,1,4,3,23.0,Yes,Downtown,Fair,17.21,No,3889.0,2186849,INSP1094
1416,1758.0,2,2,2,46.0,Yes,Riverside,Poor,15.58,Yes,,1232096,INSP1215
1417,1818.0,3,2,1,,Yes,Riverside,Fair,5.19,No,,1836592,INSP1212
1418,1000.0,4,2,1,40.0,Yes,Riverside,Fair,13.82,No,,1837528,INSP1199
1419,1239.0,1,1,3,45.0,No,Hillview,Fair,10.69,No,5388.0,368148,INSP1030
1420,3704.0,5,1,1,49.0,Yes,Downtown,Good,16.13,Yes,2224.0,2572876,INSP1289
1421,3335.0,3,4,3,25.0,Yes,Downtown,Excellent,17.98,No,5601.0,2954120,INSP1134
1422,1059.0,2,2,1,48.0,Yes,Hillview,Good,1.25,Yes,3284.0,1198256,INSP1082
1423,1554.0,2,1,2,49.0,Yes,Suburb,Excellent,23.07,No,5537.0,929841,INSP1046
1424,1069.0,3,2,2,4.0,Yes,Suburb,Good,21.68,Yes,5761.0,2149060,INSP1205
1425,4046.0,2,3,2,19.0,Yes,Riverside,Fair,11.62,Yes,4219.0,2309654,INSP1076
1426,1645.0,4,3,2,40.0,Yes,Riverside,Good,2.54,Yes,2177.0,2542919,INSP1258
1427,3397.0,1,3,3,10.0,Yes,Hillview,Fair,22.89,Yes,948.0,1506858,INSP1091
1428,2293.0,4,4,1,32.0,Yes,Hillview,Good,28.7,No,5187.0,2145238,INSP1099
1429,2685.0,2,2,3,49.0,,Riverside,Fair,7.96,No,581.0,1773731,INSP1194
1430,2877.0,5,3,2,37.0,,Suburb,Excellent,10.38,No,1906.0,2522775,INSP1191
1431,4036.0,1,1,3,26.0,Yes,Hillview,Fair,6.33,Yes,1980.0,1565488,INSP1067
1432,1162.0,1,3,1,33.0,Yes,Downtown,Fair,17.73,No,1579.0,1377210,INSP1241
1433,3085.0,3,3,3,14.0,Yes,Downtown,Excellent,5.49,Yes,4098.0,3528268,INSP1089
1434,2399.0,3,3,1,31.0,No,Hillview,Poor,11.33,No,5014.0,1045384,INSP1009
1435,3954.0,5,4,3,20.0,Yes,Suburb,Good,21.21,No,4683.0,3190874,INSP1263
1436,2674.0,1,1,1,45.0,Yes,Downtown,Good,17.24,Yes,4180.0,1195977,INSP1267
1437,825.0,5,2,1,4.0,No,Downtown,Excellent,12.21,No,3203.0,2574362,INSP1117
1438,3948.0,3,1,2,5.0,No,Hillview,Excellent,13.19,Yes,4810.0,2165607,INSP1249
1439,1397.0,3,2,1,37.0,Yes,Suburb,Excellent,17.3,Yes,4256.0,1633712,INSP1058
1440,4280.0,1,4,2,21.0,Yes,Riverside,Poor,1.17,Yes,2258.0,2289280,INSP1194
1441,2931.0,4,4,2,17.0,,Downtown,Excellent,3.28,Yes,3099.0,3094254,INSP1049
1442,3526.0,2,4,2,13.0,No,Riverside,Good,26.56,No,3050.0,2234657,INSP1295
1443,1559.0,3,4,3,9.0,No,Riverside,Good,3.26,Yes,4353.0,2324598,INSP1096
1444,2104.0,3,2,3,,Yes,Suburb,Fair,21.5,Yes,3246.0,1657184,INSP1126
1445,1052.0,4,3,3,12.0,Yes,Suburb,Good,27.68,No,2792.0,2071179,INSP1245
1446,3667.0,4,2,3,30.0,Yes,Downtown,Excellent,8.85,No,2001.0,2821671,INSP1086
1447,1415.0,5,1,1,29.0,No,Hillview,Excellent,11.74,No,4904.0,1790957,INSP1076
1448,1258.0,5,4,1,2.0,Yes,Riverside,Good,17.5,No,730.0,2576397,INSP1203
1449,4187.0,2,4,3,29.0,Yes,Hillview,Poor,26.57,No,4750.0,1783067,INSP1145
1450,1146.0,2,1,1,5.0,No,Suburb,Good,28.32,Yes,1698.0,838048,INSP1148
1451,1815.0,1,2,1,28.0,Yes,Riverside,Excellent,22.45,Yes,614.0,1523140,INSP1110
1452,3720.0,5,3,2,7.0,No,Riverside,Good,3.51,Yes,1913.0,3084296,INSP1128
1453,4183.0,3,3,2,43.0,Yes,Riverside,Good,20.41,Yes,4906.0,2273140,INSP1252
1454,616.0,5,1,2,44.0,Yes,Hillview,Poor,12.9,No,1492.0,1313472,INSP1165
1455,3843.0,3,3,2,,Yes,Suburb,Good,14.65,Yes,2847.0,2112108,INSP1296
1456,1843.0,4,2,1,43.0,,Downtown,Good,2.43,No,1541.0,2010595,INSP1136
1457,2805.0,5,2,3,32.0,Yes,Riverside,Excellent,6.54,Yes,511.0,2795725,INSP1278
1458,3124.0,4,1,1,,Yes,Riverside,Good,23.92,Yes,4176.0,2306151,INSP1010
1459,1669.0,2,2,1,47.0,,Suburb,Fair,14.16,Yes,5325.0,1178757,INSP1070
1460,4044.0,2,4,1,10.0,Yes,Downtown,Good,9.75,No,5897.0,3200501,INSP1158
1461,3165.0,1,1,2,12.0,Yes,Suburb,Poor,12.14,No,,1237275,INSP1215
1462,2746.0,5,2,2,49.0,Yes,Suburb,Excellent,25.78,No,3565.0,2267810,INSP1025
1463,2368.0,4,1,2,10.0,Yes,Suburb,Good,22.72,Yes,2536.0,1848346,INSP1285
1464,1660.0,3,3,3,30.0,Yes,Riverside,Good,8.9,No,3546.0,2420710,INSP1161
1465,2927.0,2,2,1,27.0,Yes,Riverside,Good,4.41,Yes,2850.0,2133144,INSP1101
1466,4020.0,2,4,3,43.0,Yes,Downtown,Good,8.31,Yes,1040.0,2650359,INSP1068
1467,,3,2,2,5.0,Yes,Suburb,Good,27.7,No,3360.0,2235997,INSP1132
1468,901.0,4,1,3,40.0,Yes,Suburb,Good,17.87,Yes,576.0,1625958,INSP1188
1469,780.0,4,1,1,15.0,Yes,Downtown,Fair,16.47,No,,1804646,INSP1210
1470,1206.0,5,2,1,3.0,Yes,Riverside,Fair,18.3,Yes,523.0,2487880,INSP1242
1471,3770.0,5,4,2,,Yes,Hillview,Fair,11.61,No,5634.0,2536946,INSP1165
1472,1299.0,1,4,2,47.0,,Suburb,Good,24.41,No,1175.0,1276913,INSP1060
1473,1592.0,2,4,3,,Yes,Riverside,Poor,16.18,Yes,2894.0,1725461,INSP1278
1474,1739.0,5,1,2,11.0,Yes,Hillview,Good,4.39,No,4767.0,2137661,INSP1112
1475,790.0,4,2,2,10.0,No,Hillview,Excellent,4.74,Yes,3898.0,1994646,INSP1029
1476,7250.0,3,3,1,36.0,Yes,Downtown,Excellent,16.57,No,3259.0,5030750,INSP1160
1477,1580.0,4,1,2,24.0,,Hillview,Good,28.16,Yes,988.0,1311483,INSP1233
1478,3575.0,2,4,2,17.0,No,Suburb,Good,9.94,Yes,,2058200,INSP1169
1479,2606.0,4,2,1,18.0,Yes,Suburb,Poor,26.22,Yes,4159.0,1698928,INSP1185
1480,1784.0,1,4,1,22.0,Yes,Downtown,Good,23.16,Yes,3735.0,1894913,INSP1056
1481,3927.0,2,3,3,37.0,Yes,Suburb,Excellent,8.19,No,2919.0,2122864,INSP1239
1482,3994.0,3,4,2,17.0,,Downtown,Fair,2.05,Yes,3995.0,2761417,INSP1256
1483,727.0,1,4,1,25.0,Yes,Downtown,Good,3.95,Yes,1256.0,2278304,INSP1200
1484,2665.0,2,3,3,5.0,Yes,Suburb,Excellent,22.13,Yes,3024.0,2238665,INSP1105
1485,2416.0,3,2,3,3.0,Yes,Hillview,Excellent,6.79,Yes,4750.0,2498573,INSP1289
1486,2358.0,1,1,2,43.0,No,Hillview,Fair,11.77,No,756.0,516804,INSP1100
1487,3213.0,1,2,2,28.0,No,Suburb,Good,15.55,No,2279.0,1185886,INSP1096
1488,1169.0,2,3,3,33.0,Yes,Hillview,Fair,22.04,Yes,5269.0,1467022,INSP1152
1489,1946.0,5,4,1,16.0,Yes,Hillview,Fair,4.28,No,2615.0,2736301,INSP1028
1490,2495.0,1,2,3,42.0,Yes,Riverside,Excellent,12.78,No,3848.0,1587506,INSP1152
1491,3333.0,1,1,2,42.0,Yes,Downtown,Excellent,15.07,Yes,5268.0,1604418,INSP1072
1492,4463.0,3,3,1,15.0,No,Riverside,Good,16.68,No,1972.0,2534306,INSP1253
1493,1225.0,4,2,1,1.0,Yes,Hillview,Poor,24.73,Yes,758.0,1653248,INSP1003
1494,3959.0,2,1,3,33.0,Yes,Riverside,Excellent,5.98,No,4575.0,2436468,INSP1236
1495,3501.0,2,3,2,7.0,Yes,Suburb,Good,24.43,No,806.0,1732892,INSP1037
1496,2286.0,5,1,3,12.0,No,Suburb,Fair,21.09,Yes,,2140440,INSP1019
1497,3609.0,5,3,3,41.0,No,Riverside,Good,17.12,No,3517.0,2858610,INSP1112
1498,4310.0,2,4,3,7.0,Yes,Suburb,Poor,21.29,No,4841.0,2189460,INSP1022
1499,754.0,5,2,1,29.0,No,Downtown,Good,12.95,Yes,3280.0,2169645,INSP1135
1500,3137.0,3,1,1,31.0,Yes,Suburb,Good,5.01,No,2158.0,1841836,INSP1247
1501,2009.0,2,3,2,35.0,Yes,Hillview,Fair,20.31,Yes,686.0,1343150,INSP1096
1502,1384.0,5,1,2,46.0,Yes,Hillview,Fair,16.22,No,2297.0,1467009,INSP1032
1503,3775.0,2,1,3,29.0,Yes,Downtown,Fair,19.54,No,1424.0,1847727,INSP1134
1504,4064.0,4,2,3,0.0,Yes,Hillview,Poor,10.8,Yes,1284.0,2505406,INSP1254
1505,4482.0,1,4,3,42.0,No,Suburb,Good,27.3,Yes,3944.0,1897588,INSP1277
1506,845.0,2,1,2,38.0,Yes,Riverside,Excellent,18.03,No,,1344811,INSP1132
1507,,1,3,1,16.0,Yes,Riverside,Poor,3.48,Yes,1860.0,1995854,INSP1237
1508,3710.0,5,3,1,19.0,Yes,Hillview,Poor,14.04,Yes,840.0,2610485,INSP1014
1509,2100.0,1,4,3,23.0,Yes,Hillview,Good,22.93,Yes,1062.0,1658396,INSP1276
1510,2305.0,2,3,3,49.0,No,Suburb,Excellent,24.03,Yes,5246.0,1410319,INSP1125
1511,3406.0,4,4,3,21.0,Yes,Hillview,Fair,15.34,Yes,3499.0,2610586,INSP1016
1512,1137.0,5,3,3,28.0,Yes,Downtown,Fair,26.95,Yes,1693.0,2554677,INSP1049
1513,2490.0,2,2,2,21.0,No,Riverside,Good,8.76,Yes,3610.0,1665918,INSP1134
1514,2441.0,5,1,1,43.0,Yes,Riverside,Fair,12.91,No,568.0,1864690,INSP1117
1515,1520.0,3,2,3,8.0,Yes,Riverside,Poor,27.06,Yes,2928.0,1724282,INSP1059
1516,3055.0,1,1,2,36.0,Yes,Suburb,Good,26.99,Yes,5896.0,1431733,INSP1124
1517,1124.0,3,1,3,,Yes,Hillview,Good,20.89,Yes,5718.0,1264897,INSP1115
1518,,2,1,3,35.0,No,Downtown,Good,25.91,No,5511.0,1549907,INSP1172
1519,2129.0,4,2,1,36.0,No,Downtown,Good,3.57,Yes,4098.0,2516524,INSP1186
1520,3550.0,5,1,3,27.0,Yes,Riverside,Good,26.08,Yes,2872.0,2592076,INSP1087
1521,4496.0,1,2,1,27.0,No,Suburb,Fair,10.3,Yes,5056.0,1583792,INSP1202
1522,635.0,5,4,1,41.0,Yes,Hillview,Good,6.17,No,1343.0,2164723,INSP1181
1523,1284.0,2,3,1,42.0,Yes,Suburb,Fair,7.94,No,1073.0,1177919,INSP1167
1524,619.0,5,3,2,20.0,Yes,Downtown,Fair,13.12,No,4714.0,2208332,INSP1180
1525,2968.0,1,1,2,23.0,Yes,Hillview,Good,8.28,No,3096.0,1344858,INSP1299
1526,4447.0,2,2,1,41.0,Yes,Suburb,Excellent,10.3,No,5241.0,1817619,INSP1129
1527,3159.0,5,3,3,39.0,Yes,Downtown,Excellent,4.91,Yes,1978.0,3286919,INSP1148
1528,999.0,4,2,1,1.0,No,Riverside,Good,9.59,No,2573.0,1989121,INSP1208
1529,3301.0,2,2,3,7.0,Yes,Suburb,Fair,17.6,Yes,2013.0,2317909,INSP1110
1530,1571.0,2,1,1,47.0,Yes,Riverside,Fair,13.81,No,5627.0,1332355,INSP1136
1531,2506.0,4,3,3,26.0,Yes,Suburb,Excellent,11.05,No,1468.0,2665911,INSP1210
1532,3118.0,3,1,2,21.0,Yes,Hillview,Good,22.65,Yes,2696.0,1699774,INSP1145
1533,1766.0,1,1,3,36.0,Yes,Hillview,Good,26.91,Yes,2011.0,705646,INSP1083
1534,1715.0,3,3,1,26.0,Yes,Riverside,Good,22.95,Yes,5644.0,2032731,INSP1029
1535,4025.0,5,3,2,28.0,No,Downtown,Good,10.63,No,1154.0,3266485,INSP1064
1536,1433.0,4,4,3,2.0,Yes,Hillview,Excellent,22.59,No,3492.0,2597988,INSP1023
1537,2423.0,3,4,3,43.0,Yes,Riverside,Poor,5.41,No,5150.0,1752140,INSP1210
1538,3374.0,2,2,3,12.0,Yes,Riverside,Good,4.78,Yes,5020.0,2572127,INSP1221
1539,2582.0,5,3,3,44.0,Yes,Suburb,Excellent,11.02,No,792.0,2829269,INSP1089
1540,1453.0,5,4,3,9.0,Yes,Hillview,Fair,24.42,No,5804.0,2249363,INSP1105
1541,650.0,3,2,2,35.0,No,Riverside,Good,8.14,No,3101.0,1491372,INSP1171
1542,4336.0,3,2,2,,Yes,Downtown,Fair,2.83,Yes,5026.0,3019713,INSP1229
1543,4369.0,4,2,2,26.0,Yes,Suburb,Excellent,4.82,Yes,4912.0,2891153,INSP1076
1544,1174.0,1,4,2,,Yes,Hillview,Poor,25.9,No,4993.0,728204,INSP1067
1545,3861.0,3,3,1,0.0,Yes,Downtown,Good,19.38,No,5943.0,2946670,INSP1091
1546,,3,1,2,31.0,Yes,Hillview,Fair,8.34,No,,1317033,INSP1087
1547,2797.0,2,2,3,24.0,No,Riverside,Good,17.1,Yes,1095.0,1596182,INSP1049
1548,2961.0,5,4,3,28.0,Yes,Riverside,Fair,16.3,Yes,3093.0,2715058,INSP1102
1549,3217.0,1,4,2,6.0,No,Suburb,Fair,20.01,No,2623.0,1876037,INSP1045
1550,4013.0,2,1,3,48.0,Yes,Downtown,Good,7.76,Yes,2443.0,2222439,INSP1178
1551,2952.0,4,1,2,,No,Hillview,Excellent,26.07,No,1415.0,2009506,INSP1266
1552,2315.0,4,4,3,,Yes,Suburb,Fair,9.97,Yes,4369.0,2643108,INSP1267
1553,1281.0,3,3,1,19.0,Yes,Riverside,Fair,21.13,Yes,3294.0,1796280,INSP1007
1554,1437.0,3,1,1,29.0,Yes,Suburb,Good,1.47,No,5851.0,1407249,INSP1264
1555,11135.0,4,4,2,34.0,No,Downtown,Good,11.81,No,3578.0,5703702,INSP1077
1556,1677.0,3,1,2,34.0,Yes,Downtown,Excellent,11.2,Yes,1475.0,1827846,INSP1239
1557,3650.0,1,3,2,48.0,Yes,Suburb,Fair,16.76,Yes,1575.0,1359190,INSP1257
1558,3091.0,3,2,3,38.0,Yes,Hillview,Good,3.11,No,3489.0,1967089,INSP1195
1559,3260.0,5,1,2,26.0,No,Suburb,Fair,23.91,Yes,3967.0,2067632,INSP1130
1560,3640.0,3,3,1,25.0,Yes,Suburb,Fair,7.32,No,5840.0,2159411,INSP1260
1561,2911.0,2,4,3,13.0,No,Suburb,Good,20.63,Yes,1951.0,2247768,INSP1241
1562,3724.0,1,1,2,16.0,Yes,Suburb,Good,24.29,No,4323.0,1596340,INSP1170
1563,2195.0,2,1,3,17.0,Yes,Suburb,Good,17.29,No,5762.0,1720475,INSP1146
1564,3651.0,2,4,3,44.0,Yes,Hillview,Fair,22.49,No,4432.0,1812406,INSP1269
1565,4291.0,5,2,2,28.0,No,Suburb,Good,20.19,Yes,2528.0,2495309,INSP1148
1566,604.0,1,4,3,19.0,Yes,Suburb,Good,11.31,No,862.0,1483951,INSP1298
1567,1726.0,1,1,1,26.0,No,Downtown,Excellent,24.46,Yes,2929.0,1342771,INSP1027
1568,1819.0,1,4,1,17.0,Yes,Hillview,Fair,9.55,Yes,4132.0,1852132,INSP1148
1569,1373.0,1,3,3,3.0,Yes,Downtown,Fair,17.57,No,2818.0,1968905,INSP1279
1570,1476.0,1,4,2,0.0,Yes,Downtown,Good,22.62,No,3585.0,2383968,INSP1181
1571,,5,1,3,49.0,Yes,Riverside,Good,11.99,No,2845.0,1819694,INSP1165
1572,3531.0,3,4,1,0.0,No,Suburb,Fair,9.78,Yes,4098.0,2315755,INSP1016
1573,4021.0,2,2,3,25.0,,Suburb,Excellent,14.32,Yes,4829.0,2217260,INSP1149
1574,646.0,1,4,3,44.0,No,Suburb,Fair,24.72,Yes,2231.0,957123,INSP1044
1575,3514.0,3,2,1,19.0,No,Riverside,Excellent,27.97,No,526.0,2142037,INSP1188
1576,3470.0,3,3,3,22.0,Yes,Downtown,Fair,16.81,No,592.0,2576129,INSP1138
1577,3583.0,2,2,3,9.0,,Hillview,Good,20.18,Yes,3164.0,1934043,INSP1060
1578,4491.0,5,4,2,10.0,No,Riverside,Excellent,27.19,No,808.0,3168491,INSP1293
1579,3303.0,4,1,2,40.0,Yes,Suburb,Fair,3.86,Yes,551.0,1856737,INSP1032
1580,868.0,4,2,1,40.0,No,Suburb,Excellent,7.73,Yes,818.0,1571001,INSP1298
1581,969.0,3,3,1,4.0,No,Suburb,Good,21.56,Yes,2492.0,1888886,INSP1111
1582,1235.0,2,2,1,0.0,Yes,Riverside,Excellent,24.89,Yes,4776.0,2029868,INSP1290
1583,1729.0,4,2,2,16.0,No,Suburb,Good,25.85,Yes,4391.0,1895920,INSP1036
1584,2293.0,3,2,1,21.0,,Suburb,Fair,13.04,No,5242.0,1446978,INSP1099
1585,2282.0,5,3,1,33.0,Yes,Suburb,Fair,3.59,Yes,4456.0,2447149,INSP1022
1586,,4,4,1,44.0,Yes,Hillview,Fair,13.7,No,5879.0,1558830,INSP1217
1587,719.0,3,2,2,40.0,Yes,Suburb,Poor,7.69,Yes,3192.0,1490549,INSP1088
1588,1430.0,3,2,3,28.0,Yes,Hillview,Fair,9.44,No,3518.0,1532241,INSP1208
1589,2410.0,1,1,1,3.0,Yes,Suburb,Fair,23.4,No,2524.0,943937,INSP1270
1590,4275.0,5,3,3,4.0,,Downtown,Good,3.19,No,4931.0,3548119,INSP1236
1591,1681.0,1,2,1,10.0,,Downtown,Good,25.0,Yes,2025.0,1321556,INSP1208
1592,2574.0,2,3,3,20.0,Yes,Suburb,Fair,13.4,No,,2114881,INSP1277
1593,1969.0,1,2,2,34.0,Yes,Downtown,Fair,18.29,No,1778.0,1251848,INSP1205
1594,1340.0,1,4,2,11.0,No,Downtown,Good,3.6,Yes,1013.0,1915315,INSP1077
1595,4145.0,4,4,1,,Yes,Hillview,Fair,10.78,Yes,4837.0,2331462,INSP1097
1596,716.0,3,2,3,18.0,Yes,Hillview,Poor,3.6,Yes,,1634262,INSP1093
1597,2453.0,5,4,2,44.0,Yes,Riverside,Fair,28.88,No,3870.0,2246050,INSP1079
1598,3438.0,1,2,1,,Yes,Downtown,Excellent,24.41,Yes,4421.0,1966354,INSP1037
1599,1750.0,5,4,1,46.0,Yes,Downtown,Excellent,14.33,Yes,3000.0,3086433,INSP1227
1600,4064.0,1,1,2,6.0,No,Downtown,Good,7.48,Yes,3964.0,2177406,INSP1133
1601,2531.0,2,1,2,,Yes,Riverside,Good,28.07,Yes,2759.0,1530297,INSP1195
1602,1612.0,1,1,1,39.0,,Hillview,Good,10.99,No,5263.0,941958,INSP1281
1603,2264.0,4,3,3,4.0,Yes,Suburb,Good,5.67,Yes,5189.0,2983850,INSP1100
1604,1681.0,3,3,3,20.0,Yes,Downtown,Good,17.33,No,3159.0,2269201,INSP1074
1605,1233.0,2,1,3,13.0,Yes,Suburb,Good,28.37,No,755.0,1114506,INSP1293
1606,1112.0,1,3,1,3.0,No,Suburb,Fair,1.11,Yes,2002.0,1590207,INSP1207
1607,11055.0,5,4,2,,No,Suburb,Poor,7.91,No,,5545530,INSP1082
1608,3449.0,2,2,1,41.0,Yes,Riverside,Good,28.21,Yes,2610.0,1611132,INSP1142
1609,1719.0,2,2,2,19.0,No,Riverside,Excellent,5.96,No,5930.0,1675045,INSP1055
1610,4309.0,1,2,3,14.0,No,Downtown,Good,4.28,Yes,906.0,2444612,INSP1286
1611,1741.0,2,1,3,49.0,No,Downtown,Excellent,17.54,No,3349.0,1278955,INSP1210
1612,1159.0,5,3,2,44.0,Yes,Hillview,Excellent,25.99,Yes,3676.0,2105472,INSP1178
1613,4272.0,2,4,2,,Yes,Downtown,Fair,14.84,Yes,2360.0,2847401,INSP1057
1614,1087.0,5,4,1,7.0,Yes,Downtown,Good,29.84,No,4854.0,2634934,INSP1072
1615,3908.0,1,1,3,40.0,Yes,Downtown,Good,20.7,Yes,1222.0,1526991,INSP1214
1616,1496.0,3,4,1,47.0,Yes,Downtown,Excellent,3.15,No,,2240147,INSP1265
1617,3943.0,2,4,1,18.0,Yes,Suburb,Excellent,29.79,Yes,1113.0,2456034,INSP1072
1618,1812.0,3,4,1,47.0,No,Hillview,Good,12.83,No,3831.0,1507919,INSP1270
1619,1303.0,5,4,3,38.0,No,Suburb,Fair,9.33,Yes,3616.0,2319258,INSP1233
1620,2070.0,2,3,1,45.0,No,Suburb,Good,17.18,No,2478.0,1068535,INSP1018
1621,1180.0,4,4,1,27.0,Yes,Riverside,Fair,9.82,Yes,1312.0,2433903,INSP1112
1622,3437.0,3,2,1,45.0,Yes,Suburb,Good,3.51,Yes,2286.0,1878644,INSP1062
1623,,2,1,1,26.0,Yes,Hillview,Excellent,1.04,Yes,830.0,1969689,INSP1183
1624,2894.0,3,3,1,3.0,Yes,Hillview,Good,14.04,No,2712.0,2104631,INSP1276
1625,3747.0,2,4,1,14.0,Yes,Downtown,Good,25.27,Yes,1716.0,2432761,INSP1161
1626,753.0,1,3,3,,Yes,Riverside,Good,17.6,No,5993.0,1257916,INSP1242
1627,2279.0,3,4,1,36.0,Yes,Suburb,Good,29.98,No,4982.0,1692208,INSP1144
1628,4106.0,4,2,2,0.0,No,Hillview,Fair,9.32,Yes,3837.0,2481955,INSP1145
1629,,4,1,1,,Yes,Suburb,Good,9.13,No,2875.0,2091648,INSP1080
1630,3757.0,5,4,1,46.0,No,Hillview,Excellent,5.63,Yes,1740.0,2176555,INSP1042
1631,3344.0,2,4,3,23.0,Yes,Riverside,Excellent,5.76,Yes,819.0,2728372,INSP1292
1632,3956.0,3,4,3,26.0,Yes,Downtown,Fair,9.27,No,4994.0,2852294,INSP1175
1633,1843.0,5,4,2,39.0,Yes,Suburb,Excellent,23.99,No,2414.0,2719649,INSP1068
1634,1692.0,3,1,2,35.0,,Hillview,Good,27.27,No,4700.0,993509,INSP1055
1635,3718.0,2,1,3,33.0,Yes,Hillview,Fair,29.28,Yes,5291.0,1388459,INSP1118
1636,1608.0,4,2,3,28.0,Yes,Downtown,Poor,7.74,Yes,829.0,2541594,INSP1203
1637,2741.0,1,1,1,23.0,Yes,Riverside,Fair,26.56,Yes,1159.0,952034,INSP1054
1638,2373.0,4,4,3,23.0,Yes,Suburb,Excellent,10.52,No,4188.0,2892436,INSP1037
1639,,5,2,2,41.0,Yes,Downtown,Good,4.27,Yes,3618.0,2533869,INSP1242
1640,3659.0,1,2,1,3.0,No,Suburb,Good,26.23,No,5416.0,1293474,INSP1200
1641,1052.0,5,2,2,2.0,Yes,Downtown,Fair,19.45,Yes,2472.0,2563143,INSP1235
1642,1827.0,2,4,1,33.0,No,Hillview,Good,5.78,Yes,2293.0,1506381,INSP1014
1643,3559.0,1,3,3,48.0,Yes,Suburb,Poor,13.47,Yes,3718.0,1830856,INSP1143
1644,2865.0,5,4,2,22.0,No,Hillview,Good,9.33,Yes,5057.0,2858418,INSP1076
1645,3121.0,2,1,1,22.0,No,Downtown,Good,22.37,Yes,3033.0,1807490,INSP1262
1646,3079.0,4,1,1,44.0,,Suburb,Fair,14.15,No,2957.0,1697769,INSP1184
1647,2988.0,2,4,3,4.0,Yes,Downtown,Excellent,29.69,No,3600.0,2493551,INSP1054
1648,1150.0,3,4,3,30.0,No,Downtown,Fair,2.59,Yes,4866.0,2417393,INSP1003
1649,2235.0,2,2,3,40.0,Yes,Downtown,Good,11.3,Yes,3233.0,2193739,INSP1298
1650,1912.0,2,4,2,,Yes,Downtown,Good,14.98,Yes,4980.0,2471450,INSP1039
1651,3925.0,3,2,1,,Yes,Suburb,Good,15.59,No,4655.0,2045449,INSP1229
1652,2357.0,5,1,3,9.0,No,Suburb,Fair,10.16,Yes,5726.0,2429510,INSP1285
1653,956.0,5,2,2,39.0,No,Suburb,Poor,22.15,No,719.0,1589636,INSP1137
1654,2670.0,2,4,2,6.0,Yes,Suburb,Excellent,26.37,Yes,3318.0,2310382,INSP1102
1655,2385.0,3,1,2,38.0,Yes,Hillview,Fair,28.22,Yes,2406.0,1065358,INSP1006
1656,3169.0,3,3,3,37.0,Yes,Hillview,Excellent,24.35,No,3111.0,2016925,INSP1163
1657,2381.0,4,2,3,20.0,Yes,Suburb,Excellent,25.67,Yes,3093.0,2618865,INSP1275
1658,3771.0,5,1,1,19.0,No,Suburb,Fair,16.97,No,595.0,1761969,INSP1048
1659,3449.0,1,2,1,2.0,Yes,Downtown,Fair,24.95,Yes,1488.0,1622313,INSP1095
1660,,5,1,3,21.0,Yes,Hillview,Good,9.8,Yes,1612.0,2707589,INSP1058
1661,3894.0,5,1,2,46.0,Yes,Downtown,Excellent,12.56,Yes,2778.0,2814131,INSP1230
1662,3409.0,4,2,2,,No,Suburb,Excellent,10.19,No,5563.0,2585929,INSP1176
1663,4330.0,1,3,2,27.0,Yes,Suburb,Good,14.55,No,745.0,2018946,INSP1089
1664,3089.0,4,1,1,11.0,Yes,Suburb,Good,9.28,Yes,2658.0,2251934,INSP1281
1665,2231.0,1,1,2,37.0,Yes,Downtown,Fair,28.89,No,4829.0,753279,INSP1035
1666,3416.0,2,1,1,35.0,Yes,Riverside,Excellent,10.07,Yes,3849.0,2220502,INSP1170
1667,1615.0,1,3,1,46.0,Yes,Downtown,Excellent,3.84,Yes,3225.0,1711515,INSP1125
1668,1948.0,4,3,2,40.0,Yes,Riverside,Fair,16.28,Yes,5747.0,2007584,INSP1298
1669,1115.0,5,4,2,4.0,Yes,Downtown,Fair,2.66,Yes,5856.0,3448358,INSP1203
1670,3687.0,1,2,3,12.0,No,Downtown,Fair,4.21,Yes,4577.0,2088836,INSP1288
1671,3439.0,1,3,3,22.0,No,Hillview,Fair,7.36,No,5398.0,1535111,INSP1096
1672,935.0,3,2,2,49.0,No,Downtown,Excellent,14.47,Yes,3166.0,1815668,INSP1237
1673,2382.0,5,4,1,29.0,Yes,Hillview,Good,13.56,Yes,3699.0,2779897,INSP1172
1674,2905.0,2,2,1,36.0,No,Suburb,Poor,24.19,Yes,,888030,INSP1087
1675,1096.0,4,3,1,24.0,Yes,Downtown,Fair,22.44,No,1917.0,2320672,INSP1016
1676,1495.0,2,2,1,47.0,Yes,Hillview,Excellent,13.36,No,1154.0,864330,INSP1139
1677,2807.0,5,3,1,26.0,Yes,Downtown,Good,10.68,Yes,2942.0,3157028,INSP1253
1678,4146.0,1,2,3,13.0,Yes,Hillview,Good,10.18,Yes,610.0,1891650,INSP1277
1679,1451.0,1,3,2,47.0,Yes,Downtown,Fair,23.45,Yes,,1541270,INSP1150
1680,2287.0,5,3,3,46.0,Yes,Hillview,Excellent,2.51,Yes,1262.0,2773316,INSP1139
1681,2531.0,1,2,1,35.0,Yes,Downtown,Excellent,1.37,Yes,5899.0,1914094,INSP1113
1682,3337.0,1,4,1,38.0,Yes,Suburb,Fair,24.07,Yes,5952.0,1603036,INSP1067
1683,4346.0,1,1,1,15.0,Yes,Riverside,Poor,14.84,Yes,3672.0,1663658,INSP1178
1684,3027.0,4,4,1,21.0,Yes,Hillview,Poor,4.8,Yes,2679.0,2507144,INSP1124
1685,2168.0,4,2,2,20.0,Yes,Hillview,Fair,7.83,Yes,5632.0,1988335,INSP1232
1686,1556.0,3,4,1,20.0,No,Hillview,Good,28.04,No,3004.0,1446877,INSP1146
1687,3338.0,2,3,2,7.0,No,Hillview,Excellent,25.93,No,1964.0,1867279,INSP1110
1688,4098.0,5,1,1,,Yes,Downtown,Good,21.58,No,597.0,2361751,INSP1237
1689,2236.0,5,2,2,15.0,Yes,Suburb,Excellent,14.98,Yes,5739.0,2860241,INSP1002
1690,1891.0,5,2,3,30.0,Yes,Suburb,Good,16.09,Yes,792.0,2116794,INSP1210
1691,4248.0,3,2,1,41.0,No,Suburb,Good,29.28,Yes,2339.0,1643589,INSP1024
1692,2040.0,4,1,2,9.0,Yes,Suburb,Good,29.01,No,2234.0,1810552,INSP1183
1693,1791.0,3,3,3,,Yes,Suburb,Fair,7.24,Yes,5620.0,1956004,INSP1060
1694,1666.0,5,2,1,33.0,Yes,Downtown,Good,24.52,No,3119.0,2134706,INSP1122
1695,4227.0,2,4,1,8.0,Yes,Riverside,Good,6.72,No,5247.0,2651879,INSP1054
1696,884.0,1,2,1,16.0,Yes,Downtown,Poor,7.19,Yes,,849107,INSP1162
1697,3044.0,4,2,2,10.0,No,Suburb,Good,20.61,No,3966.0,2003576,INSP1186
1698,611.0,4,2,2,31.0,Yes,Suburb,Good,12.75,Yes,2406.0,1745357,INSP1038
1699,2230.0,3,2,3,9.0,Yes,Riverside,Excellent,28.01,Yes,,2453167,INSP1184
1700,3973.0,4,3,2,21.0,No,Riverside,Good,3.58,Yes,4191.0,2728610,INSP1082
1701,3924.0,5,4,2,16.0,No,Riverside,Excellent,15.83,Yes,5663.0,3284602,INSP1194
1702,,5,3,1,3.0,Yes,Downtown,Good,27.64,No,2316.0,3237021,INSP1033
1703,1353.0,3,4,1,47.0,Yes,Suburb,Good,27.22,Yes,752.0,1760392,INSP1112
1704,2682.0,5,2,1,46.0,Yes,Downtown,Good,5.54,Yes,4727.0,2813000,INSP1229
1705,3374.0,2,1,1,24.0,No,Suburb,Excellent,11.63,No,4019.0,1449889,INSP1282
1706,3496.0,3,3,1,20.0,Yes,Suburb,Good,18.95,No,2407.0,2226484,INSP1286
1707,689.0,2,1,1,36.0,No,Downtown,Good,5.62,Yes,2410.0,1252635,INSP1154
1708,1375.0,1,3,1,37.0,Yes,Suburb,Good,29.07,No,3021.0,878036,INSP1164
1709,3252.0,2,2,3,48.0,Yes,Hillview,Good,27.53,No,4349.0,1367862,INSP1181
1710,3617.0,1,3,3,0.0,Yes,Hillview,Fair,5.84,Yes,5728.0,2113910,INSP1238
1711,2225.0,1,2,3,24.0,Yes,Suburb,Poor,4.51,Yes,1558.0,1648800,INSP1136
1712,,2,3,3,35.0,Yes,Downtown,Poor,3.48,Yes,4038.0,2324200,INSP1265
1713,1017.0,3,2,1,16.0,Yes,Downtown,Excellent,27.37,No,2822.0,2053264,INSP1186
1714,714.0,5,2,3,40.0,Yes,Suburb,Fair,6.62,No,686.0,2207560,INSP1039
1715,1216.0,5,4,1,23.0,No,Hillview,Fair,13.07,No,1448.0,2181578,INSP1166
1716,3867.0,1,2,3,1.0,Yes,Downtown,Good,14.02,Yes,2790.0,2292422,INSP1259
1717,1425.0,1,4,2,39.0,No,Riverside,Fair,18.37,Yes,4859.0,1329684,INSP1142
1718,,3,2,3,14.0,,Downtown,Good,3.08,Yes,5117.0,3194367,INSP1203
1719,2249.0,4,1,3,31.0,Yes,Hillview,Fair,7.58,Yes,5378.0,2082899,INSP1175
1720,2116.0,2,2,1,38.0,Yes,Suburb,Excellent,28.01,No,5130.0,1117735,INSP1261
1721,3746.0,1,1,3,5.0,Yes,Riverside,Excellent,27.34,No,709.0,1805624,INSP1251
1722,1012.0,5,1,2,0.0,No,Suburb,Excellent,23.66,Yes,2593.0,2326443,INSP1199
1723,4047.0,3,2,1,46.0,Yes,Riverside,Good,1.56,Yes,4038.0,2168795,INSP1198
1724,4091.0,2,1,1,22.0,Yes,Downtown,Good,10.48,Yes,2063.0,2170225,INSP1195
1725,1328.0,3,4,3,38.0,Yes,Downtown,Fair,19.21,Yes,525.0,2501271,INSP1076
1726,3948.0,2,3,1,16.0,Yes,Hillview,Poor,8.98,Yes,674.0,1886770,INSP1018
1727,,2,2,1,33.0,Yes,Hillview,Poor,27.38,Yes,1834.0,1074523,INSP1061
1728,3408.0,1,1,1,40.0,No,Hillview,Good,19.38,Yes,821.0,691097,INSP1280
1729,1275.0,3,2,1,28.0,No,Riverside,Good,3.09,Yes,5754.0,1807057,INSP1249
1730,4065.0,3,4,1,8.0,Yes,Hillview,Good,27.36,Yes,4650.0,2265327,INSP1226
1731,2492.0,5,2,1,12.0,Yes,Downtown,Poor,28.78,Yes,4547.0,2365759,INSP1126
1732,3104.0,5,2,2,,Yes,Suburb,Good,3.25,No,3727.0,2959954,INSP1057
1733,3567.0,1,1,3,5.0,Yes,Suburb,Good,16.44,Yes,2372.0,2030332,INSP1203
1734,2839.0,1,4,2,19.0,,Riverside,Good,9.8,No,2567.0,2206152,INSP1242
1735,3386.0,4,3,1,2.0,Yes,Suburb,Good,12.39,Yes,832.0,2702520,INSP1251
1736,4360.0,5,3,1,16.0,Yes,Downtown,Fair,6.21,Yes,5502.0,3566412,INSP1198
1737,1722.0,2,1,3,48.0,Yes,Suburb,Excellent,17.76,Yes,3491.0,1342632,INSP1239
1738,2171.0,3,2,2,11.0,Yes,Hillview,Good,28.78,Yes,1410.0,1621724,INSP1138
1739,1577.0,1,1,3,47.0,Yes,Suburb,Fair,15.59,No,4996.0,720203,INSP1121
1740,1608.0,3,1,2,46.0,Yes,Downtown,Fair,3.4,Yes,1449.0,2032165,INSP1048
1741,2743.0,3,1,1,44.0,Yes,Downtown,Good,18.98,No,5925.0,1735826,INSP1114
1742,2287.0,4,2,3,0.0,,Downtown,Excellent,10.87,No,2575.0,2860488,INSP1250
1743,3310.0,5,4,3,16.0,Yes,Suburb,Good,25.82,Yes,3014.0,3302081,INSP1006
1744,3861.0,1,1,1,2.0,Yes,Riverside,Fair,13.61,Yes,3831.0,1582126,INSP1218
1745,4407.0,3,2,3,25.0,Yes,Riverside,Excellent,6.59,No,3529.0,2581570,INSP1076
1746,636.0,1,4,2,14.0,No,Riverside,Good,6.54,Yes,600.0,1476003,INSP1178
1747,4451.0,2,1,2,35.0,Yes,Suburb,Good,23.29,No,5146.0,1617727,INSP1144
1748,4040.0,4,3,2,31.0,Yes,Hillview,Good,8.7,Yes,2900.0,2659673,INSP1153
1749,4366.0,2,4,2,31.0,Yes,Downtown,Fair,23.25,Yes,3871.0,2716540,INSP1120
1750,2148.0,1,1,1,3.0,No,Suburb,Good,6.97,Yes,2843.0,1362611,INSP1123
1751,2926.0,1,4,3,17.0,No,Hillview,Good,10.33,Yes,,1827106,INSP1149
1752,2864.0,5,4,2,48.0,Yes,Downtown,Excellent,14.5,No,3455.0,3062289,INSP1267
1753,3514.0,3,4,1,18.0,,Downtown,Good,28.35,Yes,1518.0,2478926,INSP1000
1754,1472.0,3,4,3,42.0,No,Hillview,Good,28.02,No,1679.0,1189895,INSP1160
1755,2421.0,2,4,3,34.0,No,Suburb,Good,7.0,Yes,5693.0,2399329,INSP1243
1756,1896.0,4,4,1,39.0,Yes,Riverside,Excellent,11.39,Yes,4036.0,2690410,INSP1250
1757,2709.0,3,1,1,13.0,,Downtown,Excellent,5.33,Yes,4150.0,2603171,INSP1063
1758,,5,3,2,32.0,Yes,Riverside,Good,15.79,Yes,3002.0,2596524,INSP1298
1759,2503.0,2,2,3,13.0,No,Suburb,Good,14.36,Yes,4319.0,1895551,INSP1247
1760,1328.0,2,4,3,33.0,Yes,Downtown,Good,27.12,Yes,1479.0,2055156,INSP1296
1761,1965.0,5,2,1,,Yes,Riverside,Good,27.97,No,5951.0,2313463,INSP1114
1762,996.0,4,1,3,23.0,Yes,Downtown,Fair,12.12,Yes,5334.0,2291397,INSP1294
1763,1298.0,5,4,2,28.0,No,Suburb,Good,15.26,Yes,1476.0,2446596,INSP1000
1764,3690.0,4,3,3,18.0,No,Downtown,Fair,26.99,No,1871.0,2421866,INSP1040
1765,2824.0,5,2,1,5.0,Yes,Downtown,Excellent,24.39,No,2780.0,3175325,INSP1172
1766,2235.0,5,4,1,32.0,No,Suburb,Fair,1.11,Yes,5548.0,2545652,INSP1087
1767,995.0,1,1,2,48.0,Yes,Downtown,Excellent,10.28,Yes,5076.0,1478372,INSP1097
1768,3092.0,2,3,2,39.0,No,Hillview,Good,13.23,No,,1668898,INSP1087
1769,,5,2,3,18.0,Yes,Downtown,Good,7.66,No,607.0,3285103,INSP1250
1770,675.0,5,2,3,0.0,Yes,Suburb,Good,6.79,Yes,1472.0,2747192,INSP1140
1771,864.0,3,4,1,4.0,No,Downtown,Fair,2.1,Yes,2126.0,2547524,INSP1070
1772,3102.0,2,3,2,26.0,Yes,Suburb,Good,19.66,No,1203.0,1732730,INSP1136
1773,2419.0,3,3,2,15.0,No,Hillview,Poor,8.61,Yes,1374.0,1774377,INSP1098
1774,1317.0,2,3,2,5.0,Yes,Downtown,Good,2.52,No,4309.0,2398092,INSP1150
1775,3382.0,3,3,3,39.0,Yes,Hillview,Good,7.7,Yes,2911.0,2141851,INSP1174
1776,4055.0,5,1,2,12.0,Yes,Downtown,Good,24.26,No,2607.0,3199645,INSP1166
1777,4235.0,5,3,1,47.0,Yes,Riverside,Fair,25.69,Yes,4053.0,2291855,INSP1256
1778,1450.0,1,2,1,34.0,Yes,Suburb,Fair,15.01,Yes,1773.0,793134,INSP1223
1779,4177.0,3,2,3,18.0,Yes,Hillview,Good,13.07,No,1059.0,2496943,INSP1064
1780,,4,1,3,11.0,Yes,Suburb,Excellent,29.36,Yes,616.0,2312789,INSP1068
1781,743.0,1,2,2,15.0,Yes,Suburb,Good,6.82,Yes,5469.0,1277545,INSP1066
1782,1484.0,3,2,3,42.0,No,Downtown,Good,7.25,Yes,5563.0,2055463,INSP1049
1783,9350.0,3,3,1,9.0,No,Downtown,Good,9.46,Yes,3546.0,5866954,INSP1090
1784,3770.0,1,2,2,24.0,Yes,Hillview,Poor,6.01,Yes,543.0,1475910,INSP1114
1785,995.0,5,1,1,19.0,No,Suburb,Excellent,12.0,No,,2290923,INSP1056
1786,3696.0,3,3,2,30.0,Yes,Suburb,Good,27.41,Yes,5784.0,1895520,INSP1017
1787,3595.0,5,4,3,3.0,Yes,Riverside,Fair,18.85,Yes,3939.0,3502423,INSP1271
1788,3538.0,1,3,2,43.0,No,Suburb,Good,12.95,Yes,4428.0,1641569,INSP1129
1789,2092.0,5,1,2,22.0,No,Hillview,Fair,28.1,No,5911.0,1664761,INSP1268
1790,4155.0,2,3,1,1.0,Yes,Riverside,Excellent,2.41,No,5444.0,2779096,INSP1079
1791,4236.0,4,3,1,21.0,No,Suburb,Fair,7.1,Yes,1416.0,2430413,INSP1298
1792,3822.0,3,1,2,36.0,Yes,Hillview,Good,17.41,Yes,3445.0,1861431,INSP1201
1793,1767.0,4,3,3,7.0,No,Downtown,Fair,18.85,No,1298.0,2573673,INSP1224
1794,3216.0,5,1,3,6.0,Yes,Suburb,Good,2.15,Yes,5471.0,3065001,INSP1158
1795,1662.0,3,1,1,13.0,Yes,Suburb,Good,12.69,No,2260.0,1788818,INSP1203
1796,2756.0,5,4,3,2.0,Yes,Downtown,Good,19.83,No,2833.0,3291799,INSP1136
1797,4364.0,2,2,1,49.0,Yes,Riverside,Good,21.24,No,3775.0,1604754,INSP1072
1798,1665.0,1,2,3,15.0,Yes,Hillview,Excellent,19.51,Yes,1318.0,1436047,INSP1047
1799,1809.0,3,3,2,18.0,No,Suburb,Poor,10.3,No,2668.0,1517203,INSP1017
1800,3582.0,2,3,1,17.0,Yes,Suburb,Fair,3.71,No,5540.0,2207393,INSP1266
1801,3045.0,2,4,1,15.0,Yes,Hillview,Fair,13.39,No,4235.0,1933447,INSP1018
1802,3894.0,3,4,2,7.0,Yes,Suburb,Excellent,4.73,Yes,3565.0,3546998,INSP1099
1803,1233.0,5,4,1,32.0,Yes,Suburb,Good,28.48,Yes,3759.0,2279750,INSP1115
1804,1756.0,2,1,3,48.0,Yes,Suburb,Good,14.78,Yes,1406.0,1277333,INSP1073
1805,3834.0,4,4,3,11.0,Yes,Hillview,Good,10.2,Yes,4608.0,3111047,INSP1279
1806,1838.0,2,4,1,10.0,Yes,Suburb,Fair,23.22,No,1102.0,1616868,INSP1268
1807,1332.0,5,3,3,4.0,Yes,Riverside,Fair,15.44,Yes,4795.0,2841484,INSP1124
1808,834.0,5,4,1,26.0,Yes,Hillview,Fair,9.99,Yes,3133.0,2477438,INSP1115
1809,3305.0,4,1,2,11.0,No,Suburb,Good,24.55,Yes,2291.0,2041745,INSP1173
1810,1350.0,2,1,1,16.0,No,Suburb,Fair,26.15,No,4027.0,629731,INSP1180
1811,3235.0,5,3,2,5.0,Yes,Hillview,Poor,20.52,No,5043.0,2315737,INSP1225
1812,3680.0,3,4,3,32.0,Yes,Suburb,Excellent,2.36,Yes,2311.0,2885469,INSP1156
1813,3745.0,1,4,2,4.0,Yes,Riverside,Excellent,17.42,Yes,4411.0,2635879,INSP1163
1814,1553.0,1,1,3,27.0,Yes,Hillview,Fair,23.14,Yes,1340.0,1067477,INSP1070
1815,3139.0,1,4,1,13.0,Yes,Riverside,Fair,4.96,No,3642.0,1883546,INSP1221
1816,3560.0,2,4,3,4.0,Yes,Riverside,Poor,7.63,No,5185.0,2450376,INSP1125
1817,3924.0,4,4,1,32.0,Yes,Hillview,Good,26.59,No,5749.0,2315116,INSP1144
1818,3901.0,5,2,1,49.0,Yes,Hillview,Excellent,1.58,Yes,2590.0,2365424,INSP1175
1819,2142.0,3,3,2,,Yes,Suburb,Fair,22.83,No,5115.0,1374070,INSP1151
1820,1797.0,3,2,2,40.0,No,Downtown,Fair,14.74,Yes,1536.0,1610376,INSP1181
1821,2276.0,2,3,2,,No,Suburb,Good,13.96,No,1224.0,1534884,INSP1084
1822,1791.0,1,1,2,21.0,Yes,Riverside,Good,1.21,Yes,1487.0,1631013,INSP1120
1823,2817.0,2,4,3,4.0,Yes,Suburb,Poor,24.76,No,1302.0,1933576,INSP1128
1824,2016.0,4,3,3,1.0,No,Riverside,Good,11.43,Yes,3082.0,2636137,INSP1005
1825,3593.0,4,2,3,29.0,No,Suburb,Fair,16.68,No,4337.0,2082734,INSP1182
1826,,5,4,1,46.0,Yes,Riverside,Good,20.64,No,1026.0,2886421,INSP1037
1827,3281.0,5,1,3,38.0,,Downtown,Good,21.38,Yes,2165.0,2909768,INSP1115
1828,1817.0,4,3,3,3.0,,Riverside,Excellent,28.72,Yes,1638.0,2501844,INSP1101
1829,2140.0,4,3,3,32.0,Yes,Suburb,Good,16.41,No,959.0,2331610,INSP1007
1830,2676.0,4,3,2,12.0,Yes,Downtown,Excellent,12.59,Yes,3052.0,3152126,INSP1217
1831,3836.0,2,4,3,19.0,Yes,Suburb,Good,28.66,Yes,5527.0,2345853,INSP1206
1832,2045.0,4,2,1,6.0,Yes,Riverside,Good,19.62,Yes,4920.0,2322057,INSP1077
1833,2986.0,3,2,2,14.0,Yes,Suburb,Good,9.65,No,5174.0,2202368,INSP1054
1834,4319.0,1,3,1,22.0,No,Downtown,Excellent,4.67,Yes,3308.0,2426081,INSP1227
1835,2119.0,4,1,3,13.0,Yes,Hillview,Excellent,25.43,Yes,3398.0,2077127,INSP1087
1836,1988.0,1,1,2,22.0,,Riverside,Poor,11.5,Yes,3743.0,1036884,INSP1009
1837,,2,2,1,18.0,Yes,Hillview,Excellent,20.15,Yes,4568.0,1656525,INSP1289
1838,1965.0,1,1,3,28.0,,Suburb,Excellent,14.65,No,2831.0,1383088,INSP1163
1839,1099.0,2,2,1,19.0,No,Suburb,Good,6.77,No,5070.0,1348119,INSP1238
1840,2280.0,3,3,1,28.0,Yes,Hillview,Fair,18.45,No,5673.0,1745652,INSP1143
1841,1110.0,2,2,1,23.0,Yes,Suburb,Excellent,2.76,Yes,4185.0,1708271,INSP1017
1842,3998.0,2,2,3,17.0,No,Riverside,Excellent,12.99,No,1131.0,2273366,INSP1070
1843,816.0,5,3,3,9.0,Yes,Suburb,Fair,16.85,Yes,5298.0,2670505,INSP1174
1844,1924.0,4,1,1,40.0,No,Suburb,Excellent,13.65,Yes,2956.0,1836409,INSP1287
1845,1755.0,4,2,2,7.0,Yes,Downtown,Poor,22.71,No,1481.0,2142425,INSP1298
1846,6067.5,3,2,2,25.0,Yes,Downtown,Fair,25.01,No,5923.0,3837140,INSP1247
1847,3741.0,3,3,3,28.0,Yes,Downtown,Good,23.37,No,5154.0,2605498,INSP1192
1848,3923.0,4,1,3,,Yes,Downtown,Good,2.13,No,4817.0,2873733,INSP1267
1849,4086.0,5,2,3,16.0,No,Hillview,Good,6.63,Yes,2056.0,2774988,INSP1203
1850,2410.0,4,3,3,1.0,No,Downtown,Poor,16.56,Yes,2705.0,2725087,INSP1122
1851,3092.0,5,2,3,5.0,,Riverside,Excellent,28.11,No,4943.0,3051202,INSP1057
1852,3523.0,3,4,2,4.0,Yes,Hillview,Poor,25.21,Yes,5778.0,2207449,INSP1200
1853,1805.0,1,3,3,27.0,No,Suburb,Fair,25.43,Yes,5484.0,1172107,INSP1111
1854,2814.0,3,1,1,40.0,No,Downtown,Poor,9.79,No,4455.0,1265972,INSP1127
1855,690.0,3,1,1,4.0,Yes,Riverside,Good,13.45,No,1421.0,1809973,INSP1035
1856,1313.0,2,1,2,17.0,Yes,Riverside,Excellent,14.65,Yes,5854.0,1770916,INSP1233
1857,2481.0,2,1,1,25.0,Yes,Riverside,Good,5.56,No,904.0,1601787,INSP1046
1858,4202.0,2,2,2,19.0,No,Riverside,Excellent,1.9,No,5876.0,2255601,INSP1114
1859,638.0,2,2,2,40.0,Yes,Hillview,Poor,28.46,No,5272.0,508505,INSP1254
1860,3797.0,5,1,1,48.0,Yes,Suburb,Good,7.98,Yes,5184.0,2220578,INSP1222
1861,4122.0,4,1,3,26.0,No,Suburb,Good,7.96,Yes,2120.0,2439281,INSP1123
1862,772.0,1,1,1,48.0,Yes,Riverside,Good,3.42,Yes,3452.0,902367,INSP1159
1863,1252.0,3,2,1,,Yes,Downtown,Poor,27.93,Yes,3618.0,1943354,INSP1095
1864,,5,1,2,6.0,Yes,Hillview,Good,17.81,Yes,2094.0,2424171,INSP1106
1865,1843.0,1,1,1,2.0,,Downtown,Good,20.34,Yes,1065.0,1518908,INSP1119
1866,4309.0,5,4,2,9.0,Yes,Suburb,Good,27.44,Yes,5299.0,3206475,INSP1100
1867,1681.0,5,4,3,33.0,Yes,Hillview,Good,11.02,No,3368.0,2463681,INSP1102
1868,2283.0,3,1,3,24.0,Yes,Suburb,Fair,19.02,Yes,1357.0,1668642,INSP1165
1869,3123.0,4,3,3,34.0,Yes,Suburb,Good,2.13,No,1784.0,2912554,INSP1185
1870,1055.0,2,1,1,15.0,No,Suburb,Fair,6.42,No,1084.0,957464,INSP1031
1871,1428.0,4,4,2,1.0,No,Hillview,Excellent,25.11,Yes,4827.0,2462423,INSP1065
1872,1494.0,3,3,3,23.0,Yes,Suburb,Good,23.24,No,1745.0,1965518,INSP1178
1873,1984.0,3,3,2,9.0,Yes,Hillview,Fair,11.17,No,551.0,1851475,INSP1266
1874,2558.0,3,1,2,37.0,Yes,Downtown,Excellent,11.93,Yes,2663.0,2129225,INSP1036
1875,,1,4,3,21.0,Yes,Riverside,Good,16.47,No,,2051006,INSP1200
1876,3034.0,4,4,3,25.0,Yes,Hillview,Poor,1.01,Yes,1040.0,2488074,INSP1048
1877,2596.0,4,3,2,42.0,Yes,Downtown,Good,8.0,No,5638.0,2155775,INSP1274
1878,2995.0,5,1,3,38.0,Yes,Suburb,Fair,7.04,Yes,1314.0,2439187,INSP1167
1879,789.0,5,2,2,26.0,Yes,Downtown,Excellent,8.26,No,1915.0,2994249,INSP1262
1880,1104.0,5,2,2,28.0,Yes,Riverside,Excellent,24.37,Yes,3338.0,2419343,INSP1132
1881,1814.0,3,4,3,46.0,Yes,Suburb,Excellent,9.11,No,,2015429,INSP1297
1882,2131.0,4,2,1,37.0,Yes,Riverside,Good,6.55,Yes,3165.0,2124913,INSP1175
1883,4040.0,3,4,3,19.0,Yes,Downtown,Good,15.62,No,5014.0,2966068,INSP1010
1884,4080.0,1,4,1,26.0,Yes,Downtown,Good,26.1,No,4562.0,1948262,INSP1200
1885,1423.0,5,4,2,40.0,No,Downtown,Fair,8.0,Yes,2856.0,2735167,INSP1296
1886,1528.0,3,2,2,19.0,No,Suburb,Good,3.28,No,4310.0,1859379,INSP1002
1887,1533.0,3,4,1,43.0,Yes,Suburb,Good,11.34,Yes,1363.0,1756522,INSP1213
1888,1740.0,1,3,2,18.0,Yes,Hillview,Poor,22.68,No,685.0,1105762,INSP1295
1889,733.0,2,1,1,19.0,Yes,Riverside,Good,16.97,Yes,4856.0,1578411,INSP1031
1890,2705.0,4,1,1,34.0,Yes,Suburb,Excellent,24.69,No,2051.0,2093933,INSP1047
1891,4227.0,2,4,2,46.0,Yes,Hillview,Excellent,28.83,No,5892.0,2346191,INSP1251
1892,,5,1,1,1.0,No,Riverside,Poor,23.99,Yes,,1653971,INSP1198
1893,,3,2,3,29.0,Yes,Hillview,Poor,18.51,Yes,1261.0,2175403,INSP1088
1894,2820.0,1,2,3,33.0,No,Suburb,Fair,15.31,Yes,4819.0,1168819,INSP1108
1895,2452.0,1,1,2,21.0,Yes,Suburb,Excellent,2.16,No,1779.0,1518090,INSP1290
1896,1414.0,4,2,2,2.0,Yes,Downtown,Fair,29.55,Yes,4775.0,2396330,INSP1107
1897,1772.0,2,1,1,5.0,No,Riverside,Good,12.12,Yes,5227.0,1469850,INSP1039
1898,679.0,4,1,1,14.0,Yes,Downtown,Fair,5.41,No,4194.0,2092926,INSP1051
1899,3533.0,3,1,1,26.0,,Suburb,Good,20.33,Yes,3781.0,1620978,INSP1111
1900,3884.0,4,4,1,9.0,Yes,Suburb,Good,9.24,No,2036.0,2886707,INSP1294
1901,802.0,1,1,3,8.0,Yes,Suburb,Good,17.99,Yes,3664.0,1471347,INSP1067
1902,3411.0,1,4,3,32.0,No,Riverside,Fair,18.02,Yes,3270.0,1801120,INSP1188
1903,1852.0,5,1,2,31.0,Yes,Downtown,Good,13.93,No,,2403649,INSP1208
1904,2299.0,5,1,1,47.0,No,Suburb,Fair,25.25,Yes,4345.0,1502358,INSP1064
1905,1850.0,3,1,1,5.0,No,Riverside,Good,8.68,Yes,3935.0,2048399,INSP1061
1906,2282.0,2,2,2,40.0,No,Hillview,Excellent,14.01,No,5210.0,1032326,INSP1257
1907,2155.0,4,4,1,35.0,Yes,Riverside,Fair,16.59,Yes,1061.0,2426728,INSP1133
1908,4112.0,3,4,1,1.0,Yes,Hillview,Excellent,20.25,No,2921.0,2674189,INSP1121
1909,4073.0,5,1,1,28.0,No,Riverside,Good,23.74,No,5217.0,2176035,INSP1170
1910,2694.0,4,1,1,3.0,Yes,Suburb,Fair,12.45,Yes,2635.0,2351162,INSP1209
1911,1856.0,5,2,1,0.0,Yes,Downtown,Good,19.74,Yes,5609.0,2688852,INSP1295
1912,3976.0,4,2,2,18.0,Yes,Riverside,Fair,5.37,No,2561.0,2507233,INSP1088
1913,2149.0,2,2,1,25.0,Yes,Riverside,Good,28.05,Yes,2680.0,1255755,INSP1166
1914,1766.0,3,4,2,24.0,Yes,Riverside,Good,12.11,Yes,2460.0,2355856,INSP1027
1915,4086.0,4,4,1,9.0,Yes,Suburb,Fair,22.16,No,4379.0,2844644,INSP1237
1916,4184.0,1,4,3,14.0,Yes,Suburb,Good,1.59,Yes,5653.0,2583181,INSP1062
1917,1996.0,1,1,3,21.0,No,Suburb,Excellent,6.95,No,,1132011,INSP1254
1918,4237.0,4,4,3,47.0,Yes,Suburb,Excellent,15.13,Yes,4384.0,2858858,INSP1040
1919,3930.0,4,3,3,20.0,No,Downtown,Good,26.47,Yes,3770.0,2587170,INSP1028
1920,3303.0,4,3,2,21.0,Yes,Hillview,Excellent,16.29,Yes,,2509412,INSP1278
1921,1070.0,1,2,2,35.0,No,Downtown,Good,27.97,No,1082.0,1001372,INSP1079
1922,3618.0,1,4,1,33.0,Yes,Downtown,Good,15.03,No,2113.0,1923709,INSP1050
1923,1635.0,4,3,3,,No,Suburb,Excellent,15.22,No,1601.0,2324895,INSP1111
1924,1953.0,5,2,2,24.0,Yes,Riverside,Good,4.47,Yes,788.0,2715821,INSP1089
1925,3383.0,5,4,1,44.0,No,Suburb,Good,24.28,Yes,4359.0,2349579,INSP1228
1926,8577.5,2,1,1,27.0,Yes,Suburb,Good,8.16,Yes,3560.0,3358848,INSP1149
1927,,3,3,2,0.0,No,Suburb,Excellent,27.09,Yes,,2201637,INSP1242
1928,957.0,5,1,3,48.0,No,Suburb,Excellent,27.41,No,4602.0,1632583,INSP1137
1929,3619.0,1,4,1,44.0,,Hillview,Good,28.36,No,1683.0,1368278,INSP1134
1930,4079.0,5,3,3,3.0,Yes,Hillview,Fair,16.09,Yes,4835.0,3181588,INSP1088
1931,1267.0,2,4,3,6.0,No,Suburb,Good,20.64,No,1946.0,1764646,INSP1014
1932,972.0,2,1,3,48.0,Yes,Suburb,Good,23.58,Yes,2249.0,1076590,INSP1173
1933,1631.0,3,3,1,8.0,No,Riverside,Fair,4.8,No,2403.0,1924898,INSP1089
1934,1745.0,5,1,3,35.0,Yes,Downtown,Good,18.43,Yes,,2467984,INSP1212
1935,1971.0,1,4,1,18.0,Yes,Suburb,Good,1.99,Yes,1577.0,1907733,INSP1060
1936,3323.0,1,4,3,0.0,No,Suburb,Fair,15.43,Yes,2877.0,1998107,INSP1219
1937,689.0,4,1,1,9.0,Yes,Hillview,Fair,5.49,Yes,1347.0,1660303,INSP1060
1938,4319.0,1,3,3,,No,Downtown,Fair,6.3,No,5907.0,2083073,INSP1165
1939,3345.0,3,1,2,8.0,Yes,Suburb,Excellent,11.59,Yes,,2598840,INSP1011
1940,3987.0,3,4,3,44.0,Yes,Riverside,Fair,13.54,Yes,1739.0,2732225,INSP1215
1941,3849.0,1,1,3,45.0,Yes,Suburb,Fair,19.07,No,,938285,INSP1076
1942,1139.0,1,4,1,41.0,Yes,Downtown,Good,3.16,No,4006.0,1929000,INSP1231
1943,3379.0,4,1,1,31.0,Yes,Hillview,Fair,15.61,No,2879.0,1664346,INSP1111
1944,1468.0,1,3,3,31.0,Yes,Suburb,Poor,6.3,Yes,5291.0,1447849,INSP1065
1945,640.0,4,3,2,5.0,Yes,Riverside,Fair,17.65,No,4622.0,2074517,INSP1181
1946,1339.0,4,1,2,,Yes,Downtown,Good,19.48,No,3737.0,1786116,INSP1203
1947,4375.0,1,1,1,37.0,No,Suburb,Good,17.14,Yes,2865.0,1213458,INSP1205
1948,2546.0,2,3,2,16.0,,Suburb,Good,22.41,Yes,2912.0,1717439,INSP1285
1949,3149.0,2,4,3,9.0,Yes,Downtown,Good,10.73,Yes,3674.0,3029110,INSP1104
1950,3606.0,4,3,1,49.0,Yes,Downtown,Excellent,23.19,Yes,,2845120,INSP1241
1951,3816.0,1,4,3,26.0,Yes,Hillview,Good,13.55,Yes,872.0,2085432,INSP1234
1952,1824.0,2,1,1,49.0,No,Downtown,Fair,15.04,Yes,2449.0,1278745,INSP1175
1953,,1,1,1,34.0,Yes,Downtown,Fair,19.79,No,744.0,951735,INSP1210
1954,2636.0,1,4,1,20.0,Yes,Suburb,Good,1.53,No,2340.0,2058967,INSP1030
1955,4395.0,1,1,1,24.0,Yes,Riverside,Good,19.97,No,3927.0,1200764,INSP1234
1956,3108.0,5,4,2,27.0,Yes,Downtown,Fair,18.94,No,624.0,3364156,INSP1241
1957,3379.0,1,2,3,46.0,No,Suburb,Good,9.99,Yes,5132.0,1590688,INSP1152
1958,3399.0,5,3,3,14.0,Yes,Downtown,Poor,3.49,No,3253.0,3138776,INSP1195
1959,1524.0,4,2,3,3.0,No,Downtown,Good,3.64,No,2419.0,2327906,INSP1268
1960,3556.0,2,4,1,28.0,Yes,Downtown,Good,27.77,Yes,2135.0,2370734,INSP1169
1961,2181.0,2,3,2,,Yes,Hillview,Fair,20.99,No,1925.0,1435141,INSP1231
1962,4218.0,2,4,3,26.0,No,Downtown,Good,4.69,No,2040.0,2743618,INSP1183
1963,3924.0,2,3,2,25.0,Yes,Downtown,Fair,11.34,Yes,1030.0,2537954,INSP1274
1964,989.0,2,3,1,18.0,Yes,Suburb,Good,18.18,No,4849.0,1338109,INSP1031
1965,2217.0,2,3,3,27.0,Yes,Hillview,Poor,25.23,Yes,3603.0,1574755,INSP1176
1966,3530.0,2,3,2,16.0,,Suburb,Excellent,2.27,Yes,5256.0,2710186,INSP1064
1967,855.0,4,4,1,42.0,Yes,Suburb,Fair,7.86,Yes,2301.0,2148373,INSP1197
1968,1308.0,1,3,2,40.0,Yes,Downtown,Excellent,26.8,No,5656.0,1514768,INSP1026
1969,2438.0,3,3,3,41.0,Yes,Suburb,Good,1.27,No,5961.0,1955461,INSP1150
1970,,5,2,3,49.0,Yes,Suburb,Good,6.84,No,1536.0,2474000,INSP1267
1971,3097.0,3,1,1,19.0,Yes,Suburb,Fair,28.81,Yes,5802.0,1536754,INSP1084
1972,1522.5,3,1,1,44.0,Yes,Suburb,Excellent,18.79,Yes,4228.0,2122604,INSP1065
1973,3471.0,1,2,1,39.0,Yes,Suburb,Fair,8.59,No,,1470735,INSP1132
1974,1397.0,1,2,2,38.0,Yes,Downtown,Fair,2.94,No,3963.0,1756271,INSP1081
1975,3913.0,1,4,2,48.0,No,Suburb,Good,1.82,Yes,1642.0,1814852,INSP1097
1976,3922.0,2,4,2,22.0,Yes,Downtown,Poor,8.1,Yes,2255.0,2884328,INSP1072
1977,1476.0,4,4,1,46.0,,Riverside,Fair,26.56,No,5340.0,1608977,INSP1029
1978,1628.0,2,2,3,31.0,Yes,Hillview,Excellent,13.06,No,2129.0,1548071,INSP1124
1979,3790.0,4,2,3,46.0,Yes,Hillview,Excellent,21.89,Yes,5562.0,2207281,INSP1209
1980,1615.0,4,3,2,32.0,Yes,Hillview,Good,27.63,Yes,1262.0,2147812,INSP1271
1981,2424.0,3,4,2,45.0,Yes,Riverside,Excellent,12.83,No,5389.0,2226848,INSP1212
1982,973.0,3,4,3,4.0,Yes,Riverside,Good,6.55,No,5339.0,2709180,INSP1132
1983,3736.0,4,4,3,42.0,Yes,Suburb,Fair,16.0,Yes,5665.0,2514605,INSP1156
1984,2793.0,4,1,2,47.0,Yes,Riverside,Good,27.33,Yes,4457.0,1759743,INSP1046
1985,823.0,2,3,2,33.0,No,Suburb,Good,24.33,No,1057.0,1211727,INSP1021
1986,1862.0,2,4,3,39.0,Yes,Suburb,Excellent,2.91,Yes,5121.0,2226504,INSP1082
1987,2824.0,3,4,1,10.0,Yes,Riverside,Fair,21.08,Yes,1339.0,2381400,INSP1233
1988,2402.0,1,4,2,49.0,No,Suburb,Good,17.59,Yes,502.0,1470430,INSP1059
1989,1452.0,4,1,3,2.0,Yes,Suburb,Poor,27.32,Yes,1551.0,2017169,INSP1187
1990,3953.0,2,1,3,32.0,Yes,Hillview,Fair,4.55,No,1904.0,1765993,INSP1057
1991,662.0,3,2,3,10.0,Yes,Downtown,Poor,16.49,Yes,656.0,1883594,INSP1258
1992,4600.0,2,3,3,15.0,No,Suburb,Excellent,26.5,No,2437.0,3234216,INSP1161
1993,3474.0,4,2,1,17.0,No,Hillview,Excellent,12.89,Yes,1010.0,2319957,INSP1001
1994,3442.0,4,3,3,29.0,Yes,Riverside,Good,14.98,Yes,,2854999,INSP1270
1995,1288.0,5,1,2,47.0,Yes,Suburb,Good,3.04,Yes,5282.0,1874060,INSP1142
1996,2084.0,1,4,1,9.0,No,Downtown,Fair,9.07,No,1637.0,1969525,INSP1187
1997,2233.0,5,2,3,17.0,Yes,Suburb,Fair,10.41,No,4414.0,2494616,INSP1223
1998,2752.0,3,4,1,37.0,Yes,Hillview,Fair,28.41,Yes,3821.0,1487853,INSP1179
1999,3770.0,2,2,2,18.0,Yes,Suburb,Good,9.2,No,5166.0,1895261,INSP1022
2000,1110.0,3,1,3,35.0,Yes,Suburb,Good,14.37,No,1214.0,1368630,INSP1036
1522,635.0,5,4,1,41.0,Yes,Hillview,Good,6.17,No,1343.0,2164723,INSP1106
1738,2171.0,3,2,2,11.0,Yes,Hillview,Good,28.78,Yes,1410.0,1621724,INSP1296
1741,2743.0,3,1,1,44.0,Yes,Downtown,Good,18.98,No,5925.0,1735826,INSP1228
1661,3894.0,5,1,2,46.0,Yes,Downtown,Excellent,12.56,Yes,2778.0,2814131,INSP1096
1412,1415.0,2,4,3,48.0,Yes,Suburb,Excellent,8.79,No,4295.0,1835084,INSP1280
1679,1451.0,1,3,2,47.0,Yes,Downtown,Fair,23.45,Yes,,1541270,INSP1109
1627,2279.0,3,4,1,36.0,Yes,Suburb,Good,29.98,No,4982.0,1692208,INSP1036
1514,2441.0,5,1,1,43.0,Yes,Riverside,Fair,12.91,No,568.0,1864690,INSP1039
1860,3797.0,5,1,1,48.0,Yes,Suburb,Good,7.98,Yes,5184.0,2220578,INSP1084
1137,6567.5,3,2,3,7.0,Yes,Hillview,Excellent,9.79,Yes,889.0,4731872,INSP1187
1812,3680.0,3,4,3,32.0,Yes,Suburb,Excellent,2.36,Yes,2311.0,2885469,INSP1239
1077,1963.0,3,1,1,33.0,Yes,Downtown,Excellent,12.67,Yes,4154.0,2380256,INSP1018
1637,2741.0,1,1,1,23.0,Yes,Riverside,Fair,26.56,Yes,1159.0,952034,INSP1260
1974,1397.0,1,2,2,38.0,Yes,Downtown,Fair,2.94,No,3963.0,1756271,INSP1157
1939,3345.0,3,1,2,8.0,Yes,Suburb,Excellent,11.59,Yes,,2598840,INSP1111
1900,3884.0,4,4,1,9.0,Yes,Suburb,Good,9.24,No,2036.0,2886707,INSP1143
1281,1298.0,3,2,3,43.0,Yes,Riverside,Good,25.84,Yes,3166.0,1718027,INSP1255
1884,4080.0,1,4,1,26.0,Yes,Downtown,Good,26.1,No,4562.0,1948262,INSP1017
1762,996.0,4,1,3,23.0,Yes,Downtown,Fair,12.12,Yes,5334.0,2291397,INSP1183
1320,1747.0,2,1,3,,Yes,Suburb,Fair,29.91,Yes,4993.0,974569,INSP1286
