,transform_num__Area,transform_num__Age,transform__Garage_Yes,transform_cat__Neighborhood_Hillview,transform_cat__Neighborhood_Riverside,transform_cat__Neighborhood_Suburb,transform_cat__Condition_Fair,transform_cat__Condition_Good,transform_cat__Condition_Poor,transform_cat__HasGarden_Yes,remainder__DistanceToCity,remainder__Rooms,SalePrice
0,3774.0,17.0,0.0,0.0,1.0,0.0,0.0,0.0,1.0,0.0,16.65,4.0,1354036
1,4107.0,27.0,1.0,0.0,1.0,0.0,0.0,0.0,1.0,1.0,3.25,7.0,2595751
2,1460.0,46.0,1.0,0.0,0.0,1.0,0.0,0.0,0.0,1.0,1.52,8.0,2359875
3,1894.0,46.0,1.0,0.0,0.0,0.0,0.0,1.0,0.0,0.0,3.97,2.0,1376117
4,4325.0,3.0,0.0,0.0,1.0,0.0,0.0,1.0,0.0,0.0,12.9,9.0,5243088
5,1695.0,6.0,0.0,0.0,0.0,1.0,0.0,0.0,1.0,0.0,28.06,6.0,1985864
6,4372.0,44.0,1.0,0.0,1.0,0.0,0.0,1.0,0.0,0.0,19.48,6.0,2253394
7,3692.0,34.0,1.0,0.0,0.0,1.0,0.0,0.0,0.0,1.0,24.25,6.0,2454117
8,2238.0,47.0,1.0,0.0,0.0,1.0,0.0,1.0,0.0,0.0,14.52,8.0,2249251
9,2769.0,8.0,0.0,0.0,0.0,0.0,1.0,0.0,0.0,1.0,11.49,9.0,3424421
10,1066.0,7.0,1.0,0.0,0.0,0.0,0.0,1.0,0.0,0.0,4.14,8.0,3177663
11,1838.0,44.0,1.0,1.0,0.0,0.0,0.0,1.0,0.0,1.0,26.4,6.0,1657883
12,930.0,16.0,1.0,1.0,0.0,0.0,0.0,1.0,0.0,0.0,23.71,4.0,1035123
13,2082.0,16.0,1.0,0.0,1.0,0.0,0.0,0.0,0.0,0.0,5.88,5.0,2229879
14,2735.0,25.0,0.0,0.0,0.0,0.0,0.0,1.0,0.0,0.0,15.86,3.0,1483754
15,4044.0,32.0,1.0,0.0,0.0,1.0,0.0,0.0,0.0,1.0,15.13,8.0,2967861
16,3771.0,31.0,0.0,0.0,1.0,0.0,0.0,1.0,0.0,1.0,19.13,3.0,1629064
17,3519.0,7.0,1.0,0.0,1.0,0.0,1.0,0.0,0.0,0.0,28.44,2.0,1492634
18,4335.0,25.0,1.0,0.0,0.0,0.0,1.0,0.0,0.0,0.0,17.81,7.0,3064927
19,730.0,37.0,1.0,0.0,0.0,0.0,1.0,0.0,0.0,1.0,16.67,9.0,2240697
20,2285.0,2.0,0.0,0.0,1.0,0.0,0.0,0.0,0.0,0.0,2.46,6.0,2837611
21,3980.0,4.0,1.0,0.0,0.0,1.0,0.0,1.0,0.0,0.0,2.82,7.0,3081041
22,1369.0,12.0,1.0,0.0,0.0,1.0,0.0,1.0,0.0,1.0,6.43,4.0,1772088
23,2991.0,46.0,1.0,0.0,0.0,0.0,1.0,0.0,0.0,0.0,1.94,5.0,2023819
24,2115.0,45.0,0.0,0.0,0.0,1.0,1.0,0.0,0.0,1.0,22.56,4.0,1333487
25,4085.0,30.0,1.0,1.0,0.0,0.0,0.0,1.0,0.0,1.0,21.98,7.0,2658618
26,3453.0,15.0,0.0,1.0,0.0,0.0,0.0,1.0,0.0,1.0,4.95,5.0,2259275
27,3033.0,49.0,1.0,0.0,0.0,1.0,1.0,0.0,0.0,0.0,25.25,3.0,1105740
28,1815.0,31.0,1.0,0.0,0.0,1.0,0.0,1.0,0.0,0.0,5.49,3.0,1446056
29,1555.0,21.0,1.0,0.0,0.0,0.0,0.0,0.0,1.0,1.0,9.73,5.0,2016777
30,2924.0,28.0,1.0,0.0,0.0,1.0,1.0,0.0,0.0,0.0,8.22,6.0,2217942
31,1784.0,21.0,1.0,0.0,0.0,1.0,0.0,1.0,0.0,0.0,11.8,5.0,1791932
32,1059.0,42.0,1.0,0.0,1.0,0.0,1.0,0.0,0.0,0.0,8.39,5.0,1674410
33,3985.0,2.0,1.0,0.0,0.0,1.0,0.0,0.0,0.0,1.0,15.18,4.0,2456323
34,2506.75,9.0,0.0,0.0,0.0,0.0,1.0,0.0,0.0,0.0,12.81,8.0,2286365
35,2900.0,41.0,1.0,0.0,0.0,0.0,1.0,0.0,0.0,1.0,29.61,6.0,1987760
36,3367.5,20.0,0.0,0.0,0.0,1.0,1.0,0.0,0.0,1.0,2.62,5.0,3993458
37,3504.0,15.0,1.0,0.0,0.0,0.0,0.0,1.0,0.0,1.0,5.12,2.0,2132199
38,4232.0,11.0,1.0,0.0,0.0,0.0,0.0,1.0,0.0,1.0,2.53,4.0,3009116
39,1074.0,1.0,1.0,1.0,0.0,0.0,0.0,1.0,0.0,0.0,19.15,7.0,2110246
40,1682.0,40.0,1.0,0.0,0.0,1.0,0.0,0.0,1.0,1.0,2.58,6.0,1900543
41,3158.0,23.0,1.0,0.0,0.0,1.0,0.0,0.0,1.0,0.0,25.26,6.0,1588435
42,10882.5,34.0,1.0,1.0,0.0,0.0,0.0,1.0,0.0,1.0,15.85,7.0,5096794
43,2647.0,29.0,1.0,1.0,0.0,0.0,0.0,0.0,0.0,1.0,16.28,4.0,2014180
44,4147.0,29.0,1.0,0.0,0.0,1.0,0.0,0.0,0.0,0.0,17.29,8.0,2925680
45,3347.0,46.0,0.0,1.0,0.0,0.0,0.0,0.0,1.0,0.0,5.95,6.0,1142120
46,1575.0,34.0,0.0,0.0,0.0,1.0,0.0,1.0,0.0,1.0,6.73,6.0,1471008
47,2406.0,18.0,1.0,0.0,0.0,1.0,0.0,0.0,0.0,1.0,10.25,4.0,2111705
48,789.0,49.0,1.0,0.0,0.0,1.0,0.0,1.0,0.0,1.0,18.21,6.0,1166254
49,3605.0,7.0,1.0,0.0,1.0,0.0,0.0,0.0,0.0,1.0,7.09,7.0,3138768
50,3334.0,25.0,1.0,0.0,1.0,0.0,1.0,0.0,0.0,0.0,4.37,7.0,2659707
51,3605.0,48.0,1.0,0.0,0.0,1.0,0.0,0.0,0.0,0.0,29.13,4.0,1368601
52,1162.0,39.0,1.0,0.0,0.0,0.0,0.0,1.0,0.0,1.0,1.64,5.0,2557363
53,2499.0,6.0,1.0,0.0,1.0,0.0,0.0,0.0,0.0,0.0,24.28,4.0,2257210
54,4238.0,29.0,1.0,0.0,0.0,0.0,0.0,1.0,0.0,0.0,23.85,5.0,2091377
55,1867.0,6.0,1.0,0.0,0.0,1.0,0.0,1.0,0.0,1.0,9.62,5.0,2129904
56,3479.0,2.0,0.0,0.0,1.0,0.0,0.0,0.0,0.0,1.0,4.93,6.0,2475403
57,2128.0,0.0,0.0,0.0,1.0,0.0,1.0,0.0,0.0,0.0,5.22,5.0,2057351
58,3802.0,35.0,1.0,0.0,1.0,0.0,1.0,0.0,0.0,0.0,21.23,2.0,1270868
59,4156.0,24.0,1.0,1.0,0.0,0.0,0.0,1.0,0.0,1.0,19.64,7.0,2363395
60,4490.0,36.0,0.0,0.0,0.0,1.0,0.0,1.0,0.0,1.0,23.7,9.0,2709819
61,1246.0,0.0,1.0,0.0,1.0,0.0,0.0,0.0,0.0,1.0,28.19,8.0,2483079
62,2668.0,14.0,1.0,0.0,1.0,0.0,1.0,0.0,0.0,0.0,21.07,4.0,1855886
63,3488.0,36.0,1.0,0.0,0.0,0.0,0.0,1.0,0.0,1.0,5.52,4.0,2139773
64,2814.0,12.0,0.0,0.0,0.0,0.0,0.0,1.0,0.0,1.0,8.06,4.0,2103445
65,1897.0,39.0,0.0,0.0,0.0,1.0,0.0,0.0,1.0,0.0,25.42,5.0,678228
66,2506.75,7.0,1.0,0.0,0.0,1.0,0.0,1.0,0.0,0.0,7.07,6.0,2475517
67,1200.0,4.0,1.0,0.0,1.0,0.0,1.0,0.0,0.0,0.0,3.1,7.0,2468537
68,2963.0,8.0,1.0,1.0,0.0,0.0,1.0,0.0,0.0,1.0,21.4,7.0,2621509
69,2661.0,0.0,1.0,0.0,0.0,0.0,0.0,0.0,0.0,1.0,12.67,5.0,2978778
70,841.0,35.0,1.0,0.0,0.0,0.0,0.0,1.0,0.0,1.0,27.68,8.0,2683687
71,2641.0,34.0,0.0,1.0,0.0,0.0,0.0,1.0,0.0,1.0,19.86,4.0,1428178
72,3424.0,1.0,1.0,0.0,0.0,0.0,0.0,0.0,0.0,0.0,3.62,7.0,3651468
73,4017.0,25.0,0.0,0.0,0.0,1.0,0.0,1.0,0.0,1.0,28.49,4.0,1148808
74,2506.75,22.0,0.0,0.0,0.0,1.0,0.0,0.0,0.0,1.0,8.5,7.0,2536104
75,3545.0,8.0,0.0,0.0,0.0,1.0,0.0,1.0,0.0,1.0,10.78,6.0,2516292
76,1963.0,33.0,1.0,0.0,0.0,0.0,0.0,0.0,0.0,1.0,12.67,4.0,2380256
77,2739.0,45.0,1.0,0.0,0.0,0.0,1.0,0.0,0.0,0.0,2.49,3.0,1608713
78,1990.0,13.0,1.0,0.0,0.0,0.0,0.0,0.0,0.0,1.0,15.4,7.0,3061609
79,3603.0,3.0,1.0,0.0,0.0,1.0,1.0,0.0,0.0,1.0,4.58,5.0,2763470
80,2078.0,29.0,1.0,0.0,0.0,1.0,1.0,0.0,0.0,1.0,12.63,7.0,2219894
81,4099.0,30.0,1.0,0.0,0.0,0.0,0.0,1.0,0.0,1.0,11.17,2.0,1977838
82,3156.0,37.0,1.0,0.0,1.0,0.0,0.0,1.0,0.0,1.0,23.41,6.0,2318363
83,1375.0,10.0,1.0,1.0,0.0,0.0,0.0,1.0,0.0,0.0,24.29,5.0,1582276
84,634.0,34.0,1.0,0.0,0.0,0.0,0.0,1.0,0.0,0.0,5.45,7.0,2136711
85,2853.0,7.0,1.0,0.0,0.0,1.0,0.0,1.0,0.0,0.0,11.63,9.0,3044224
86,3752.0,2.0,0.0,0.0,1.0,0.0,1.0,0.0,0.0,0.0,11.83,6.0,2694752
87,2555.0,25.0,0.0,0.0,0.0,1.0,0.0,0.0,1.0,0.0,5.39,7.0,1950938
88,2185.0,12.0,1.0,0.0,0.0,1.0,1.0,0.0,0.0,0.0,24.16,5.0,1737772
89,4059.0,44.0,1.0,0.0,1.0,0.0,0.0,1.0,0.0,1.0,21.51,5.0,1869450
90,3673.0,31.0,1.0,1.0,0.0,0.0,1.0,0.0,0.0,1.0,6.52,7.0,2305528
91,1621.0,33.0,1.0,1.0,0.0,0.0,0.0,1.0,0.0,1.0,11.63,7.0,2378321
92,4061.0,44.0,1.0,0.0,0.0,1.0,0.0,1.0,0.0,0.0,4.07,7.0,2711714
93,8032.5,25.0,0.0,0.0,1.0,0.0,0.0,0.0,1.0,0.0,19.22,4.0,3004434
94,1729.0,37.0,1.0,0.0,0.0,1.0,0.0,1.0,0.0,0.0,4.52,7.0,2209525
95,4443.0,15.0,1.0,0.0,1.0,0.0,0.0,0.0,0.0,1.0,29.59,3.0,2554866
96,4493.0,1.0,1.0,0.0,0.0,1.0,1.0,0.0,0.0,0.0,23.64,6.0,2585948
97,2100.0,39.0,1.0,0.0,0.0,0.0,0.0,1.0,0.0,1.0,12.32,7.0,2731728
98,1302.0,16.0,1.0,0.0,1.0,0.0,0.0,1.0,0.0,1.0,17.78,2.0,1377098
99,3049.0,33.0,1.0,0.0,0.0,1.0,0.0,1.0,0.0,1.0,27.43,6.0,2327890
100,3377.0,41.0,1.0,0.0,0.0,1.0,0.0,1.0,0.0,1.0,17.07,3.0,1422903
101,2179.0,15.0,1.0,1.0,0.0,0.0,0.0,1.0,0.0,1.0,6.06,6.0,2153536
102,761.0,37.0,1.0,0.0,0.0,0.0,0.0,1.0,0.0,1.0,11.98,6.0,2006935
103,801.0,1.0,1.0,0.0,0.0,1.0,0.0,0.0,1.0,1.0,25.45,3.0,684742
104,2581.0,1.0,1.0,0.0,0.0,0.0,0.0,1.0,0.0,0.0,19.68,4.0,2168091
105,1595.0,25.0,0.0,0.0,1.0,0.0,0.0,1.0,0.0,0.0,19.87,4.0,1146130
106,2917.0,12.0,1.0,0.0,1.0,0.0,0.0,0.0,1.0,0.0,26.14,9.0,2766918
107,1415.0,46.0,1.0,0.0,0.0,1.0,0.0,1.0,0.0,1.0,26.93,6.0,1788543
108,3942.0,30.0,1.0,0.0,1.0,0.0,0.0,0.0,0.0,0.0,27.67,2.0,1462978
109,1055.0,33.0,1.0,0.0,0.0,1.0,0.0,1.0,0.0,0.0,3.75,6.0,1959217
110,4133.0,38.0,1.0,0.0,1.0,0.0,0.0,1.0,0.0,1.0,16.78,3.0,1447164
111,4398.0,2.0,1.0,0.0,0.0,1.0,0.0,0.0,0.0,1.0,22.47,4.0,2439279
112,1875.0,7.0,0.0,0.0,0.0,1.0,0.0,1.0,0.0,1.0,22.95,5.0,1870520
113,1616.0,22.0,1.0,1.0,0.0,0.0,0.0,1.0,0.0,1.0,18.59,6.0,1790625
114,4373.0,13.0,1.0,0.0,0.0,1.0,0.0,1.0,0.0,0.0,5.84,4.0,2590159
115,2943.0,26.0,1.0,0.0,0.0,0.0,0.0,0.0,0.0,0.0,24.13,3.0,1896228
116,2506.75,28.0,0.0,0.0,0.0,1.0,0.0,1.0,0.0,1.0,21.88,5.0,1925457
117,3367.0,38.0,1.0,1.0,0.0,0.0,0.0,1.0,0.0,0.0,3.5,5.0,1506496
118,4420.0,38.0,1.0,0.0,0.0,1.0,0.0,1.0,0.0,0.0,14.45,3.0,1549847
119,937.0,0.0,1.0,0.0,0.0,0.0,0.0,0.0,0.0,0.0,6.05,6.0,2718798
120,2506.75,16.0,1.0,0.0,0.0,1.0,0.0,1.0,0.0,1.0,10.79,6.0,2227586
121,1676.0,40.0,1.0,0.0,0.0,1.0,0.0,0.0,1.0,0.0,1.52,5.0,1484210
122,1391.0,29.0,1.0,0.0,0.0,0.0,0.0,0.0,0.0,1.0,12.61,5.0,2238213
123,2864.0,25.0,1.0,0.0,1.0,0.0,0.0,1.0,0.0,0.0,16.95,5.0,2139125
124,1363.0,20.0,1.0,1.0,0.0,0.0,0.0,0.0,1.0,1.0,18.97,6.0,1320545
125,2506.75,18.0,1.0,0.0,0.0,1.0,0.0,1.0,0.0,1.0,20.24,9.0,3008295
126,979.0,18.0,1.0,0.0,0.0,1.0,0.0,1.0,0.0,0.0,25.25,6.0,1396348
127,2506.75,24.0,0.0,0.0,0.0,1.0,0.0,0.0,0.0,1.0,7.25,7.0,2342875
128,2506.75,21.0,1.0,0.0,0.0,0.0,1.0,0.0,0.0,1.0,4.49,4.0,2331914
129,1780.0,30.0,1.0,1.0,0.0,0.0,0.0,0.0,0.0,1.0,25.69,6.0,2029554
130,2662.0,16.0,1.0,0.0,0.0,1.0,0.0,1.0,0.0,0.0,5.54,6.0,2441171
131,4484.0,22.0,1.0,0.0,0.0,1.0,0.0,0.0,1.0,1.0,29.27,7.0,2171757
132,2506.75,31.0,0.0,0.0,1.0,0.0,0.0,0.0,0.0,0.0,25.43,8.0,2365258
133,3168.0,9.0,1.0,0.0,0.0,1.0,0.0,1.0,0.0,1.0,15.53,4.0,1894281
134,1967.0,9.0,1.0,0.0,1.0,0.0,1.0,0.0,0.0,1.0,29.46,5.0,2107139
135,1752.0,35.0,1.0,0.0,0.0,0.0,0.0,1.0,0.0,1.0,3.82,5.0,2213287
136,2627.0,7.0,1.0,1.0,0.0,0.0,0.0,0.0,0.0,1.0,9.79,5.0,2365936
137,2506.75,19.0,1.0,1.0,0.0,0.0,1.0,0.0,0.0,1.0,19.51,5.0,1895535
138,2095.0,25.0,1.0,0.0,1.0,0.0,1.0,0.0,0.0,1.0,11.15,7.0,2282481
139,3734.0,49.0,1.0,1.0,0.0,0.0,1.0,0.0,0.0,0.0,27.92,5.0,1349102
140,1762.0,13.0,0.0,0.0,0.0,0.0,1.0,0.0,0.0,0.0,2.9,4.0,1665984
141,2122.0,49.0,1.0,0.0,0.0,1.0,0.0,1.0,0.0,1.0,16.93,5.0,1473319
142,3240.0,27.0,0.0,0.0,1.0,0.0,0.0,1.0,0.0,1.0,18.14,3.0,1798427
143,991.0,45.0,0.0,0.0,0.0,1.0,1.0,0.0,0.0,0.0,19.93,3.0,139316
144,2298.0,23.0,0.0,0.0,0.0,1.0,1.0,0.0,0.0,1.0,8.41,5.0,1824952
145,1018.0,14.0,1.0,0.0,0.0,1.0,1.0,0.0,0.0,1.0,11.57,2.0,1215425
146,2936.0,21.0,1.0,0.0,0.0,0.0,0.0,0.0,0.0,0.0,25.47,5.0,2263447
147,978.0,29.0,0.0,0.0,0.0,1.0,1.0,0.0,0.0,0.0,6.65,9.0,2304769
148,2396.0,3.0,1.0,0.0,0.0,0.0,0.0,0.0,0.0,0.0,24.98,7.0,2819428
149,4161.0,12.0,1.0,0.0,1.0,0.0,0.0,1.0,0.0,1.0,17.32,5.0,2307497
150,2878.0,22.0,0.0,0.0,0.0,0.0,1.0,0.0,0.0,1.0,23.1,5.0,2256389
151,3665.0,7.0,0.0,0.0,0.0,0.0,0.0,0.0,0.0,0.0,21.69,3.0,2195247
152,2688.0,17.0,1.0,0.0,0.0,1.0,0.0,1.0,0.0,1.0,7.02,7.0,2455978
153,3699.0,11.0,1.0,0.0,0.0,1.0,0.0,1.0,0.0,1.0,17.5,3.0,1928741
154,2782.0,30.0,1.0,1.0,0.0,0.0,0.0,0.0,0.0,1.0,26.16,9.0,2760480
155,800.0,13.0,0.0,0.0,0.0,1.0,0.0,0.0,1.0,1.0,13.53,6.0,1263373
156,2463.0,33.0,0.0,0.0,0.0,1.0,0.0,0.0,1.0,0.0,29.03,5.0,1042690
157,2506.75,17.0,1.0,1.0,0.0,0.0,0.0,1.0,0.0,0.0,14.11,5.0,1925530
158,3577.0,33.0,1.0,0.0,0.0,1.0,1.0,0.0,0.0,0.0,5.14,2.0,847607
159,2506.75,10.0,0.0,0.0,0.0,0.0,1.0,0.0,0.0,1.0,12.29,7.0,2941709
160,3719.0,40.0,1.0,0.0,0.0,1.0,0.0,0.0,1.0,1.0,28.6,4.0,1365560
161,1102.0,11.0,1.0,1.0,0.0,0.0,0.0,0.0,1.0,1.0,10.27,6.0,1450179
162,2506.75,48.0,0.0,0.0,0.0,1.0,0.0,1.0,0.0,1.0,26.17,2.0,907629
163,4245.0,14.0,1.0,0.0,0.0,1.0,1.0,0.0,0.0,0.0,26.56,6.0,2529062
164,2351.0,30.0,1.0,0.0,0.0,0.0,0.0,1.0,0.0,1.0,11.16,5.0,2584225
165,1404.0,48.0,1.0,0.0,0.0,0.0,0.0,1.0,0.0,1.0,3.41,6.0,1667795
166,2746.0,28.0,1.0,0.0,0.0,1.0,0.0,1.0,0.0,1.0,22.01,6.0,2323088
167,3331.0,25.0,0.0,0.0,0.0,1.0,0.0,0.0,1.0,0.0,10.03,7.0,1838469
168,2495.0,17.0,1.0,0.0,0.0,0.0,0.0,1.0,0.0,1.0,23.7,7.0,2882585
169,3373.0,31.0,0.0,1.0,0.0,0.0,0.0,0.0,1.0,1.0,13.84,8.0,2278701
170,2170.0,21.0,1.0,0.0,1.0,0.0,0.0,1.0,0.0,1.0,15.07,8.0,2591045
171,1560.0,37.0,1.0,0.0,0.0,1.0,0.0,0.0,0.0,0.0,23.56,3.0,1212468
172,4410.0,16.0,1.0,1.0,0.0,0.0,0.0,1.0,0.0,1.0,12.09,5.0,2202626
173,3260.0,25.0,1.0,0.0,0.0,0.0,0.0,1.0,0.0,0.0,13.85,8.0,2794343
174,2085.0,23.0,1.0,0.0,0.0,1.0,0.0,1.0,0.0,0.0,11.91,6.0,2275811
175,3290.0,49.0,1.0,0.0,1.0,0.0,0.0,1.0,0.0,1.0,11.65,8.0,2653193
176,4440.0,7.0,1.0,1.0,0.0,0.0,0.0,0.0,0.0,0.0,16.25,5.0,2473275
177,1628.0,40.0,1.0,0.0,1.0,0.0,0.0,0.0,0.0,1.0,24.46,3.0,1185680
178,3889.0,5.0,0.0,0.0,0.0,1.0,1.0,0.0,0.0,0.0,11.49,5.0,2128505
179,1102.0,4.0,1.0,1.0,0.0,0.0,0.0,1.0,0.0,1.0,16.2,4.0,1798769
180,3414.0,25.0,0.0,0.0,0.0,0.0,0.0,0.0,0.0,1.0,20.45,8.0,2833980
181,997.0,28.0,1.0,1.0,0.0,0.0,0.0,0.0,0.0,1.0,8.81,5.0,1830386
182,1470.0,27.0,1.0,1.0,0.0,0.0,0.0,1.0,0.0,1.0,9.05,6.0,1683492
183,3442.0,10.0,1.0,0.0,0.0,0.0,0.0,1.0,0.0,0.0,28.07,6.0,2621110
184,992.0,0.0,1.0,0.0,1.0,0.0,1.0,0.0,0.0,1.0,21.98,5.0,2413543
185,806.0,42.0,1.0,0.0,0.0,0.0,0.0,0.0,0.0,0.0,17.74,4.0,1557908
186,1638.0,18.0,0.0,0.0,0.0,1.0,1.0,0.0,0.0,1.0,19.78,7.0,2214923
187,2481.0,8.0,0.0,0.0,0.0,1.0,0.0,1.0,0.0,0.0,1.85,4.0,1848613
188,4225.0,26.0,1.0,0.0,0.0,1.0,1.0,0.0,0.0,1.0,18.92,5.0,2152151
189,3539.0,33.0,1.0,1.0,0.0,0.0,1.0,0.0,0.0,1.0,15.78,2.0,1247311
190,2084.0,43.0,0.0,0.0,1.0,0.0,0.0,1.0,0.0,1.0,16.83,3.0,1061407
191,4362.0,3.0,1.0,0.0,0.0,1.0,0.0,0.0,0.0,0.0,11.42,6.0,2978406
192,4246.0,35.0,0.0,1.0,0.0,0.0,0.0,0.0,1.0,1.0,3.36,3.0,1430071
193,1463.0,17.0,0.0,1.0,0.0,0.0,0.0,1.0,0.0,1.0,6.61,4.0,1494142
194,2506.75,14.0,0.0,0.0,0.0,0.0,0.0,0.0,1.0,1.0,28.57,6.0,2321711
195,3912.0,12.0,1.0,1.0,0.0,0.0,1.0,0.0,0.0,0.0,12.85,7.0,2392691
196,1163.0,18.0,1.0,0.0,0.0,0.0,0.0,1.0,0.0,1.0,14.53,7.0,2743195
197,1620.0,48.0,1.0,1.0,0.0,0.0,0.0,1.0,0.0,0.0,2.53,6.0,1639004
198,695.0,5.0,1.0,0.0,0.0,1.0,1.0,0.0,0.0,1.0,2.09,6.0,2390916
199,2523.0,47.0,0.0,0.0,0.0,0.0,1.0,0.0,0.0,0.0,21.8,7.0,1839296
200,2357.0,11.0,1.0,0.0,0.0,1.0,0.0,0.0,1.0,0.0,16.6,5.0,1982725
201,3132.0,36.0,1.0,0.0,1.0,0.0,1.0,0.0,0.0,1.0,15.75,3.0,1365859
202,4078.0,16.0,0.0,0.0,0.0,1.0,0.0,0.0,0.0,1.0,8.05,8.0,3167744
203,2878.0,22.0,0.0,0.0,0.0,0.0,0.0,0.0,0.0,1.0,22.6,4.0,2178068
204,3396.0,25.0,0.0,0.0,0.0,1.0,1.0,0.0,0.0,1.0,5.88,7.0,1983284
205,2278.0,28.0,0.0,1.0,0.0,0.0,0.0,1.0,0.0,1.0,6.51,3.0,1554634
206,3842.0,32.0,1.0,0.0,0.0,1.0,0.0,0.0,0.0,0.0,14.36,4.0,1829687
207,1140.0,26.0,1.0,0.0,0.0,0.0,0.0,0.0,1.0,1.0,9.3,6.0,1799944
208,1659.0,24.0,0.0,0.0,0.0,1.0,0.0,0.0,0.0,0.0,8.18,5.0,1721634
209,3172.0,9.0,1.0,0.0,0.0,0.0,0.0,0.0,0.0,1.0,19.71,5.0,2842326
210,1783.0,46.0,1.0,1.0,0.0,0.0,0.0,0.0,1.0,0.0,19.88,6.0,1338455
211,2322.0,22.0,1.0,1.0,0.0,0.0,1.0,0.0,0.0,1.0,24.91,6.0,2068988
212,3914.0,20.0,1.0,0.0,0.0,1.0,0.0,0.0,0.0,1.0,13.11,6.0,2709986
213,3757.0,20.0,0.0,0.0,0.0,1.0,0.0,1.0,0.0,1.0,3.12,5.0,2254141
214,2506.75,42.0,1.0,0.0,1.0,0.0,0.0,0.0,1.0,1.0,8.94,5.0,1624843
215,3225.0,12.0,1.0,0.0,0.0,1.0,1.0,0.0,0.0,1.0,29.42,5.0,1869546
216,3329.0,36.0,1.0,1.0,0.0,0.0,0.0,1.0,0.0,0.0,18.29,7.0,2519193
217,3204.0,32.0,1.0,0.0,1.0,0.0,0.0,1.0,0.0,0.0,21.58,5.0,1687140
218,2197.0,23.0,1.0,0.0,1.0,0.0,0.0,1.0,0.0,1.0,1.21,8.0,2862257
219,3660.0,43.0,1.0,0.0,0.0,1.0,0.0,0.0,0.0,1.0,16.03,4.0,1912103
220,3293.0,10.0,0.0,0.0,0.0,1.0,1.0,0.0,0.0,1.0,2.09,9.0,3063382
221,1395.0,16.0,1.0,1.0,0.0,0.0,0.0,1.0,0.0,1.0,17.51,5.0,1679871
222,1651.0,3.0,1.0,0.0,0.0,1.0,0.0,1.0,0.0,1.0,27.7,8.0,2174129
223,2243.0,46.0,1.0,0.0,1.0,0.0,0.0,1.0,0.0,0.0,29.08,3.0,1149063
224,4227.0,25.0,1.0,0.0,0.0,0.0,1.0,0.0,0.0,0.0,16.68,6.0,2674844
225,1963.0,29.0,1.0,0.0,1.0,0.0,0.0,0.0,0.0,0.0,14.29,5.0,2254429
226,4469.0,8.0,1.0,0.0,0.0,1.0,0.0,0.0,0.0,1.0,28.41,5.0,1981715
227,2581.0,20.0,1.0,0.0,0.0,0.0,0.0,1.0,0.0,0.0,20.53,3.0,1999834
228,1954.0,19.0,0.0,0.0,0.0,0.0,0.0,1.0,0.0,0.0,2.88,5.0,2525632
229,2263.0,18.0,1.0,0.0,1.0,0.0,1.0,0.0,0.0,1.0,14.51,7.0,2387025
230,2129.0,18.0,1.0,0.0,1.0,0.0,0.0,1.0,0.0,1.0,7.97,4.0,1864028
231,2638.0,11.0,1.0,0.0,0.0,1.0,0.0,1.0,0.0,0.0,14.62,9.0,2782493
232,4019.0,36.0,0.0,0.0,0.0,0.0,0.0,1.0,0.0,1.0,14.21,6.0,2440370
233,2096.0,41.0,1.0,0.0,1.0,0.0,0.0,0.0,0.0,1.0,17.88,5.0,2071648
234,3902.0,16.0,1.0,0.0,0.0,0.0,0.0,1.0,0.0,1.0,11.35,3.0,2151400
235,2837.0,36.0,1.0,0.0,0.0,1.0,0.0,1.0,0.0,0.0,5.76,8.0,2765539
236,3896.0,47.0,1.0,0.0,0.0,0.0,0.0,1.0,0.0,1.0,15.61,7.0,2525950
237,2008.0,38.0,1.0,0.0,0.0,0.0,1.0,0.0,0.0,0.0,25.08,2.0,678359
238,2000.0,27.0,1.0,0.0,0.0,0.0,0.0,1.0,0.0,0.0,20.26,6.0,2318106
239,1906.0,25.0,1.0,0.0,0.0,1.0,1.0,0.0,0.0,0.0,10.81,6.0,1449736
240,3280.0,34.0,1.0,0.0,0.0,0.0,0.0,1.0,0.0,1.0,28.13,4.0,1979830
241,2506.75,46.0,1.0,0.0,0.0,1.0,0.0,1.0,0.0,0.0,27.45,6.0,2333402
242,1572.0,47.0,0.0,0.0,0.0,1.0,0.0,1.0,0.0,1.0,7.07,3.0,1071103
243,2368.0,17.0,0.0,0.0,0.0,1.0,0.0,1.0,0.0,1.0,2.14,7.0,2312024
244,1882.0,13.0,0.0,0.0,0.0,1.0,0.0,1.0,0.0,1.0,22.5,7.0,2296650
245,4030.0,34.0,1.0,1.0,0.0,0.0,1.0,0.0,0.0,1.0,25.0,4.0,1514779
246,1309.0,43.0,1.0,0.0,0.0,0.0,0.0,0.0,0.0,0.0,29.07,4.0,1367667
247,2079.0,40.0,1.0,0.0,0.0,1.0,1.0,0.0,0.0,1.0,26.81,8.0,2231409
248,2034.0,6.0,1.0,0.0,0.0,0.0,1.0,0.0,0.0,1.0,18.42,6.0,2321953
249,1248.0,40.0,1.0,0.0,0.0,0.0,0.0,1.0,0.0,1.0,16.37,6.0,2362222
250,917.0,12.0,1.0,0.0,0.0,1.0,1.0,0.0,0.0,0.0,1.81,7.0,2370677
251,2506.75,17.0,1.0,0.0,0.0,1.0,0.0,0.0,1.0,0.0,8.15,7.0,2625409
252,3896.0,36.0,1.0,1.0,0.0,0.0,0.0,1.0,0.0,0.0,14.33,7.0,2420107
253,4490.0,12.0,0.0,0.0,0.0,1.0,0.0,1.0,0.0,1.0,19.23,5.0,2328707
254,1857.0,35.0,1.0,1.0,0.0,0.0,0.0,1.0,0.0,1.0,17.16,4.0,1318302
255,1283.0,30.0,1.0,0.0,0.0,0.0,0.0,0.0,0.0,0.0,22.54,4.0,1804472
256,1263.0,1.0,1.0,0.0,0.0,0.0,0.0,1.0,0.0,1.0,9.11,8.0,2978724
257,2598.0,15.0,1.0,0.0,0.0,0.0,0.0,0.0,0.0,1.0,17.38,4.0,2157400
258,4498.0,8.0,1.0,0.0,0.0,0.0,1.0,0.0,0.0,0.0,3.56,9.0,3813470
259,4045.0,8.0,0.0,0.0,0.0,1.0,0.0,1.0,0.0,1.0,13.0,3.0,1900558
260,2506.75,37.0,1.0,0.0,1.0,0.0,0.0,0.0,0.0,0.0,22.75,5.0,1888416
261,2231.0,10.0,1.0,0.0,0.0,0.0,0.0,1.0,0.0,1.0,21.11,5.0,2328452
262,2095.0,21.0,0.0,1.0,0.0,0.0,0.0,1.0,0.0,1.0,29.73,7.0,1903992
263,3904.0,32.0,0.0,1.0,0.0,0.0,0.0,1.0,0.0,1.0,9.06,6.0,2168464
264,4363.0,35.0,0.0,0.0,0.0,1.0,0.0,0.0,1.0,1.0,15.45,3.0,1175941
265,1736.0,44.0,0.0,0.0,0.0,0.0,0.0,1.0,0.0,0.0,10.56,5.0,1678334
266,2453.0,22.0,1.0,0.0,0.0,0.0,0.0,1.0,0.0,0.0,13.78,2.0,1313237
267,2120.0,44.0,1.0,0.0,0.0,0.0,0.0,0.0,0.0,1.0,25.85,2.0,1065181
268,3089.0,44.0,1.0,0.0,0.0,0.0,1.0,0.0,0.0,1.0,20.84,4.0,1655861
269,1163.0,25.0,1.0,0.0,0.0,1.0,0.0,0.0,0.0,0.0,26.59,5.0,1363935
270,1891.0,8.0,0.0,0.0,0.0,0.0,0.0,0.0,0.0,0.0,6.9,9.0,3319388
271,4181.0,23.0,1.0,0.0,0.0,1.0,1.0,0.0,0.0,1.0,26.33,5.0,2086651
272,4478.0,7.0,0.0,1.0,0.0,0.0,1.0,0.0,0.0,1.0,2.73,4.0,2348965
273,4057.0,6.0,0.0,0.0,1.0,0.0,0.0,0.0,0.0,1.0,26.77,7.0,3069675
274,4058.0,35.0,0.0,1.0,0.0,0.0,0.0,0.0,0.0,0.0,10.54,4.0,1769876
275,3784.0,17.0,0.0,0.0,0.0,0.0,0.0,1.0,0.0,0.0,10.12,3.0,2182652
276,2236.0,2.0,1.0,0.0,0.0,1.0,1.0,0.0,0.0,1.0,15.85,6.0,2163069
277,4296.0,27.0,1.0,0.0,0.0,1.0,0.0,1.0,0.0,0.0,28.28,7.0,2752935
278,3599.0,5.0,1.0,0.0,0.0,0.0,0.0,1.0,0.0,1.0,2.39,5.0,3139515
279,3752.0,43.0,1.0,0.0,0.0,0.0,1.0,0.0,0.0,1.0,11.21,6.0,2452992
280,1298.0,43.0,1.0,0.0,1.0,0.0,0.0,1.0,0.0,1.0,25.84,5.0,1718027
281,2760.0,20.0,1.0,0.0,1.0,0.0,0.0,0.0,1.0,0.0,12.49,8.0,2793344
282,601.0,27.0,0.0,0.0,0.0,1.0,0.0,0.0,1.0,1.0,6.78,7.0,1720409
283,1241.0,39.0,1.0,0.0,0.0,1.0,0.0,1.0,0.0,1.0,13.32,4.0,1317086
284,2867.0,0.0,1.0,0.0,0.0,1.0,0.0,1.0,0.0,1.0,12.18,2.0,1964458
285,2189.0,35.0,1.0,0.0,0.0,0.0,1.0,0.0,0.0,1.0,27.55,6.0,2202535
286,1454.0,20.0,1.0,0.0,0.0,1.0,0.0,1.0,0.0,1.0,23.1,6.0,2202669
287,2359.0,42.0,1.0,0.0,0.0,0.0,1.0,0.0,0.0,0.0,15.65,4.0,1670729
288,3896.0,34.0,0.0,0.0,0.0,0.0,1.0,0.0,0.0,1.0,29.66,5.0,1640729
289,3032.0,12.0,1.0,1.0,0.0,0.0,1.0,0.0,0.0,0.0,14.49,5.0,1929831
290,4074.0,48.0,0.0,0.0,0.0,1.0,0.0,0.0,0.0,1.0,2.69,3.0,1852714
291,2261.0,9.0,1.0,0.0,1.0,0.0,0.0,1.0,0.0,1.0,8.61,3.0,1935958
292,1753.0,43.0,0.0,0.0,0.0,1.0,0.0,1.0,0.0,1.0,13.65,6.0,1990254
293,1676.0,46.0,1.0,0.0,0.0,1.0,0.0,1.0,0.0,1.0,5.55,6.0,1720842
294,2307.0,9.0,1.0,0.0,0.0,0.0,0.0,0.0,0.0,1.0,28.48,3.0,1791854
295,3377.0,45.0,1.0,0.0,0.0,0.0,1.0,0.0,0.0,1.0,23.24,4.0,1699175
296,2295.0,12.0,0.0,0.0,0.0,0.0,0.0,1.0,0.0,0.0,8.78,9.0,2975011
297,2333.0,36.0,1.0,0.0,1.0,0.0,0.0,1.0,0.0,0.0,18.13,6.0,2191485
298,2039.0,37.0,1.0,0.0,1.0,0.0,0.0,1.0,0.0,1.0,21.92,6.0,1927975
299,2894.0,23.0,0.0,0.0,0.0,1.0,0.0,0.0,1.0,1.0,28.3,6.0,1935634
300,1435.0,1.0,0.0,0.0,0.0,1.0,0.0,1.0,0.0,1.0,26.57,7.0,2602787
301,4110.0,21.0,1.0,1.0,0.0,0.0,0.0,0.0,1.0,1.0,15.94,9.0,2782828
302,802.0,16.0,0.0,0.0,0.0,0.0,0.0,1.0,0.0,1.0,23.46,7.0,2397916
303,3855.0,35.0,1.0,0.0,0.0,1.0,0.0,1.0,0.0,0.0,17.3,7.0,2145925
304,722.0,13.0,1.0,0.0,0.0,1.0,1.0,0.0,0.0,1.0,17.03,6.0,2189793
305,2506.75,9.0,1.0,0.0,1.0,0.0,0.0,0.0,0.0,1.0,4.33,7.0,3164141
306,1366.0,34.0,0.0,1.0,0.0,0.0,0.0,0.0,1.0,1.0,4.66,4.0,1007495
307,893.0,24.0,0.0,0.0,0.0,0.0,0.0,0.0,0.0,1.0,16.36,4.0,1725005
308,2927.0,2.0,1.0,1.0,0.0,0.0,0.0,1.0,0.0,0.0,8.8,4.0,1507722
309,3531.0,46.0,1.0,1.0,0.0,0.0,1.0,0.0,0.0,1.0,1.61,6.0,1903170
310,4281.0,37.0,1.0,0.0,0.0,0.0,1.0,0.0,0.0,1.0,21.96,7.0,2543292
311,797.0,16.0,0.0,0.0,0.0,1.0,0.0,0.0,0.0,0.0,1.94,5.0,1655621
312,3629.0,11.0,0.0,0.0,0.0,1.0,0.0,0.0,1.0,1.0,18.26,5.0,1755656
313,2530.0,23.0,1.0,1.0,0.0,0.0,1.0,0.0,0.0,0.0,16.64,4.0,1326955
314,2506.75,28.0,0.0,0.0,0.0,0.0,1.0,0.0,0.0,0.0,29.1,7.0,4573136
315,3399.0,42.0,0.0,0.0,1.0,0.0,0.0,1.0,0.0,1.0,15.04,7.0,2233399
316,2791.0,24.0,1.0,0.0,0.0,1.0,0.0,1.0,0.0,0.0,2.84,6.0,2174453
317,1208.0,35.0,1.0,0.0,1.0,0.0,1.0,0.0,0.0,1.0,17.0,6.0,2100664
318,3872.0,25.0,1.0,0.0,0.0,1.0,1.0,0.0,0.0,1.0,25.39,3.0,1446956
319,1747.0,25.0,1.0,0.0,0.0,1.0,1.0,0.0,0.0,1.0,29.91,3.0,974569
320,786.0,0.0,1.0,1.0,0.0,0.0,1.0,0.0,0.0,1.0,13.48,6.0,1810775
321,3997.0,25.0,1.0,1.0,0.0,0.0,0.0,1.0,0.0,0.0,10.29,5.0,2217959
322,3111.0,27.0,0.0,1.0,0.0,0.0,0.0,1.0,0.0,0.0,27.29,6.0,1545067
323,4020.0,15.0,1.0,0.0,0.0,0.0,1.0,0.0,0.0,0.0,6.55,7.0,2578651
324,2394.0,46.0,1.0,0.0,1.0,0.0,0.0,1.0,0.0,0.0,18.85,5.0,1789415
325,1259.0,16.0,1.0,0.0,0.0,0.0,0.0,1.0,0.0,1.0,12.77,4.0,2168525
326,3411.0,39.0,1.0,0.0,0.0,1.0,0.0,0.0,0.0,1.0,2.19,2.0,1625602
327,3602.0,27.0,1.0,0.0,0.0,1.0,0.0,0.0,0.0,1.0,11.07,7.0,2592465
328,2555.0,11.0,1.0,0.0,0.0,1.0,0.0,0.0,0.0,1.0,8.69,7.0,2840011
329,2506.75,26.0,1.0,0.0,0.0,1.0,1.0,0.0,0.0,1.0,20.9,5.0,1840099
330,1969.0,41.0,1.0,1.0,0.0,0.0,0.0,0.0,1.0,0.0,28.51,5.0,998359
331,2506.75,46.0,1.0,0.0,0.0,0.0,1.0,0.0,0.0,1.0,8.77,5.0,1769951
332,2134.0,29.0,1.0,0.0,1.0,0.0,1.0,0.0,0.0,1.0,24.53,5.0,1680480
333,2506.75,40.0,0.0,0.0,0.0,1.0,0.0,1.0,0.0,1.0,2.61,9.0,2566009
334,3819.0,33.0,1.0,0.0,0.0,0.0,0.0,1.0,0.0,0.0,16.61,6.0,2533037
335,3511.0,36.0,1.0,0.0,0.0,0.0,0.0,0.0,0.0,0.0,3.05,5.0,2750744
336,2334.0,5.0,0.0,1.0,0.0,0.0,0.0,0.0,0.0,0.0,28.09,5.0,1662070
337,2443.0,6.0,1.0,1.0,0.0,0.0,0.0,1.0,0.0,1.0,23.22,6.0,1878049
338,1088.0,31.0,1.0,1.0,0.0,0.0,0.0,1.0,0.0,0.0,20.08,4.0,1227939
339,3576.0,31.0,0.0,1.0,0.0,0.0,1.0,0.0,0.0,1.0,24.89,4.0,1100679
340,2559.0,24.0,1.0,0.0,0.0,0.0,0.0,0.0,1.0,0.0,19.78,6.0,1897599
341,2263.0,32.0,1.0,0.0,0.0,1.0,0.0,1.0,0.0,1.0,29.1,9.0,2563583
342,3198.0,6.0,0.0,0.0,1.0,0.0,0.0,0.0,1.0,1.0,21.7,3.0,1459335
343,2985.0,11.0,0.0,0.0,0.0,1.0,0.0,1.0,0.0,1.0,27.82,5.0,1854138
344,3519.0,15.0,0.0,0.0,0.0,1.0,1.0,0.0,0.0,0.0,16.0,3.0,1510157
345,1240.0,15.0,1.0,0.0,0.0,1.0,0.0,1.0,0.0,1.0,4.39,7.0,2618570
346,2402.0,42.0,1.0,0.0,0.0,1.0,0.0,1.0,0.0,0.0,16.32,7.0,1937214
347,3120.0,35.0,1.0,0.0,0.0,1.0,1.0,0.0,0.0,1.0,4.68,3.0,1630353
348,2569.0,12.0,1.0,0.0,0.0,0.0,0.0,0.0,0.0,1.0,18.18,7.0,3417177
349,2798.0,6.0,1.0,0.0,0.0,1.0,1.0,0.0,0.0,1.0,14.99,2.0,1695463
350,2038.0,35.0,1.0,0.0,0.0,1.0,0.0,1.0,0.0,1.0,19.05,3.0,1596483
351,3969.0,46.0,0.0,0.0,0.0,1.0,0.0,1.0,0.0,1.0,1.29,7.0,2672385
352,2234.0,8.0,1.0,0.0,0.0,0.0,0.0,1.0,0.0,1.0,6.65,9.0,3532640
353,862.0,25.0,1.0,0.0,1.0,0.0,0.0,0.0,0.0,0.0,15.25,3.0,1479621
354,2387.0,10.0,1.0,0.0,0.0,0.0,1.0,0.0,0.0,1.0,28.56,7.0,2685772
355,2791.0,7.0,1.0,0.0,0.0,1.0,0.0,1.0,0.0,0.0,12.12,5.0,1895909
356,2993.0,32.0,1.0,0.0,1.0,0.0,0.0,1.0,0.0,0.0,13.31,3.0,1737797
357,1223.0,22.0,1.0,0.0,0.0,1.0,0.0,0.0,0.0,0.0,21.73,5.0,2111791
358,1616.0,24.0,1.0,0.0,0.0,1.0,1.0,0.0,0.0,1.0,18.51,3.0,995284
359,4243.0,7.0,1.0,0.0,1.0,0.0,0.0,1.0,0.0,1.0,9.67,6.0,3246482
360,1480.0,44.0,0.0,0.0,0.0,1.0,0.0,1.0,0.0,1.0,12.91,6.0,1542488
361,2649.0,21.0,1.0,0.0,1.0,0.0,1.0,0.0,0.0,0.0,7.31,2.0,1068717
362,3544.0,3.0,1.0,0.0,1.0,0.0,0.0,1.0,0.0,0.0,29.01,5.0,2309074
363,1927.0,39.0,1.0,0.0,1.0,0.0,1.0,0.0,0.0,1.0,4.79,8.0,2374323
364,2506.75,2.0,0.0,0.0,0.0,1.0,0.0,1.0,0.0,1.0,11.78,2.0,1378155
365,4323.0,28.0,0.0,0.0,0.0,0.0,0.0,0.0,0.0,0.0,1.75,5.0,2512749
366,1052.0,40.0,1.0,0.0,0.0,1.0,0.0,1.0,0.0,1.0,7.43,7.0,1802842
367,3708.0,25.0,0.0,0.0,0.0,1.0,0.0,1.0,0.0,0.0,23.63,6.0,2139908
368,1783.0,33.0,1.0,0.0,0.0,1.0,0.0,1.0,0.0,1.0,6.83,5.0,1695168
369,3662.0,33.0,0.0,0.0,0.0,1.0,0.0,0.0,1.0,0.0,3.32,6.0,1852328
370,2656.0,27.0,0.0,0.0,0.0,1.0,1.0,0.0,0.0,1.0,14.76,6.0,1807249
371,3904.0,12.0,1.0,0.0,0.0,0.0,0.0,1.0,0.0,1.0,1.29,6.0,3226199
372,3770.0,14.0,0.0,0.0,0.0,1.0,1.0,0.0,0.0,0.0,3.46,3.0,1675374
373,2282.0,22.0,1.0,0.0,0.0,1.0,1.0,0.0,0.0,0.0,24.42,5.0,1750070
374,3463.0,43.0,0.0,0.0,1.0,0.0,0.0,1.0,0.0,1.0,23.37,5.0,1812710
375,2855.0,25.0,1.0,0.0,0.0,0.0,1.0,0.0,0.0,1.0,27.54,8.0,2586141
376,1754.0,3.0,0.0,0.0,0.0,1.0,1.0,0.0,0.0,0.0,25.78,6.0,1614238
377,2507.5,25.0,1.0,1.0,0.0,0.0,0.0,1.0,0.0,0.0,20.81,6.0,3799838
378,2799.0,39.0,1.0,0.0,0.0,0.0,1.0,0.0,0.0,0.0,2.52,2.0,1294069
379,2701.0,8.0,1.0,0.0,0.0,1.0,0.0,0.0,0.0,0.0,23.7,5.0,2334226
380,3791.0,4.0,0.0,0.0,0.0,0.0,0.0,0.0,0.0,1.0,25.52,8.0,3570514
381,2296.0,31.0,0.0,0.0,1.0,0.0,0.0,1.0,0.0,1.0,24.17,4.0,1185437
382,1227.0,19.0,0.0,0.0,0.0,1.0,1.0,0.0,0.0,0.0,15.75,4.0,1212311
383,1186.0,49.0,0.0,0.0,0.0,1.0,0.0,1.0,0.0,0.0,7.75,9.0,2323861
384,2248.0,10.0,1.0,0.0,0.0,1.0,0.0,0.0,0.0,1.0,25.51,6.0,2591184
385,2043.0,14.0,1.0,1.0,0.0,0.0,0.0,1.0,0.0,1.0,22.09,3.0,1447988
386,2045.0,31.0,1.0,0.0,0.0,0.0,1.0,0.0,0.0,0.0,29.44,8.0,2261620
387,703.0,27.0,1.0,0.0,0.0,0.0,0.0,1.0,0.0,1.0,5.52,5.0,1903916
388,853.0,21.0,1.0,1.0,0.0,0.0,0.0,0.0,0.0,1.0,7.54,6.0,2389768
389,3898.0,40.0,1.0,0.0,0.0,1.0,0.0,1.0,0.0,1.0,7.14,5.0,2063271
390,3783.0,16.0,1.0,1.0,0.0,0.0,0.0,1.0,0.0,0.0,23.98,4.0,1710224
391,3157.0,25.0,1.0,0.0,0.0,1.0,0.0,1.0,0.0,0.0,6.42,7.0,2375580
392,2096.0,43.0,1.0,1.0,0.0,0.0,0.0,1.0,0.0,1.0,2.93,4.0,1447902
393,698.0,6.0,1.0,0.0,0.0,1.0,0.0,0.0,1.0,0.0,29.96,5.0,1520091
394,2800.0,41.0,0.0,0.0,1.0,0.0,0.0,1.0,0.0,0.0,1.72,5.0,2115837
395,2484.0,25.0,0.0,1.0,0.0,0.0,0.0,0.0,1.0,1.0,25.22,5.0,1390190
396,3561.0,24.0,0.0,0.0,0.0,1.0,0.0,1.0,0.0,0.0,11.6,7.0,2404846
397,2519.0,9.0,1.0,0.0,0.0,0.0,1.0,0.0,0.0,1.0,25.41,4.0,1913827
398,1477.0,44.0,1.0,0.0,0.0,1.0,0.0,1.0,0.0,1.0,17.08,3.0,1101409
399,937.0,18.0,0.0,0.0,0.0,0.0,1.0,0.0,0.0,1.0,27.15,7.0,2294716
400,4377.0,10.0,1.0,0.0,0.0,0.0,0.0,1.0,0.0,1.0,27.86,4.0,2353058
401,3469.0,12.0,1.0,0.0,0.0,1.0,0.0,1.0,0.0,1.0,1.26,7.0,2882121
402,3834.0,7.0,1.0,0.0,0.0,1.0,1.0,0.0,0.0,0.0,3.19,7.0,2820923
403,4391.0,39.0,1.0,0.0,0.0,1.0,1.0,0.0,0.0,0.0,8.26,6.0,2405599
404,1556.0,3.0,1.0,0.0,0.0,1.0,1.0,0.0,0.0,0.0,20.41,5.0,1590517
405,2304.0,46.0,1.0,0.0,1.0,0.0,0.0,0.0,0.0,1.0,26.76,7.0,2408470
406,760.0,30.0,1.0,0.0,0.0,0.0,0.0,1.0,0.0,1.0,14.34,8.0,2737572
407,2203.0,27.0,1.0,0.0,0.0,0.0,0.0,1.0,0.0,1.0,18.6,4.0,2168516
408,3448.0,10.0,1.0,0.0,0.0,0.0,1.0,0.0,0.0,1.0,6.47,5.0,2936009
409,997.0,25.0,0.0,0.0,0.0,1.0,0.0,1.0,0.0,1.0,24.34,5.0,1142061
410,1900.0,0.0,1.0,0.0,0.0,0.0,0.0,0.0,0.0,0.0,29.05,6.0,2270083
411,1415.0,48.0,1.0,0.0,0.0,1.0,0.0,0.0,0.0,0.0,8.79,6.0,1835084
412,2127.0,46.0,0.0,0.0,0.0,1.0,0.0,1.0,0.0,1.0,15.35,6.0,1677219
413,2519.0,37.0,1.0,1.0,0.0,0.0,0.0,0.0,1.0,1.0,3.5,6.0,1611554
414,2015.0,23.0,1.0,0.0,0.0,0.0,1.0,0.0,0.0,0.0,17.21,5.0,2186849
415,1758.0,46.0,1.0,0.0,1.0,0.0,0.0,0.0,1.0,1.0,15.58,4.0,1232096
416,1818.0,25.0,1.0,0.0,1.0,0.0,1.0,0.0,0.0,0.0,5.19,5.0,1836592
417,1000.0,40.0,1.0,0.0,1.0,0.0,1.0,0.0,0.0,0.0,13.82,6.0,1837528
418,1239.0,45.0,0.0,1.0,0.0,0.0,1.0,0.0,0.0,0.0,10.69,2.0,368148
419,3704.0,49.0,1.0,0.0,0.0,0.0,0.0,1.0,0.0,1.0,16.13,6.0,2572876
420,3335.0,25.0,1.0,0.0,0.0,0.0,0.0,0.0,0.0,0.0,17.98,7.0,2954120
421,1059.0,48.0,1.0,1.0,0.0,0.0,0.0,1.0,0.0,1.0,1.25,4.0,1198256
422,1554.0,49.0,1.0,0.0,0.0,1.0,0.0,0.0,0.0,0.0,23.07,3.0,929841
423,1069.0,4.0,1.0,0.0,0.0,1.0,0.0,1.0,0.0,1.0,21.68,5.0,2149060
424,4046.0,19.0,1.0,0.0,1.0,0.0,1.0,0.0,0.0,1.0,11.62,5.0,2309654
425,1645.0,40.0,1.0,0.0,1.0,0.0,0.0,1.0,0.0,1.0,2.54,7.0,2542919
426,3397.0,10.0,1.0,1.0,0.0,0.0,1.0,0.0,0.0,1.0,22.89,4.0,1506858
427,2293.0,32.0,1.0,1.0,0.0,0.0,0.0,1.0,0.0,0.0,28.7,8.0,2145238
428,2685.0,49.0,1.0,0.0,1.0,0.0,1.0,0.0,0.0,0.0,7.96,4.0,1773731
429,2877.0,37.0,1.0,0.0,0.0,1.0,0.0,0.0,0.0,0.0,10.38,8.0,2522775
430,4036.0,26.0,1.0,1.0,0.0,0.0,1.0,0.0,0.0,1.0,6.33,2.0,1565488
431,1162.0,33.0,1.0,0.0,0.0,0.0,1.0,0.0,0.0,0.0,17.73,4.0,1377210
432,3085.0,14.0,1.0,0.0,0.0,0.0,0.0,0.0,0.0,1.0,5.49,6.0,3528268
433,2399.0,31.0,0.0,1.0,0.0,0.0,0.0,0.0,1.0,0.0,11.33,6.0,1045384
434,3954.0,20.0,1.0,0.0,0.0,1.0,0.0,1.0,0.0,0.0,21.21,9.0,3190874
435,2674.0,45.0,1.0,0.0,0.0,0.0,0.0,1.0,0.0,1.0,17.24,2.0,1195977
436,825.0,4.0,0.0,0.0,0.0,0.0,0.0,0.0,0.0,0.0,12.21,7.0,2574362
437,3948.0,5.0,0.0,1.0,0.0,0.0,0.0,0.0,0.0,1.0,13.19,4.0,2165607
438,1397.0,37.0,1.0,0.0,0.0,1.0,0.0,0.0,0.0,1.0,17.3,5.0,1633712
439,4280.0,21.0,1.0,0.0,1.0,0.0,0.0,0.0,1.0,1.0,1.17,5.0,2289280
440,2931.0,17.0,1.0,0.0,0.0,0.0,0.0,0.0,0.0,1.0,3.28,8.0,3094254
441,3526.0,13.0,0.0,0.0,1.0,0.0,0.0,1.0,0.0,0.0,26.56,6.0,2234657
442,1559.0,9.0,0.0,0.0,1.0,0.0,0.0,1.0,0.0,1.0,3.26,7.0,2324598
443,2104.0,25.0,1.0,0.0,0.0,1.0,1.0,0.0,0.0,1.0,21.5,5.0,1657184
444,1052.0,12.0,1.0,0.0,0.0,1.0,0.0,1.0,0.0,0.0,27.68,7.0,2071179
445,3667.0,30.0,1.0,0.0,0.0,0.0,0.0,0.0,0.0,0.0,8.85,6.0,2821671
446,1415.0,29.0,0.0,1.0,0.0,0.0,0.0,0.0,0.0,0.0,11.74,6.0,1790957
447,1258.0,2.0,1.0,0.0,1.0,0.0,0.0,1.0,0.0,0.0,17.5,9.0,2576397
448,4187.0,29.0,1.0,1.0,0.0,0.0,0.0,0.0,1.0,0.0,26.57,6.0,1783067
449,1146.0,5.0,0.0,0.0,0.0,1.0,0.0,1.0,0.0,1.0,28.32,3.0,838048
450,1815.0,28.0,1.0,0.0,1.0,0.0,0.0,0.0,0.0,1.0,22.45,3.0,1523140
451,3720.0,7.0,0.0,0.0,1.0,0.0,0.0,1.0,0.0,1.0,3.51,8.0,3084296
452,4183.0,43.0,1.0,0.0,1.0,0.0,0.0,1.0,0.0,1.0,20.41,6.0,2273140
453,616.0,44.0,1.0,1.0,0.0,0.0,0.0,0.0,1.0,0.0,12.9,6.0,1313472
454,3843.0,25.0,1.0,0.0,0.0,1.0,0.0,1.0,0.0,1.0,14.65,6.0,2112108
455,1843.0,43.0,1.0,0.0,0.0,0.0,0.0,1.0,0.0,0.0,2.43,6.0,2010595
456,2805.0,32.0,1.0,0.0,1.0,0.0,0.0,0.0,0.0,1.0,6.54,7.0,2795725
457,3124.0,25.0,1.0,0.0,1.0,0.0,0.0,1.0,0.0,1.0,23.92,5.0,2306151
458,1669.0,47.0,1.0,0.0,0.0,1.0,1.0,0.0,0.0,1.0,14.16,4.0,1178757
459,4044.0,10.0,1.0,0.0,0.0,0.0,0.0,1.0,0.0,0.0,9.75,6.0,3200501
460,3165.0,12.0,1.0,0.0,0.0,1.0,0.0,0.0,1.0,0.0,12.14,2.0,1237275
461,2746.0,49.0,1.0,0.0,0.0,1.0,0.0,0.0,0.0,0.0,25.78,7.0,2267810
462,2368.0,10.0,1.0,0.0,0.0,1.0,0.0,1.0,0.0,1.0,22.72,5.0,1848346
463,1660.0,30.0,1.0,0.0,1.0,0.0,0.0,1.0,0.0,0.0,8.9,6.0,2420710
464,2927.0,27.0,1.0,0.0,1.0,0.0,0.0,1.0,0.0,1.0,4.41,4.0,2133144
465,4020.0,43.0,1.0,0.0,0.0,0.0,0.0,1.0,0.0,1.0,8.31,6.0,2650359
466,2506.75,5.0,1.0,0.0,0.0,1.0,0.0,1.0,0.0,0.0,27.7,5.0,2235997
467,901.0,40.0,1.0,0.0,0.0,1.0,0.0,1.0,0.0,1.0,17.87,5.0,1625958
468,780.0,15.0,1.0,0.0,0.0,0.0,1.0,0.0,0.0,0.0,16.47,5.0,1804646
469,1206.0,3.0,1.0,0.0,1.0,0.0,1.0,0.0,0.0,1.0,18.3,7.0,2487880
470,3770.0,25.0,1.0,1.0,0.0,0.0,1.0,0.0,0.0,0.0,11.61,9.0,2536946
471,1299.0,47.0,1.0,0.0,0.0,1.0,0.0,1.0,0.0,0.0,24.41,5.0,1276913
472,1592.0,25.0,1.0,0.0,1.0,0.0,0.0,0.0,1.0,1.0,16.18,6.0,1725461
473,1739.0,11.0,1.0,1.0,0.0,0.0,0.0,1.0,0.0,0.0,4.39,6.0,2137661
474,790.0,10.0,0.0,1.0,0.0,0.0,0.0,0.0,0.0,1.0,4.74,6.0,1994646
475,7250.0,36.0,1.0,0.0,0.0,0.0,0.0,0.0,0.0,0.0,16.57,6.0,5030750
476,1580.0,24.0,1.0,1.0,0.0,0.0,0.0,1.0,0.0,1.0,28.16,5.0,1311483
477,3575.0,17.0,0.0,0.0,0.0,1.0,0.0,1.0,0.0,1.0,9.94,6.0,2058200
478,2606.0,18.0,1.0,0.0,0.0,1.0,0.0,0.0,1.0,1.0,26.22,6.0,1698928
479,1784.0,22.0,1.0,0.0,0.0,0.0,0.0,1.0,0.0,1.0,23.16,5.0,1894913
480,3927.0,37.0,1.0,0.0,0.0,1.0,0.0,0.0,0.0,0.0,8.19,5.0,2122864
481,3994.0,17.0,1.0,0.0,0.0,0.0,1.0,0.0,0.0,1.0,2.05,7.0,2761417
482,727.0,25.0,1.0,0.0,0.0,0.0,0.0,1.0,0.0,1.0,3.95,5.0,2278304
483,2665.0,5.0,1.0,0.0,0.0,1.0,0.0,0.0,0.0,1.0,22.13,5.0,2238665
484,2416.0,3.0,1.0,1.0,0.0,0.0,0.0,0.0,0.0,1.0,6.79,5.0,2498573
485,2358.0,43.0,0.0,1.0,0.0,0.0,1.0,0.0,0.0,0.0,11.77,2.0,516804
486,3213.0,28.0,0.0,0.0,0.0,1.0,0.0,1.0,0.0,0.0,15.55,3.0,1185886
487,1169.0,33.0,1.0,1.0,0.0,0.0,1.0,0.0,0.0,1.0,22.04,5.0,1467022
488,1946.0,16.0,1.0,1.0,0.0,0.0,1.0,0.0,0.0,0.0,4.28,9.0,2736301
489,2495.0,42.0,1.0,0.0,1.0,0.0,0.0,0.0,0.0,0.0,12.78,3.0,1587506
490,3333.0,42.0,1.0,0.0,0.0,0.0,0.0,0.0,0.0,1.0,15.07,2.0,1604418
491,4463.0,15.0,0.0,0.0,1.0,0.0,0.0,1.0,0.0,0.0,16.68,6.0,2534306
492,1225.0,1.0,1.0,1.0,0.0,0.0,0.0,0.0,1.0,1.0,24.73,6.0,1653248
493,3959.0,33.0,1.0,0.0,1.0,0.0,0.0,0.0,0.0,0.0,5.98,3.0,2436468
494,3501.0,7.0,1.0,0.0,0.0,1.0,0.0,1.0,0.0,0.0,24.43,5.0,1732892
495,2286.0,12.0,0.0,0.0,0.0,1.0,1.0,0.0,0.0,1.0,21.09,6.0,2140440
496,3609.0,41.0,0.0,0.0,1.0,0.0,0.0,1.0,0.0,0.0,17.12,8.0,2858610
497,4310.0,7.0,1.0,0.0,0.0,1.0,0.0,0.0,1.0,0.0,21.29,6.0,2189460
498,754.0,29.0,0.0,0.0,0.0,0.0,0.0,1.0,0.0,1.0,12.95,7.0,2169645
499,3137.0,31.0,1.0,0.0,0.0,1.0,0.0,1.0,0.0,0.0,5.01,4.0,1841836
500,2009.0,35.0,1.0,1.0,0.0,0.0,1.0,0.0,0.0,1.0,20.31,5.0,1343150
501,1384.0,46.0,1.0,1.0,0.0,0.0,1.0,0.0,0.0,0.0,16.22,6.0,1467009
502,3775.0,29.0,1.0,0.0,0.0,0.0,1.0,0.0,0.0,0.0,19.54,3.0,1847727
503,4064.0,0.0,1.0,1.0,0.0,0.0,0.0,0.0,1.0,1.0,10.8,6.0,2505406
504,4482.0,42.0,0.0,0.0,0.0,1.0,0.0,1.0,0.0,1.0,27.3,5.0,1897588
505,845.0,38.0,1.0,0.0,1.0,0.0,0.0,0.0,0.0,0.0,18.03,3.0,1344811
506,2506.75,16.0,1.0,0.0,1.0,0.0,0.0,0.0,1.0,1.0,3.48,4.0,1995854
507,3710.0,19.0,1.0,1.0,0.0,0.0,0.0,0.0,1.0,1.0,14.04,8.0,2610485
508,2100.0,23.0,1.0,1.0,0.0,0.0,0.0,1.0,0.0,1.0,22.93,5.0,1658396
509,2305.0,49.0,0.0,0.0,0.0,1.0,0.0,0.0,0.0,1.0,24.03,5.0,1410319
510,3406.0,21.0,1.0,1.0,0.0,0.0,1.0,0.0,0.0,1.0,15.34,8.0,2610586
511,1137.0,28.0,1.0,0.0,0.0,0.0,1.0,0.0,0.0,1.0,26.95,8.0,2554677
512,2490.0,21.0,0.0,0.0,1.0,0.0,0.0,1.0,0.0,1.0,8.76,4.0,1665918
513,2441.0,43.0,1.0,0.0,1.0,0.0,1.0,0.0,0.0,0.0,12.91,6.0,1864690
514,1520.0,8.0,1.0,0.0,1.0,0.0,0.0,0.0,1.0,1.0,27.06,5.0,1724282
515,3055.0,36.0,1.0,0.0,0.0,1.0,0.0,1.0,0.0,1.0,26.99,2.0,1431733
516,1124.0,25.0,1.0,1.0,0.0,0.0,0.0,1.0,0.0,1.0,20.89,4.0,1264897
517,2506.75,35.0,0.0,0.0,0.0,0.0,0.0,1.0,0.0,0.0,25.91,3.0,1549907
518,2129.0,36.0,0.0,0.0,0.0,0.0,0.0,1.0,0.0,1.0,3.57,6.0,2516524
519,3550.0,27.0,1.0,0.0,1.0,0.0,0.0,1.0,0.0,1.0,26.08,6.0,2592076
520,4496.0,27.0,0.0,0.0,0.0,1.0,1.0,0.0,0.0,1.0,10.3,3.0,1583792
521,635.0,41.0,1.0,1.0,0.0,0.0,0.0,1.0,0.0,0.0,6.17,9.0,2164723
522,1284.0,42.0,1.0,0.0,0.0,1.0,1.0,0.0,0.0,0.0,7.94,5.0,1177919
523,619.0,20.0,1.0,0.0,0.0,0.0,1.0,0.0,0.0,0.0,13.12,8.0,2208332
524,2968.0,23.0,1.0,1.0,0.0,0.0,0.0,1.0,0.0,0.0,8.28,2.0,1344858
525,4447.0,41.0,1.0,0.0,0.0,1.0,0.0,0.0,0.0,0.0,10.3,4.0,1817619
526,3159.0,39.0,1.0,0.0,0.0,0.0,0.0,0.0,0.0,1.0,4.91,8.0,3286919
527,999.0,1.0,0.0,0.0,1.0,0.0,0.0,1.0,0.0,0.0,9.59,6.0,1989121
528,3301.0,7.0,1.0,0.0,0.0,1.0,1.0,0.0,0.0,1.0,17.6,4.0,2317909
529,1571.0,47.0,1.0,0.0,1.0,0.0,1.0,0.0,0.0,0.0,13.81,3.0,1332355
530,2506.0,26.0,1.0,0.0,0.0,1.0,0.0,0.0,0.0,0.0,11.05,7.0,2665911
531,3118.0,21.0,1.0,1.0,0.0,0.0,0.0,1.0,0.0,1.0,22.65,4.0,1699774
532,1766.0,36.0,1.0,1.0,0.0,0.0,0.0,1.0,0.0,1.0,26.91,2.0,705646
533,1715.0,26.0,1.0,0.0,1.0,0.0,0.0,1.0,0.0,1.0,22.95,6.0,2032731
534,4025.0,28.0,0.0,0.0,0.0,0.0,0.0,1.0,0.0,0.0,10.63,8.0,3266485
535,1433.0,2.0,1.0,1.0,0.0,0.0,0.0,0.0,0.0,0.0,22.59,8.0,2597988
536,2423.0,43.0,1.0,0.0,1.0,0.0,0.0,0.0,1.0,0.0,5.41,7.0,1752140
537,3374.0,12.0,1.0,0.0,1.0,0.0,0.0,1.0,0.0,1.0,4.78,4.0,2572127
538,2582.0,44.0,1.0,0.0,0.0,1.0,0.0,0.0,0.0,0.0,11.02,8.0,2829269
539,1453.0,9.0,1.0,1.0,0.0,0.0,1.0,0.0,0.0,0.0,24.42,9.0,2249363
540,650.0,35.0,0.0,0.0,1.0,0.0,0.0,1.0,0.0,0.0,8.14,5.0,1491372
541,4336.0,25.0,1.0,0.0,0.0,0.0,1.0,0.0,0.0,1.0,2.83,5.0,3019713
542,4369.0,26.0,1.0,0.0,0.0,1.0,0.0,0.0,0.0,1.0,4.82,6.0,2891153
543,1174.0,25.0,1.0,1.0,0.0,0.0,0.0,0.0,1.0,0.0,25.9,5.0,728204
544,3861.0,0.0,1.0,0.0,0.0,0.0,0.0,1.0,0.0,0.0,19.38,6.0,2946670
545,2506.75,31.0,1.0,1.0,0.0,0.0,1.0,0.0,0.0,0.0,8.34,4.0,1317033
546,2797.0,24.0,0.0,0.0,1.0,0.0,0.0,1.0,0.0,1.0,17.1,4.0,1596182
547,2961.0,28.0,1.0,0.0,1.0,0.0,1.0,0.0,0.0,1.0,16.3,9.0,2715058
548,3217.0,6.0,0.0,0.0,0.0,1.0,1.0,0.0,0.0,0.0,20.01,5.0,1876037
549,4013.0,48.0,1.0,0.0,0.0,0.0,0.0,1.0,0.0,1.0,7.76,3.0,2222439
550,2952.0,25.0,0.0,1.0,0.0,0.0,0.0,0.0,0.0,0.0,26.07,5.0,2009506
551,2315.0,25.0,1.0,0.0,0.0,1.0,1.0,0.0,0.0,1.0,9.97,8.0,2643108
552,1281.0,19.0,1.0,0.0,1.0,0.0,1.0,0.0,0.0,1.0,21.13,6.0,1796280
553,1437.0,29.0,1.0,0.0,0.0,1.0,0.0,1.0,0.0,0.0,1.47,4.0,1407249
554,11135.0,34.0,0.0,0.0,0.0,0.0,0.0,1.0,0.0,0.0,11.81,8.0,5703702
555,1677.0,34.0,1.0,0.0,0.0,0.0,0.0,0.0,0.0,1.0,11.2,4.0,1827846
556,3650.0,48.0,1.0,0.0,0.0,1.0,1.0,0.0,0.0,1.0,16.76,4.0,1359190
557,3091.0,38.0,1.0,1.0,0.0,0.0,0.0,1.0,0.0,0.0,3.11,5.0,1967089
558,3260.0,26.0,0.0,0.0,0.0,1.0,1.0,0.0,0.0,1.0,23.91,6.0,2067632
559,3640.0,25.0,1.0,0.0,0.0,1.0,1.0,0.0,0.0,0.0,7.32,6.0,2159411
560,2911.0,13.0,0.0,0.0,0.0,1.0,0.0,1.0,0.0,1.0,20.63,6.0,2247768
561,3724.0,16.0,1.0,0.0,0.0,1.0,0.0,1.0,0.0,0.0,24.29,2.0,1596340
562,2195.0,17.0,1.0,0.0,0.0,1.0,0.0,1.0,0.0,0.0,17.29,3.0,1720475
563,3651.0,44.0,1.0,1.0,0.0,0.0,1.0,0.0,0.0,0.0,22.49,6.0,1812406
564,4291.0,28.0,0.0,0.0,0.0,1.0,0.0,1.0,0.0,1.0,20.19,7.0,2495309
565,604.0,19.0,1.0,0.0,0.0,1.0,0.0,1.0,0.0,0.0,11.31,5.0,1483951
566,1726.0,26.0,0.0,0.0,0.0,0.0,0.0,0.0,0.0,1.0,24.46,2.0,1342771
567,1819.0,17.0,1.0,1.0,0.0,0.0,1.0,0.0,0.0,1.0,9.55,5.0,1852132
568,1373.0,3.0,1.0,0.0,0.0,0.0,1.0,0.0,0.0,0.0,17.57,4.0,1968905
569,1476.0,0.0,1.0,0.0,0.0,0.0,0.0,1.0,0.0,0.0,22.62,5.0,2383968
570,2506.75,49.0,1.0,0.0,1.0,0.0,0.0,1.0,0.0,0.0,11.99,6.0,1819694
571,3531.0,0.0,0.0,0.0,0.0,1.0,1.0,0.0,0.0,1.0,9.78,7.0,2315755
572,4021.0,25.0,1.0,0.0,0.0,1.0,0.0,0.0,0.0,1.0,14.32,4.0,2217260
573,646.0,44.0,0.0,0.0,0.0,1.0,1.0,0.0,0.0,1.0,24.72,5.0,957123
574,3514.0,19.0,0.0,0.0,1.0,0.0,0.0,0.0,0.0,0.0,27.97,5.0,2142037
575,3470.0,22.0,1.0,0.0,0.0,0.0,1.0,0.0,0.0,0.0,16.81,6.0,2576129
576,3583.0,9.0,1.0,1.0,0.0,0.0,0.0,1.0,0.0,1.0,20.18,4.0,1934043
577,4491.0,10.0,0.0,0.0,1.0,0.0,0.0,0.0,0.0,0.0,27.19,9.0,3168491
578,3303.0,40.0,1.0,0.0,0.0,1.0,1.0,0.0,0.0,1.0,3.86,5.0,1856737
579,868.0,40.0,0.0,0.0,0.0,1.0,0.0,0.0,0.0,1.0,7.73,6.0,1571001
580,969.0,4.0,0.0,0.0,0.0,1.0,0.0,1.0,0.0,1.0,21.56,6.0,1888886
581,1235.0,0.0,1.0,0.0,1.0,0.0,0.0,0.0,0.0,1.0,24.89,4.0,2029868
582,1729.0,16.0,0.0,0.0,0.0,1.0,0.0,1.0,0.0,1.0,25.85,6.0,1895920
583,2293.0,21.0,1.0,0.0,0.0,1.0,1.0,0.0,0.0,0.0,13.04,5.0,1446978
584,2282.0,33.0,1.0,0.0,0.0,1.0,1.0,0.0,0.0,1.0,3.59,8.0,2447149
585,2506.75,44.0,1.0,1.0,0.0,0.0,1.0,0.0,0.0,0.0,13.7,8.0,1558830
586,719.0,40.0,1.0,0.0,0.0,1.0,0.0,0.0,1.0,1.0,7.69,5.0,1490549
587,1430.0,28.0,1.0,1.0,0.0,0.0,1.0,0.0,0.0,0.0,9.44,5.0,1532241
588,2410.0,3.0,1.0,0.0,0.0,1.0,1.0,0.0,0.0,0.0,23.4,2.0,943937
589,4275.0,4.0,1.0,0.0,0.0,0.0,0.0,1.0,0.0,0.0,3.19,8.0,3548119
590,1681.0,10.0,1.0,0.0,0.0,0.0,0.0,1.0,0.0,1.0,25.0,3.0,1321556
591,2574.0,20.0,1.0,0.0,0.0,1.0,1.0,0.0,0.0,0.0,13.4,5.0,2114881
592,1969.0,34.0,1.0,0.0,0.0,0.0,1.0,0.0,0.0,0.0,18.29,3.0,1251848
593,1340.0,11.0,0.0,0.0,0.0,0.0,0.0,1.0,0.0,1.0,3.6,5.0,1915315
594,4145.0,25.0,1.0,1.0,0.0,0.0,1.0,0.0,0.0,1.0,10.78,8.0,2331462
595,716.0,18.0,1.0,1.0,0.0,0.0,0.0,0.0,1.0,1.0,3.6,5.0,1634262
596,2453.0,44.0,1.0,0.0,1.0,0.0,1.0,0.0,0.0,0.0,28.88,9.0,2246050
597,3438.0,25.0,1.0,0.0,0.0,0.0,0.0,0.0,0.0,1.0,24.41,3.0,1966354
598,1750.0,46.0,1.0,0.0,0.0,0.0,0.0,0.0,0.0,1.0,14.33,9.0,3086433
599,4064.0,6.0,0.0,0.0,0.0,0.0,0.0,1.0,0.0,1.0,7.48,2.0,2177406
600,2531.0,25.0,1.0,0.0,1.0,0.0,0.0,1.0,0.0,1.0,28.07,3.0,1530297
601,1612.0,39.0,1.0,1.0,0.0,0.0,0.0,1.0,0.0,0.0,10.99,2.0,941958
602,2264.0,4.0,1.0,0.0,0.0,1.0,0.0,1.0,0.0,1.0,5.67,7.0,2983850
603,1681.0,20.0,1.0,0.0,0.0,0.0,0.0,1.0,0.0,0.0,17.33,6.0,2269201
604,1233.0,13.0,1.0,0.0,0.0,1.0,0.0,1.0,0.0,0.0,28.37,3.0,1114506
605,1112.0,3.0,0.0,0.0,0.0,1.0,1.0,0.0,0.0,1.0,1.11,4.0,1590207
606,11055.0,25.0,0.0,0.0,0.0,1.0,0.0,0.0,1.0,0.0,7.91,9.0,5545530
607,3449.0,41.0,1.0,0.0,1.0,0.0,0.0,1.0,0.0,1.0,28.21,4.0,1611132
608,1719.0,19.0,0.0,0.0,1.0,0.0,0.0,0.0,0.0,0.0,5.96,4.0,1675045
609,4309.0,14.0,0.0,0.0,0.0,0.0,0.0,1.0,0.0,1.0,4.28,3.0,2444612
610,1741.0,49.0,0.0,0.0,0.0,0.0,0.0,0.0,0.0,0.0,17.54,3.0,1278955
611,1159.0,44.0,1.0,1.0,0.0,0.0,0.0,0.0,0.0,1.0,25.99,8.0,2105472
612,4272.0,25.0,1.0,0.0,0.0,0.0,1.0,0.0,0.0,1.0,14.84,6.0,2847401
613,1087.0,7.0,1.0,0.0,0.0,0.0,0.0,1.0,0.0,0.0,29.84,9.0,2634934
614,3908.0,40.0,1.0,0.0,0.0,0.0,0.0,1.0,0.0,1.0,20.7,2.0,1526991
615,1496.0,47.0,1.0,0.0,0.0,0.0,0.0,0.0,0.0,0.0,3.15,7.0,2240147
616,3943.0,18.0,1.0,0.0,0.0,1.0,0.0,0.0,0.0,1.0,29.79,6.0,2456034
617,1812.0,47.0,0.0,1.0,0.0,0.0,0.0,1.0,0.0,0.0,12.83,7.0,1507919
618,1303.0,38.0,0.0,0.0,0.0,1.0,1.0,0.0,0.0,1.0,9.33,9.0,2319258
619,2070.0,45.0,0.0,0.0,0.0,1.0,0.0,1.0,0.0,0.0,17.18,5.0,1068535
620,1180.0,27.0,1.0,0.0,1.0,0.0,1.0,0.0,0.0,1.0,9.82,8.0,2433903
621,3437.0,45.0,1.0,0.0,0.0,1.0,0.0,1.0,0.0,1.0,3.51,5.0,1878644
622,2506.75,26.0,1.0,1.0,0.0,0.0,0.0,0.0,0.0,1.0,1.04,3.0,1969689
623,2894.0,3.0,1.0,1.0,0.0,0.0,0.0,1.0,0.0,0.0,14.04,6.0,2104631
624,3747.0,14.0,1.0,0.0,0.0,0.0,0.0,1.0,0.0,1.0,25.27,6.0,2432761
625,753.0,25.0,1.0,0.0,1.0,0.0,0.0,1.0,0.0,0.0,17.6,4.0,1257916
626,2279.0,36.0,1.0,0.0,0.0,1.0,0.0,1.0,0.0,0.0,29.98,7.0,1692208
627,4106.0,0.0,0.0,1.0,0.0,0.0,1.0,0.0,0.0,1.0,9.32,6.0,2481955
628,2506.75,25.0,1.0,0.0,0.0,1.0,0.0,1.0,0.0,0.0,9.13,5.0,2091648
629,3757.0,46.0,0.0,1.0,0.0,0.0,0.0,0.0,0.0,1.0,5.63,9.0,2176555
630,3344.0,23.0,1.0,0.0,1.0,0.0,0.0,0.0,0.0,1.0,5.76,6.0,2728372
631,3956.0,26.0,1.0,0.0,0.0,0.0,1.0,0.0,0.0,0.0,9.27,7.0,2852294
632,1843.0,39.0,1.0,0.0,0.0,1.0,0.0,0.0,0.0,0.0,23.99,9.0,2719649
633,1692.0,35.0,1.0,1.0,0.0,0.0,0.0,1.0,0.0,0.0,27.27,4.0,993509
634,3718.0,33.0,1.0,1.0,0.0,0.0,1.0,0.0,0.0,1.0,29.28,3.0,1388459
635,1608.0,28.0,1.0,0.0,0.0,0.0,0.0,0.0,1.0,1.0,7.74,6.0,2541594
636,2741.0,23.0,1.0,0.0,1.0,0.0,1.0,0.0,0.0,1.0,26.56,2.0,952034
637,2373.0,23.0,1.0,0.0,0.0,1.0,0.0,0.0,0.0,0.0,10.52,8.0,2892436
638,2506.75,41.0,1.0,0.0,0.0,0.0,0.0,1.0,0.0,1.0,4.27,7.0,2533869
639,3659.0,3.0,0.0,0.0,0.0,1.0,0.0,1.0,0.0,0.0,26.23,3.0,1293474
640,1052.0,2.0,1.0,0.0,0.0,0.0,1.0,0.0,0.0,1.0,19.45,7.0,2563143
641,1827.0,33.0,0.0,1.0,0.0,0.0,0.0,1.0,0.0,1.0,5.78,6.0,1506381
642,3559.0,48.0,1.0,0.0,0.0,1.0,0.0,0.0,1.0,1.0,13.47,4.0,1830856
643,2865.0,22.0,0.0,1.0,0.0,0.0,0.0,1.0,0.0,1.0,9.33,9.0,2858418
644,3121.0,22.0,0.0,0.0,0.0,0.0,0.0,1.0,0.0,1.0,22.37,3.0,1807490
645,3079.0,44.0,1.0,0.0,0.0,1.0,1.0,0.0,0.0,0.0,14.15,5.0,1697769
646,2988.0,4.0,1.0,0.0,0.0,0.0,0.0,0.0,0.0,0.0,29.69,6.0,2493551
647,1150.0,30.0,0.0,0.0,0.0,0.0,1.0,0.0,0.0,1.0,2.59,7.0,2417393
648,2235.0,40.0,1.0,0.0,0.0,0.0,0.0,1.0,0.0,1.0,11.3,4.0,2193739
649,1912.0,25.0,1.0,0.0,0.0,0.0,0.0,1.0,0.0,1.0,14.98,6.0,2471450
650,3925.0,25.0,1.0,0.0,0.0,1.0,0.0,1.0,0.0,0.0,15.59,5.0,2045449
651,2357.0,9.0,0.0,0.0,0.0,1.0,1.0,0.0,0.0,1.0,10.16,6.0,2429510
652,956.0,39.0,0.0,0.0,0.0,1.0,0.0,0.0,1.0,0.0,22.15,7.0,1589636
653,2670.0,6.0,1.0,0.0,0.0,1.0,0.0,0.0,0.0,1.0,26.37,6.0,2310382
654,2385.0,38.0,1.0,1.0,0.0,0.0,1.0,0.0,0.0,1.0,28.22,4.0,1065358
655,3169.0,37.0,1.0,1.0,0.0,0.0,0.0,0.0,0.0,0.0,24.35,6.0,2016925
656,2381.0,20.0,1.0,0.0,0.0,1.0,0.0,0.0,0.0,1.0,25.67,6.0,2618865
657,3771.0,19.0,0.0,0.0,0.0,1.0,1.0,0.0,0.0,0.0,16.97,6.0,1761969
658,3449.0,2.0,1.0,0.0,0.0,0.0,1.0,0.0,0.0,1.0,24.95,3.0,1622313
659,2506.75,21.0,1.0,1.0,0.0,0.0,0.0,1.0,0.0,1.0,9.8,6.0,2707589
660,3894.0,46.0,1.0,0.0,0.0,0.0,0.0,0.0,0.0,1.0,12.56,6.0,2814131
661,3409.0,25.0,0.0,0.0,0.0,1.0,0.0,0.0,0.0,0.0,10.19,6.0,2585929
662,4330.0,27.0,1.0,0.0,0.0,1.0,0.0,1.0,0.0,0.0,14.55,4.0,2018946
663,3089.0,11.0,1.0,0.0,0.0,1.0,0.0,1.0,0.0,1.0,9.28,5.0,2251934
664,2231.0,37.0,1.0,0.0,0.0,0.0,1.0,0.0,0.0,0.0,28.89,2.0,753279
665,3416.0,35.0,1.0,0.0,1.0,0.0,0.0,0.0,0.0,1.0,10.07,3.0,2220502
666,1615.0,46.0,1.0,0.0,0.0,0.0,0.0,0.0,0.0,1.0,3.84,4.0,1711515
667,1948.0,40.0,1.0,0.0,1.0,0.0,1.0,0.0,0.0,1.0,16.28,7.0,2007584
668,1115.0,4.0,1.0,0.0,0.0,0.0,1.0,0.0,0.0,1.0,2.66,9.0,3448358
669,3687.0,12.0,0.0,0.0,0.0,0.0,1.0,0.0,0.0,1.0,4.21,3.0,2088836
670,3439.0,22.0,0.0,1.0,0.0,0.0,1.0,0.0,0.0,0.0,7.36,4.0,1535111
671,935.0,49.0,0.0,0.0,0.0,0.0,0.0,0.0,0.0,1.0,14.47,5.0,1815668
672,2382.0,29.0,1.0,1.0,0.0,0.0,0.0,1.0,0.0,1.0,13.56,9.0,2779897
673,2905.0,36.0,0.0,0.0,0.0,1.0,0.0,0.0,1.0,1.0,24.19,4.0,888030
674,1096.0,24.0,1.0,0.0,0.0,0.0,1.0,0.0,0.0,0.0,22.44,7.0,2320672
675,1495.0,47.0,1.0,1.0,0.0,0.0,0.0,0.0,0.0,0.0,13.36,4.0,864330
676,2807.0,26.0,1.0,0.0,0.0,0.0,0.0,1.0,0.0,1.0,10.68,8.0,3157028
677,4146.0,13.0,1.0,1.0,0.0,0.0,0.0,1.0,0.0,1.0,10.18,3.0,1891650
678,1451.0,47.0,1.0,0.0,0.0,0.0,1.0,0.0,0.0,1.0,23.45,4.0,1541270
679,2287.0,46.0,1.0,1.0,0.0,0.0,0.0,0.0,0.0,1.0,2.51,8.0,2773316
680,2531.0,35.0,1.0,0.0,0.0,0.0,0.0,0.0,0.0,1.0,1.37,3.0,1914094
681,3337.0,38.0,1.0,0.0,0.0,1.0,1.0,0.0,0.0,1.0,24.07,5.0,1603036
682,4346.0,15.0,1.0,0.0,1.0,0.0,0.0,0.0,1.0,1.0,14.84,2.0,1663658
683,3027.0,21.0,1.0,1.0,0.0,0.0,0.0,0.0,1.0,1.0,4.8,8.0,2507144
684,2168.0,20.0,1.0,1.0,0.0,0.0,1.0,0.0,0.0,1.0,7.83,6.0,1988335
685,1556.0,20.0,0.0,1.0,0.0,0.0,0.0,1.0,0.0,0.0,28.04,7.0,1446877
686,3338.0,7.0,0.0,1.0,0.0,0.0,0.0,0.0,0.0,0.0,25.93,5.0,1867279
687,4098.0,25.0,1.0,0.0,0.0,0.0,0.0,1.0,0.0,0.0,21.58,6.0,2361751
688,2236.0,15.0,1.0,0.0,0.0,1.0,0.0,0.0,0.0,1.0,14.98,7.0,2860241
689,1891.0,30.0,1.0,0.0,0.0,1.0,0.0,1.0,0.0,1.0,16.09,7.0,2116794
690,4248.0,41.0,0.0,0.0,0.0,1.0,0.0,1.0,0.0,1.0,29.28,5.0,1643589
691,2040.0,9.0,1.0,0.0,0.0,1.0,0.0,1.0,0.0,0.0,29.01,5.0,1810552
692,1791.0,25.0,1.0,0.0,0.0,1.0,1.0,0.0,0.0,1.0,7.24,6.0,1956004
693,1666.0,33.0,1.0,0.0,0.0,0.0,0.0,1.0,0.0,0.0,24.52,7.0,2134706
694,4227.0,8.0,1.0,0.0,1.0,0.0,0.0,1.0,0.0,0.0,6.72,6.0,2651879
695,884.0,16.0,1.0,0.0,0.0,0.0,0.0,0.0,1.0,1.0,7.19,3.0,849107
696,3044.0,10.0,0.0,0.0,0.0,1.0,0.0,1.0,0.0,0.0,20.61,6.0,2003576
697,611.0,31.0,1.0,0.0,0.0,1.0,0.0,1.0,0.0,1.0,12.75,6.0,1745357
698,2230.0,9.0,1.0,0.0,1.0,0.0,0.0,0.0,0.0,1.0,28.01,5.0,2453167
699,3973.0,21.0,0.0,0.0,1.0,0.0,0.0,1.0,0.0,1.0,3.58,7.0,2728610
700,3924.0,16.0,0.0,0.0,1.0,0.0,0.0,0.0,0.0,1.0,15.83,9.0,3284602
701,2506.75,3.0,1.0,0.0,0.0,0.0,0.0,1.0,0.0,0.0,27.64,8.0,3237021
702,1353.0,47.0,1.0,0.0,0.0,1.0,0.0,1.0,0.0,1.0,27.22,7.0,1760392
703,2682.0,46.0,1.0,0.0,0.0,0.0,0.0,1.0,0.0,1.0,5.54,7.0,2813000
704,3374.0,24.0,0.0,0.0,0.0,1.0,0.0,0.0,0.0,0.0,11.63,3.0,1449889
705,3496.0,20.0,1.0,0.0,0.0,1.0,0.0,1.0,0.0,0.0,18.95,6.0,2226484
706,689.0,36.0,0.0,0.0,0.0,0.0,0.0,1.0,0.0,1.0,5.62,3.0,1252635
707,1375.0,37.0,1.0,0.0,0.0,1.0,0.0,1.0,0.0,0.0,29.07,4.0,878036
708,3252.0,48.0,1.0,1.0,0.0,0.0,0.0,1.0,0.0,0.0,27.53,4.0,1367862
709,3617.0,0.0,1.0,1.0,0.0,0.0,1.0,0.0,0.0,1.0,5.84,4.0,2113910
710,2225.0,24.0,1.0,0.0,0.0,1.0,0.0,0.0,1.0,1.0,4.51,3.0,1648800
711,2506.75,35.0,1.0,0.0,0.0,0.0,0.0,0.0,1.0,1.0,3.48,5.0,2324200
712,1017.0,16.0,1.0,0.0,0.0,0.0,0.0,0.0,0.0,0.0,27.37,5.0,2053264
713,714.0,40.0,1.0,0.0,0.0,1.0,1.0,0.0,0.0,0.0,6.62,7.0,2207560
714,1216.0,23.0,0.0,1.0,0.0,0.0,1.0,0.0,0.0,0.0,13.07,9.0,2181578
715,3867.0,1.0,1.0,0.0,0.0,0.0,0.0,1.0,0.0,1.0,14.02,3.0,2292422
716,1425.0,39.0,0.0,0.0,1.0,0.0,1.0,0.0,0.0,1.0,18.37,5.0,1329684
717,2506.75,14.0,1.0,0.0,0.0,0.0,0.0,1.0,0.0,1.0,3.08,5.0,3194367
718,2249.0,31.0,1.0,1.0,0.0,0.0,1.0,0.0,0.0,1.0,7.58,5.0,2082899
719,2116.0,38.0,1.0,0.0,0.0,1.0,0.0,0.0,0.0,0.0,28.01,4.0,1117735
720,3746.0,5.0,1.0,0.0,1.0,0.0,0.0,0.0,0.0,0.0,27.34,2.0,1805624
721,1012.0,0.0,0.0,0.0,0.0,1.0,0.0,0.0,0.0,1.0,23.66,6.0,2326443
722,4047.0,46.0,1.0,0.0,1.0,0.0,0.0,1.0,0.0,1.0,1.56,5.0,2168795
723,4091.0,22.0,1.0,0.0,0.0,0.0,0.0,1.0,0.0,1.0,10.48,3.0,2170225
724,1328.0,38.0,1.0,0.0,0.0,0.0,1.0,0.0,0.0,1.0,19.21,7.0,2501271
725,3948.0,16.0,1.0,1.0,0.0,0.0,0.0,0.0,1.0,1.0,8.98,5.0,1886770
726,2506.75,33.0,1.0,1.0,0.0,0.0,0.0,0.0,1.0,1.0,27.38,4.0,1074523
727,3408.0,40.0,0.0,1.0,0.0,0.0,0.0,1.0,0.0,1.0,19.38,2.0,691097
728,1275.0,28.0,0.0,0.0,1.0,0.0,0.0,1.0,0.0,1.0,3.09,5.0,1807057
729,4065.0,8.0,1.0,1.0,0.0,0.0,0.0,1.0,0.0,1.0,27.36,7.0,2265327
730,2492.0,12.0,1.0,0.0,0.0,0.0,0.0,0.0,1.0,1.0,28.78,7.0,2365759
731,3104.0,25.0,1.0,0.0,0.0,1.0,0.0,1.0,0.0,0.0,3.25,7.0,2959954
732,3567.0,5.0,1.0,0.0,0.0,1.0,0.0,1.0,0.0,1.0,16.44,2.0,2030332
733,2839.0,19.0,1.0,0.0,1.0,0.0,0.0,1.0,0.0,0.0,9.8,5.0,2206152
734,3386.0,2.0,1.0,0.0,0.0,1.0,0.0,1.0,0.0,1.0,12.39,7.0,2702520
735,4360.0,16.0,1.0,0.0,0.0,0.0,1.0,0.0,0.0,1.0,6.21,8.0,3566412
736,1722.0,48.0,1.0,0.0,0.0,1.0,0.0,0.0,0.0,1.0,17.76,3.0,1342632
737,2171.0,11.0,1.0,1.0,0.0,0.0,0.0,1.0,0.0,1.0,28.78,5.0,1621724
738,1577.0,47.0,1.0,0.0,0.0,1.0,1.0,0.0,0.0,0.0,15.59,2.0,720203
739,1608.0,46.0,1.0,0.0,0.0,0.0,1.0,0.0,0.0,1.0,3.4,4.0,2032165
740,2743.0,44.0,1.0,0.0,0.0,0.0,0.0,1.0,0.0,0.0,18.98,4.0,1735826
741,2287.0,0.0,1.0,0.0,0.0,0.0,0.0,0.0,0.0,0.0,10.87,6.0,2860488
742,3310.0,16.0,1.0,0.0,0.0,1.0,0.0,1.0,0.0,1.0,25.82,9.0,3302081
743,3861.0,2.0,1.0,0.0,1.0,0.0,1.0,0.0,0.0,1.0,13.61,2.0,1582126
744,4407.0,25.0,1.0,0.0,1.0,0.0,0.0,0.0,0.0,0.0,6.59,5.0,2581570
745,636.0,14.0,0.0,0.0,1.0,0.0,0.0,1.0,0.0,1.0,6.54,5.0,1476003
746,4451.0,35.0,1.0,0.0,0.0,1.0,0.0,1.0,0.0,0.0,23.29,3.0,1617727
747,4040.0,31.0,1.0,1.0,0.0,0.0,0.0,1.0,0.0,1.0,8.7,7.0,2659673
748,4366.0,31.0,1.0,0.0,0.0,0.0,1.0,0.0,0.0,1.0,23.25,6.0,2716540
749,2148.0,3.0,0.0,0.0,0.0,1.0,0.0,1.0,0.0,1.0,6.97,2.0,1362611
750,2926.0,17.0,0.0,1.0,0.0,0.0,0.0,1.0,0.0,1.0,10.33,5.0,1827106
751,2864.0,48.0,1.0,0.0,0.0,0.0,0.0,0.0,0.0,0.0,14.5,9.0,3062289
752,3514.0,18.0,1.0,0.0,0.0,0.0,0.0,1.0,0.0,1.0,28.35,7.0,2478926
753,1472.0,42.0,0.0,1.0,0.0,0.0,0.0,1.0,0.0,0.0,28.02,7.0,1189895
754,2421.0,34.0,0.0,0.0,0.0,1.0,0.0,1.0,0.0,1.0,7.0,6.0,2399329
755,1896.0,39.0,1.0,0.0,1.0,0.0,0.0,0.0,0.0,1.0,11.39,8.0,2690410
756,2709.0,13.0,1.0,0.0,0.0,0.0,0.0,0.0,0.0,1.0,5.33,4.0,2603171
757,2506.75,32.0,1.0,0.0,1.0,0.0,0.0,1.0,0.0,1.0,15.79,8.0,2596524
758,2503.0,13.0,0.0,0.0,0.0,1.0,0.0,1.0,0.0,1.0,14.36,4.0,1895551
759,1328.0,33.0,1.0,0.0,0.0,0.0,0.0,1.0,0.0,1.0,27.12,6.0,2055156
760,1965.0,25.0,1.0,0.0,1.0,0.0,0.0,1.0,0.0,0.0,27.97,7.0,2313463
761,996.0,23.0,1.0,0.0,0.0,0.0,1.0,0.0,0.0,1.0,12.12,5.0,2291397
762,1298.0,28.0,0.0,0.0,0.0,1.0,0.0,1.0,0.0,1.0,15.26,9.0,2446596
763,3690.0,18.0,0.0,0.0,0.0,0.0,1.0,0.0,0.0,0.0,26.99,7.0,2421866
764,2824.0,5.0,1.0,0.0,0.0,0.0,0.0,0.0,0.0,0.0,24.39,7.0,3175325
765,2235.0,32.0,0.0,0.0,0.0,1.0,1.0,0.0,0.0,1.0,1.11,9.0,2545652
766,995.0,48.0,1.0,0.0,0.0,0.0,0.0,0.0,0.0,1.0,10.28,2.0,1478372
767,3092.0,39.0,0.0,1.0,0.0,0.0,0.0,1.0,0.0,0.0,13.23,5.0,1668898
768,2506.75,18.0,1.0,0.0,0.0,0.0,0.0,1.0,0.0,0.0,7.66,7.0,3285103
769,675.0,0.0,1.0,0.0,0.0,1.0,0.0,1.0,0.0,1.0,6.79,7.0,2747192
770,864.0,4.0,0.0,0.0,0.0,0.0,1.0,0.0,0.0,1.0,2.1,7.0,2547524
771,3102.0,26.0,1.0,0.0,0.0,1.0,0.0,1.0,0.0,0.0,19.66,5.0,1732730
772,2419.0,15.0,0.0,1.0,0.0,0.0,0.0,0.0,1.0,1.0,8.61,6.0,1774377
773,1317.0,5.0,1.0,0.0,0.0,0.0,0.0,1.0,0.0,0.0,2.52,5.0,2398092
774,3382.0,39.0,1.0,1.0,0.0,0.0,0.0,1.0,0.0,1.0,7.7,6.0,2141851
775,4055.0,12.0,1.0,0.0,0.0,0.0,0.0,1.0,0.0,0.0,24.26,6.0,3199645
776,4235.0,47.0,1.0,0.0,1.0,0.0,1.0,0.0,0.0,1.0,25.69,8.0,2291855
777,1450.0,34.0,1.0,0.0,0.0,1.0,1.0,0.0,0.0,1.0,15.01,3.0,793134
778,4177.0,18.0,1.0,1.0,0.0,0.0,0.0,1.0,0.0,0.0,13.07,5.0,2496943
779,2506.75,11.0,1.0,0.0,0.0,1.0,0.0,0.0,0.0,1.0,29.36,5.0,2312789
780,743.0,15.0,1.0,0.0,0.0,1.0,0.0,1.0,0.0,1.0,6.82,3.0,1277545
781,1484.0,42.0,0.0,0.0,0.0,0.0,0.0,1.0,0.0,1.0,7.25,5.0,2055463
782,9350.0,9.0,0.0,0.0,0.0,0.0,0.0,1.0,0.0,1.0,9.46,6.0,5866954
783,3770.0,24.0,1.0,1.0,0.0,0.0,0.0,0.0,1.0,1.0,6.01,3.0,1475910
784,995.0,19.0,0.0,0.0,0.0,1.0,0.0,0.0,0.0,0.0,12.0,6.0,2290923
785,3696.0,30.0,1.0,0.0,0.0,1.0,0.0,1.0,0.0,1.0,27.41,6.0,1895520
786,3595.0,3.0,1.0,0.0,1.0,0.0,1.0,0.0,0.0,1.0,18.85,9.0,3502423
787,3538.0,43.0,0.0,0.0,0.0,1.0,0.0,1.0,0.0,1.0,12.95,4.0,1641569
788,2092.0,22.0,0.0,1.0,0.0,0.0,1.0,0.0,0.0,0.0,28.1,6.0,1664761
789,4155.0,1.0,1.0,0.0,1.0,0.0,0.0,0.0,0.0,0.0,2.41,5.0,2779096
790,4236.0,21.0,0.0,0.0,0.0,1.0,1.0,0.0,0.0,1.0,7.1,7.0,2430413
791,3822.0,36.0,1.0,1.0,0.0,0.0,0.0,1.0,0.0,1.0,17.41,4.0,1861431
792,1767.0,7.0,0.0,0.0,0.0,0.0,1.0,0.0,0.0,0.0,18.85,7.0,2573673
793,3216.0,6.0,1.0,0.0,0.0,1.0,0.0,1.0,0.0,1.0,2.15,6.0,3065001
794,1662.0,13.0,1.0,0.0,0.0,1.0,0.0,1.0,0.0,0.0,12.69,4.0,1788818
795,2756.0,2.0,1.0,0.0,0.0,0.0,0.0,1.0,0.0,0.0,19.83,9.0,3291799
796,4364.0,49.0,1.0,0.0,1.0,0.0,0.0,1.0,0.0,0.0,21.24,4.0,1604754
797,1665.0,15.0,1.0,1.0,0.0,0.0,0.0,0.0,0.0,1.0,19.51,3.0,1436047
798,1809.0,18.0,0.0,0.0,0.0,1.0,0.0,0.0,1.0,0.0,10.3,6.0,1517203
799,3582.0,17.0,1.0,0.0,0.0,1.0,1.0,0.0,0.0,0.0,3.71,5.0,2207393
800,3045.0,15.0,1.0,1.0,0.0,0.0,1.0,0.0,0.0,0.0,13.39,6.0,1933447
801,3894.0,7.0,1.0,0.0,0.0,1.0,0.0,0.0,0.0,1.0,4.73,7.0,3546998
802,1233.0,32.0,1.0,0.0,0.0,1.0,0.0,1.0,0.0,1.0,28.48,9.0,2279750
803,1756.0,48.0,1.0,0.0,0.0,1.0,0.0,1.0,0.0,1.0,14.78,3.0,1277333
804,3834.0,11.0,1.0,1.0,0.0,0.0,0.0,1.0,0.0,1.0,10.2,8.0,3111047
805,1838.0,10.0,1.0,0.0,0.0,1.0,1.0,0.0,0.0,0.0,23.22,6.0,1616868
806,1332.0,4.0,1.0,0.0,1.0,0.0,1.0,0.0,0.0,1.0,15.44,8.0,2841484
807,834.0,26.0,1.0,1.0,0.0,0.0,1.0,0.0,0.0,1.0,9.99,9.0,2477438
808,3305.0,11.0,0.0,0.0,0.0,1.0,0.0,1.0,0.0,1.0,24.55,5.0,2041745
809,1350.0,16.0,0.0,0.0,0.0,1.0,1.0,0.0,0.0,0.0,26.15,3.0,629731
810,3235.0,5.0,1.0,1.0,0.0,0.0,0.0,0.0,1.0,0.0,20.52,8.0,2315737
811,3680.0,32.0,1.0,0.0,0.0,1.0,0.0,0.0,0.0,1.0,2.36,7.0,2885469
812,3745.0,4.0,1.0,0.0,1.0,0.0,0.0,0.0,0.0,1.0,17.42,5.0,2635879
813,1553.0,27.0,1.0,1.0,0.0,0.0,1.0,0.0,0.0,1.0,23.14,2.0,1067477
814,3139.0,13.0,1.0,0.0,1.0,0.0,1.0,0.0,0.0,0.0,4.96,5.0,1883546
815,3560.0,4.0,1.0,0.0,1.0,0.0,0.0,0.0,1.0,0.0,7.63,6.0,2450376
816,3924.0,32.0,1.0,1.0,0.0,0.0,0.0,1.0,0.0,0.0,26.59,8.0,2315116
817,3901.0,49.0,1.0,1.0,0.0,0.0,0.0,0.0,0.0,1.0,1.58,7.0,2365424
818,2142.0,25.0,1.0,0.0,0.0,1.0,1.0,0.0,0.0,0.0,22.83,6.0,1374070
819,1797.0,40.0,0.0,0.0,0.0,0.0,1.0,0.0,0.0,1.0,14.74,5.0,1610376
820,2276.0,25.0,0.0,0.0,0.0,1.0,0.0,1.0,0.0,0.0,13.96,5.0,1534884
821,1791.0,21.0,1.0,0.0,1.0,0.0,0.0,1.0,0.0,1.0,1.21,2.0,1631013
822,2817.0,4.0,1.0,0.0,0.0,1.0,0.0,0.0,1.0,0.0,24.76,6.0,1933576
823,2016.0,1.0,0.0,0.0,1.0,0.0,0.0,1.0,0.0,1.0,11.43,7.0,2636137
824,3593.0,29.0,0.0,0.0,0.0,1.0,1.0,0.0,0.0,0.0,16.68,6.0,2082734
825,2506.75,46.0,1.0,0.0,1.0,0.0,0.0,1.0,0.0,0.0,20.64,9.0,2886421
826,3281.0,38.0,1.0,0.0,0.0,0.0,0.0,1.0,0.0,1.0,21.38,6.0,2909768
827,1817.0,3.0,1.0,0.0,1.0,0.0,0.0,0.0,0.0,1.0,28.72,7.0,2501844
828,2140.0,32.0,1.0,0.0,0.0,1.0,0.0,1.0,0.0,0.0,16.41,7.0,2331610
829,2676.0,12.0,1.0,0.0,0.0,0.0,0.0,0.0,0.0,1.0,12.59,7.0,3152126
830,3836.0,19.0,1.0,0.0,0.0,1.0,0.0,1.0,0.0,1.0,28.66,6.0,2345853
831,2045.0,6.0,1.0,0.0,1.0,0.0,0.0,1.0,0.0,1.0,19.62,6.0,2322057
832,2986.0,14.0,1.0,0.0,0.0,1.0,0.0,1.0,0.0,0.0,9.65,5.0,2202368
833,4319.0,22.0,0.0,0.0,0.0,0.0,0.0,0.0,0.0,1.0,4.67,4.0,2426081
834,2119.0,13.0,1.0,1.0,0.0,0.0,0.0,0.0,0.0,1.0,25.43,5.0,2077127
835,1988.0,22.0,1.0,0.0,1.0,0.0,0.0,0.0,1.0,1.0,11.5,2.0,1036884
836,2506.75,18.0,1.0,1.0,0.0,0.0,0.0,0.0,0.0,1.0,20.15,4.0,1656525
837,1965.0,28.0,1.0,0.0,0.0,1.0,0.0,0.0,0.0,0.0,14.65,2.0,1383088
838,1099.0,19.0,0.0,0.0,0.0,1.0,0.0,1.0,0.0,0.0,6.77,4.0,1348119
839,2280.0,28.0,1.0,1.0,0.0,0.0,1.0,0.0,0.0,0.0,18.45,6.0,1745652
840,1110.0,23.0,1.0,0.0,0.0,1.0,0.0,0.0,0.0,1.0,2.76,4.0,1708271
841,3998.0,17.0,0.0,0.0,1.0,0.0,0.0,0.0,0.0,0.0,12.99,4.0,2273366
842,816.0,9.0,1.0,0.0,0.0,1.0,1.0,0.0,0.0,1.0,16.85,8.0,2670505
843,1924.0,40.0,0.0,0.0,0.0,1.0,0.0,0.0,0.0,1.0,13.65,5.0,1836409
844,1755.0,7.0,1.0,0.0,0.0,0.0,0.0,0.0,1.0,0.0,22.71,6.0,2142425
845,6067.5,25.0,1.0,0.0,0.0,0.0,1.0,0.0,0.0,0.0,25.01,5.0,3837140
846,3741.0,28.0,1.0,0.0,0.0,0.0,0.0,1.0,0.0,0.0,23.37,6.0,2605498
847,3923.0,25.0,1.0,0.0,0.0,0.0,0.0,1.0,0.0,0.0,2.13,5.0,2873733
848,4086.0,16.0,0.0,1.0,0.0,0.0,0.0,1.0,0.0,1.0,6.63,7.0,2774988
849,2410.0,1.0,0.0,0.0,0.0,0.0,0.0,0.0,1.0,1.0,16.56,7.0,2725087
850,3092.0,5.0,1.0,0.0,1.0,0.0,0.0,0.0,0.0,0.0,28.11,7.0,3051202
851,3523.0,4.0,1.0,1.0,0.0,0.0,0.0,0.0,1.0,1.0,25.21,7.0,2207449
852,1805.0,27.0,0.0,0.0,0.0,1.0,1.0,0.0,0.0,1.0,25.43,4.0,1172107
853,2814.0,40.0,0.0,0.0,0.0,0.0,0.0,0.0,1.0,0.0,9.79,4.0,1265972
854,690.0,4.0,1.0,0.0,1.0,0.0,0.0,1.0,0.0,0.0,13.45,4.0,1809973
855,1313.0,17.0,1.0,0.0,1.0,0.0,0.0,0.0,0.0,1.0,14.65,3.0,1770916
856,2481.0,25.0,1.0,0.0,1.0,0.0,0.0,1.0,0.0,0.0,5.56,3.0,1601787
857,4202.0,19.0,0.0,0.0,1.0,0.0,0.0,0.0,0.0,0.0,1.9,4.0,2255601
858,638.0,40.0,1.0,1.0,0.0,0.0,0.0,0.0,1.0,0.0,28.46,4.0,508505
859,3797.0,48.0,1.0,0.0,0.0,1.0,0.0,1.0,0.0,1.0,7.98,6.0,2220578
860,4122.0,26.0,0.0,0.0,0.0,1.0,0.0,1.0,0.0,1.0,7.96,5.0,2439281
861,772.0,48.0,1.0,0.0,1.0,0.0,0.0,1.0,0.0,1.0,3.42,2.0,902367
862,1252.0,25.0,1.0,0.0,0.0,0.0,0.0,0.0,1.0,1.0,27.93,5.0,1943354
863,2506.75,6.0,1.0,1.0,0.0,0.0,0.0,1.0,0.0,1.0,17.81,6.0,2424171
864,1843.0,2.0,1.0,0.0,0.0,0.0,0.0,1.0,0.0,1.0,20.34,2.0,1518908
865,4309.0,9.0,1.0,0.0,0.0,1.0,0.0,1.0,0.0,1.0,27.44,9.0,3206475
866,1681.0,33.0,1.0,1.0,0.0,0.0,0.0,1.0,0.0,0.0,11.02,9.0,2463681
867,2283.0,24.0,1.0,0.0,0.0,1.0,1.0,0.0,0.0,1.0,19.02,4.0,1668642
868,3123.0,34.0,1.0,0.0,0.0,1.0,0.0,1.0,0.0,0.0,2.13,7.0,2912554
869,1055.0,15.0,0.0,0.0,0.0,1.0,1.0,0.0,0.0,0.0,6.42,3.0,957464
870,1428.0,1.0,0.0,1.0,0.0,0.0,0.0,0.0,0.0,1.0,25.11,8.0,2462423
871,1494.0,23.0,1.0,0.0,0.0,1.0,0.0,1.0,0.0,0.0,23.24,6.0,1965518
872,1984.0,9.0,1.0,1.0,0.0,0.0,1.0,0.0,0.0,0.0,11.17,6.0,1851475
873,2558.0,37.0,1.0,0.0,0.0,0.0,0.0,0.0,0.0,1.0,11.93,4.0,2129225
874,2506.75,21.0,1.0,0.0,1.0,0.0,0.0,1.0,0.0,0.0,16.47,5.0,2051006
875,3034.0,25.0,1.0,1.0,0.0,0.0,0.0,0.0,1.0,1.0,1.01,8.0,2488074
876,2596.0,42.0,1.0,0.0,0.0,0.0,0.0,1.0,0.0,0.0,8.0,7.0,2155775
877,2995.0,38.0,1.0,0.0,0.0,1.0,1.0,0.0,0.0,1.0,7.04,6.0,2439187
878,789.0,26.0,1.0,0.0,0.0,0.0,0.0,0.0,0.0,0.0,8.26,7.0,2994249
879,1104.0,28.0,1.0,0.0,1.0,0.0,0.0,0.0,0.0,1.0,24.37,7.0,2419343
880,1814.0,46.0,1.0,0.0,0.0,1.0,0.0,0.0,0.0,0.0,9.11,7.0,2015429
881,2131.0,37.0,1.0,0.0,1.0,0.0,0.0,1.0,0.0,1.0,6.55,6.0,2124913
882,4040.0,19.0,1.0,0.0,0.0,0.0,0.0,1.0,0.0,0.0,15.62,7.0,2966068
883,4080.0,26.0,1.0,0.0,0.0,0.0,0.0,1.0,0.0,0.0,26.1,5.0,1948262
884,1423.0,40.0,0.0,0.0,0.0,0.0,1.0,0.0,0.0,1.0,8.0,9.0,2735167
885,1528.0,19.0,0.0,0.0,0.0,1.0,0.0,1.0,0.0,0.0,3.28,5.0,1859379
886,1533.0,43.0,1.0,0.0,0.0,1.0,0.0,1.0,0.0,1.0,11.34,7.0,1756522
887,1740.0,18.0,1.0,1.0,0.0,0.0,0.0,0.0,1.0,0.0,22.68,4.0,1105762
888,733.0,19.0,1.0,0.0,1.0,0.0,0.0,1.0,0.0,1.0,16.97,3.0,1578411
889,2705.0,34.0,1.0,0.0,0.0,1.0,0.0,0.0,0.0,0.0,24.69,5.0,2093933
890,4227.0,46.0,1.0,1.0,0.0,0.0,0.0,0.0,0.0,0.0,28.83,6.0,2346191
891,2506.75,1.0,0.0,0.0,1.0,0.0,0.0,0.0,1.0,1.0,23.99,6.0,1653971
892,2506.75,29.0,1.0,1.0,0.0,0.0,0.0,0.0,1.0,1.0,18.51,5.0,2175403
893,2820.0,33.0,0.0,0.0,0.0,1.0,1.0,0.0,0.0,1.0,15.31,3.0,1168819
894,2452.0,21.0,1.0,0.0,0.0,1.0,0.0,0.0,0.0,0.0,2.16,2.0,1518090
895,1414.0,2.0,1.0,0.0,0.0,0.0,1.0,0.0,0.0,1.0,29.55,6.0,2396330
896,1772.0,5.0,0.0,0.0,1.0,0.0,0.0,1.0,0.0,1.0,12.12,3.0,1469850
897,679.0,14.0,1.0,0.0,0.0,0.0,1.0,0.0,0.0,0.0,5.41,5.0,2092926
898,3533.0,26.0,1.0,0.0,0.0,1.0,0.0,1.0,0.0,1.0,20.33,4.0,1620978
899,3884.0,9.0,1.0,0.0,0.0,1.0,0.0,1.0,0.0,0.0,9.24,8.0,2886707
900,802.0,8.0,1.0,0.0,0.0,1.0,0.0,1.0,0.0,1.0,17.99,2.0,1471347
901,3411.0,32.0,0.0,0.0,1.0,0.0,1.0,0.0,0.0,1.0,18.02,5.0,1801120
902,1852.0,31.0,1.0,0.0,0.0,0.0,0.0,1.0,0.0,0.0,13.93,6.0,2403649
903,2299.0,47.0,0.0,0.0,0.0,1.0,1.0,0.0,0.0,1.0,25.25,6.0,1502358
904,1850.0,5.0,0.0,0.0,1.0,0.0,0.0,1.0,0.0,1.0,8.68,4.0,2048399
905,2282.0,40.0,0.0,1.0,0.0,0.0,0.0,0.0,0.0,0.0,14.01,4.0,1032326
906,2155.0,35.0,1.0,0.0,1.0,0.0,1.0,0.0,0.0,1.0,16.59,8.0,2426728
907,4112.0,1.0,1.0,1.0,0.0,0.0,0.0,0.0,0.0,0.0,20.25,7.0,2674189
908,4073.0,28.0,0.0,0.0,1.0,0.0,0.0,1.0,0.0,0.0,23.74,6.0,2176035
909,2694.0,3.0,1.0,0.0,0.0,1.0,1.0,0.0,0.0,1.0,12.45,5.0,2351162
910,1856.0,0.0,1.0,0.0,0.0,0.0,0.0,1.0,0.0,1.0,19.74,7.0,2688852
911,3976.0,18.0,1.0,0.0,1.0,0.0,1.0,0.0,0.0,0.0,5.37,6.0,2507233
912,2149.0,25.0,1.0,0.0,1.0,0.0,0.0,1.0,0.0,1.0,28.05,4.0,1255755
913,1766.0,24.0,1.0,0.0,1.0,0.0,0.0,1.0,0.0,1.0,12.11,7.0,2355856
914,4086.0,9.0,1.0,0.0,0.0,1.0,1.0,0.0,0.0,0.0,22.16,8.0,2844644
915,4184.0,14.0,1.0,0.0,0.0,1.0,0.0,1.0,0.0,1.0,1.59,5.0,2583181
916,1996.0,21.0,0.0,0.0,0.0,1.0,0.0,0.0,0.0,0.0,6.95,2.0,1132011
917,4237.0,47.0,1.0,0.0,0.0,1.0,0.0,0.0,0.0,1.0,15.13,8.0,2858858
918,3930.0,20.0,0.0,0.0,0.0,0.0,0.0,1.0,0.0,1.0,26.47,7.0,2587170
919,3303.0,21.0,1.0,1.0,0.0,0.0,0.0,0.0,0.0,1.0,16.29,7.0,2509412
920,1070.0,35.0,0.0,0.0,0.0,0.0,0.0,1.0,0.0,0.0,27.97,3.0,1001372
921,3618.0,33.0,1.0,0.0,0.0,0.0,0.0,1.0,0.0,0.0,15.03,5.0,1923709
922,1635.0,25.0,0.0,0.0,0.0,1.0,0.0,0.0,0.0,0.0,15.22,7.0,2324895
923,1953.0,24.0,1.0,0.0,1.0,0.0,0.0,1.0,0.0,1.0,4.47,7.0,2715821
924,3383.0,44.0,0.0,0.0,0.0,1.0,0.0,1.0,0.0,1.0,24.28,9.0,2349579
925,8577.5,27.0,1.0,0.0,0.0,1.0,0.0,1.0,0.0,1.0,8.16,3.0,3358848
926,2506.75,0.0,0.0,0.0,0.0,1.0,0.0,0.0,0.0,1.0,27.09,6.0,2201637
927,957.0,48.0,0.0,0.0,0.0,1.0,0.0,0.0,0.0,0.0,27.41,6.0,1632583
928,3619.0,44.0,1.0,1.0,0.0,0.0,0.0,1.0,0.0,0.0,28.36,5.0,1368278
929,4079.0,3.0,1.0,1.0,0.0,0.0,1.0,0.0,0.0,1.0,16.09,8.0,3181588
930,1267.0,6.0,0.0,0.0,0.0,1.0,0.0,1.0,0.0,0.0,20.64,6.0,1764646
931,972.0,48.0,1.0,0.0,0.0,1.0,0.0,1.0,0.0,1.0,23.58,3.0,1076590
932,1631.0,8.0,0.0,0.0,1.0,0.0,1.0,0.0,0.0,0.0,4.8,6.0,1924898
933,1745.0,35.0,1.0,0.0,0.0,0.0,0.0,1.0,0.0,1.0,18.43,6.0,2467984
934,1971.0,18.0,1.0,0.0,0.0,1.0,0.0,1.0,0.0,1.0,1.99,5.0,1907733
935,3323.0,0.0,0.0,0.0,0.0,1.0,1.0,0.0,0.0,1.0,15.43,5.0,1998107
936,689.0,9.0,1.0,1.0,0.0,0.0,1.0,0.0,0.0,1.0,5.49,5.0,1660303
937,4319.0,25.0,0.0,0.0,0.0,0.0,1.0,0.0,0.0,0.0,6.3,4.0,2083073
938,3345.0,8.0,1.0,0.0,0.0,1.0,0.0,0.0,0.0,1.0,11.59,4.0,2598840
939,3987.0,44.0,1.0,0.0,1.0,0.0,1.0,0.0,0.0,1.0,13.54,7.0,2732225
940,3849.0,45.0,1.0,0.0,0.0,1.0,1.0,0.0,0.0,0.0,19.07,2.0,938285
941,1139.0,41.0,1.0,0.0,0.0,0.0,0.0,1.0,0.0,0.0,3.16,5.0,1929000
942,3379.0,31.0,1.0,1.0,0.0,0.0,1.0,0.0,0.0,0.0,15.61,5.0,1664346
943,1468.0,31.0,1.0,0.0,0.0,1.0,0.0,0.0,1.0,1.0,6.3,4.0,1447849
944,640.0,5.0,1.0,0.0,1.0,0.0,1.0,0.0,0.0,0.0,17.65,7.0,2074517
945,1339.0,25.0,1.0,0.0,0.0,0.0,0.0,1.0,0.0,0.0,19.48,5.0,1786116
946,4375.0,37.0,0.0,0.0,0.0,1.0,0.0,1.0,0.0,1.0,17.14,2.0,1213458
947,2546.0,16.0,1.0,0.0,0.0,1.0,0.0,1.0,0.0,1.0,22.41,5.0,1717439
948,3149.0,9.0,1.0,0.0,0.0,0.0,0.0,1.0,0.0,1.0,10.73,6.0,3029110
949,3606.0,49.0,1.0,0.0,0.0,0.0,0.0,0.0,0.0,1.0,23.19,7.0,2845120
950,3816.0,26.0,1.0,1.0,0.0,0.0,0.0,1.0,0.0,1.0,13.55,5.0,2085432
951,1824.0,49.0,0.0,0.0,0.0,0.0,1.0,0.0,0.0,1.0,15.04,3.0,1278745
952,2506.75,34.0,1.0,0.0,0.0,0.0,1.0,0.0,0.0,0.0,19.79,2.0,951735
953,2636.0,20.0,1.0,0.0,0.0,1.0,0.0,1.0,0.0,0.0,1.53,5.0,2058967
954,4395.0,24.0,1.0,0.0,1.0,0.0,0.0,1.0,0.0,0.0,19.97,2.0,1200764
955,3108.0,27.0,1.0,0.0,0.0,0.0,1.0,0.0,0.0,0.0,18.94,9.0,3364156
956,3379.0,46.0,0.0,0.0,0.0,1.0,0.0,1.0,0.0,1.0,9.99,3.0,1590688
957,3399.0,14.0,1.0,0.0,0.0,0.0,0.0,0.0,1.0,0.0,3.49,8.0,3138776
958,1524.0,3.0,0.0,0.0,0.0,0.0,0.0,1.0,0.0,0.0,3.64,6.0,2327906
959,3556.0,28.0,1.0,0.0,0.0,0.0,0.0,1.0,0.0,1.0,27.77,6.0,2370734
960,2181.0,25.0,1.0,1.0,0.0,0.0,1.0,0.0,0.0,0.0,20.99,5.0,1435141
961,4218.0,26.0,0.0,0.0,0.0,0.0,0.0,1.0,0.0,0.0,4.69,6.0,2743618
962,3924.0,25.0,1.0,0.0,0.0,0.0,1.0,0.0,0.0,1.0,11.34,5.0,2537954
963,989.0,18.0,1.0,0.0,0.0,1.0,0.0,1.0,0.0,0.0,18.18,5.0,1338109
964,2217.0,27.0,1.0,1.0,0.0,0.0,0.0,0.0,1.0,1.0,25.23,5.0,1574755
965,3530.0,16.0,1.0,0.0,0.0,1.0,0.0,0.0,0.0,1.0,2.27,5.0,2710186
966,855.0,42.0,1.0,0.0,0.0,1.0,1.0,0.0,0.0,1.0,7.86,8.0,2148373
967,1308.0,40.0,1.0,0.0,0.0,0.0,0.0,0.0,0.0,0.0,26.8,4.0,1514768
968,2438.0,41.0,1.0,0.0,0.0,1.0,0.0,1.0,0.0,0.0,1.27,6.0,1955461
969,2506.75,49.0,1.0,0.0,0.0,1.0,0.0,1.0,0.0,0.0,6.84,7.0,2474000
970,3097.0,19.0,1.0,0.0,0.0,1.0,1.0,0.0,0.0,1.0,28.81,4.0,1536754
971,1522.5,44.0,1.0,0.0,0.0,1.0,0.0,0.0,0.0,1.0,18.79,4.0,2122604
972,3471.0,39.0,1.0,0.0,0.0,1.0,1.0,0.0,0.0,0.0,8.59,3.0,1470735
973,1397.0,38.0,1.0,0.0,0.0,0.0,1.0,0.0,0.0,0.0,2.94,3.0,1756271
974,3913.0,48.0,0.0,0.0,0.0,1.0,0.0,1.0,0.0,1.0,1.82,5.0,1814852
975,3922.0,22.0,1.0,0.0,0.0,0.0,0.0,0.0,1.0,1.0,8.1,6.0,2884328
976,1476.0,46.0,1.0,0.0,1.0,0.0,1.0,0.0,0.0,0.0,26.56,8.0,1608977
977,1628.0,31.0,1.0,1.0,0.0,0.0,0.0,0.0,0.0,0.0,13.06,4.0,1548071
978,3790.0,46.0,1.0,1.0,0.0,0.0,0.0,0.0,0.0,1.0,21.89,6.0,2207281
979,1615.0,32.0,1.0,1.0,0.0,0.0,0.0,1.0,0.0,1.0,27.63,7.0,2147812
980,2424.0,45.0,1.0,0.0,1.0,0.0,0.0,0.0,0.0,0.0,12.83,7.0,2226848
981,973.0,4.0,1.0,0.0,1.0,0.0,0.0,1.0,0.0,0.0,6.55,7.0,2709180
982,3736.0,42.0,1.0,0.0,0.0,1.0,1.0,0.0,0.0,1.0,16.0,8.0,2514605
983,2793.0,47.0,1.0,0.0,1.0,0.0,0.0,1.0,0.0,1.0,27.33,5.0,1759743
984,823.0,33.0,0.0,0.0,0.0,1.0,0.0,1.0,0.0,0.0,24.33,5.0,1211727
985,1862.0,39.0,1.0,0.0,0.0,1.0,0.0,0.0,0.0,1.0,2.91,6.0,2226504
986,2824.0,10.0,1.0,0.0,1.0,0.0,1.0,0.0,0.0,1.0,21.08,7.0,2381400
987,2402.0,49.0,0.0,0.0,0.0,1.0,0.0,1.0,0.0,1.0,17.59,5.0,1470430
988,1452.0,2.0,1.0,0.0,0.0,1.0,0.0,0.0,1.0,1.0,27.32,5.0,2017169
989,3953.0,32.0,1.0,1.0,0.0,0.0,1.0,0.0,0.0,0.0,4.55,3.0,1765993
990,662.0,10.0,1.0,0.0,0.0,0.0,0.0,0.0,1.0,1.0,16.49,5.0,1883594
991,4600.0,15.0,0.0,0.0,0.0,1.0,0.0,0.0,0.0,0.0,26.5,5.0,3234216
992,3474.0,17.0,0.0,1.0,0.0,0.0,0.0,0.0,0.0,1.0,12.89,6.0,2319957
993,3442.0,29.0,1.0,0.0,1.0,0.0,0.0,1.0,0.0,1.0,14.98,7.0,2854999
994,1288.0,47.0,1.0,0.0,0.0,1.0,0.0,1.0,0.0,1.0,3.04,6.0,1874060
995,2084.0,9.0,0.0,0.0,0.0,0.0,1.0,0.0,0.0,0.0,9.07,5.0,1969525
996,2233.0,17.0,1.0,0.0,0.0,1.0,1.0,0.0,0.0,0.0,10.41,7.0,2494616
997,2752.0,37.0,1.0,1.0,0.0,0.0,1.0,0.0,0.0,1.0,28.41,7.0,1487853
998,3770.0,18.0,1.0,0.0,0.0,1.0,0.0,1.0,0.0,0.0,9.2,4.0,1895261
999,1110.0,35.0,1.0,0.0,0.0,1.0,0.0,1.0,0.0,0.0,14.37,4.0,1368630
1000,635.0,41.0,1.0,1.0,0.0,0.0,0.0,1.0,0.0,0.0,6.17,9.0,2164723
1001,2171.0,11.0,1.0,1.0,0.0,0.0,0.0,1.0,0.0,1.0,28.78,5.0,1621724
1002,2743.0,44.0,1.0,0.0,0.0,0.0,0.0,1.0,0.0,0.0,18.98,4.0,1735826
1003,3894.0,46.0,1.0,0.0,0.0,0.0,0.0,0.0,0.0,1.0,12.56,6.0,2814131
1004,1415.0,48.0,1.0,0.0,0.0,1.0,0.0,0.0,0.0,0.0,8.79,6.0,1835084
1005,1451.0,47.0,1.0,0.0,0.0,0.0,1.0,0.0,0.0,1.0,23.45,4.0,1541270
1006,2279.0,36.0,1.0,0.0,0.0,1.0,0.0,1.0,0.0,0.0,29.98,7.0,1692208
1007,2441.0,43.0,1.0,0.0,1.0,0.0,1.0,0.0,0.0,0.0,12.91,6.0,1864690
1008,3797.0,48.0,1.0,0.0,0.0,1.0,0.0,1.0,0.0,1.0,7.98,6.0,2220578
1009,6567.5,7.0,1.0,1.0,0.0,0.0,0.0,0.0,0.0,1.0,9.79,5.0,4731872
1010,3680.0,32.0,1.0,0.0,0.0,1.0,0.0,0.0,0.0,1.0,2.36,7.0,2885469
1011,1963.0,33.0,1.0,0.0,0.0,0.0,0.0,0.0,0.0,1.0,12.67,4.0,2380256
1012,2741.0,23.0,1.0,0.0,1.0,0.0,1.0,0.0,0.0,1.0,26.56,2.0,952034
1013,1397.0,38.0,1.0,0.0,0.0,0.0,1.0,0.0,0.0,0.0,2.94,3.0,1756271
1014,3345.0,8.0,1.0,0.0,0.0,1.0,0.0,0.0,0.0,1.0,11.59,4.0,2598840
1015,3884.0,9.0,1.0,0.0,0.0,1.0,0.0,1.0,0.0,0.0,9.24,8.0,2886707
1016,1298.0,43.0,1.0,0.0,1.0,0.0,0.0,1.0,0.0,1.0,25.84,5.0,1718027
1017,4080.0,26.0,1.0,0.0,0.0,0.0,0.0,1.0,0.0,0.0,26.1,5.0,1948262
1018,996.0,23.0,1.0,0.0,0.0,0.0,1.0,0.0,0.0,1.0,12.12,5.0,2291397
1019,1747.0,25.0,1.0,0.0,0.0,1.0,1.0,0.0,0.0,1.0,29.91,3.0,974569
